{
"type": "FeatureCollection",
"name": "buildings",
"crs": { "type": "name", "properties": { "name": "urn:ogc:def:crs:EPSG::27700" } },
"features": [
{ "type": "Feature", "properties": { "uuid": "0bf0564e-1a57-447e-9d5a-87927e43432f" }, "geometry": { "type": "Polygon", "coordinates": [ [ [ 286201.632905874808785, 78575.708638625626918 ], [ 286195.293735993967857, 78581.149643212469527 ], [ 286202.316719327121973, 78589.709841261123074 ], [ 286208.65588551806286, 78584.268853864370612 ], [ 286201.632905874808785, 78575.708638625626918 ] ] ] } },
{ "type": "Feature", "properties": { "uuid": "b1f2c3bb-8f57-40f8-a7d7-ae517526bb4b" }, "geometry": { "type": "Polygon", "coordinates": [ [ [ 286217.422702714568004, 78550.0 ], [ 286221.286537771171425, 78553.689624812745024 ], [ 286224.828995017858688, 78550.0 ], [ 286217.422702714568004, 78550.0 ] ] ] } },
{ "type": "Feature", "properties": { "uuid": "65d60268-8856-46ab-9290-582737a16367" }, "geometry": { "type": "Polygon", "coordinates": [ [ [ 286447.358897524070926, 78556.742317848926177 ], [ 286446.086323876807, 78568.134263080341043 ], [ 286451.418006311054341, 78568.776385249831947 ], [ 286452.690591272898018, 78557.384443109069252 ], [ 286447.358897524070926, 78556.742317848926177 ] ] ] } },
{ "type": "Feature", "properties": { "uuid": "69f7f5d4-7fbc-4129-9c6e-cd448d082c98" }, "geometry": { "type": "Polygon", "coordinates": [ [ [ 286596.888082214340102, 78708.815990030241664 ], [ 286589.368767459702212, 78712.387895915104309 ], [ 286592.165601309330668, 78718.766996510792524 ], [ 286599.684908527415246, 78715.195098687807331 ], [ 286596.888082214340102, 78708.815990030241664 ] ] ] } },
{ "type": "Feature", "properties": { "uuid": "1f435f81-93e3-4ed9-ae0e-68685188e323" }, "geometry": { "type": "Polygon", "coordinates": [ [ [ 286602.667625658214092, 78695.054077940585557 ], [ 286597.781283325399272, 78697.432609640847659 ], [ 286602.550101517699659, 78707.178283274086425 ], [ 286607.428245439368766, 78704.421135671989759 ], [ 286602.667625658214092, 78695.054077940585557 ] ] ] } },
{ "type": "Feature", "properties": { "uuid": "920aa41f-bbce-48b2-8921-648116a0876b" }, "geometry": { "type": "Polygon", "coordinates": [ [ [ 286642.671960258041508, 78788.509669254883192 ], [ 286634.499901488074102, 78797.019915662880521 ], [ 286637.990416633663699, 78800.353571998712141 ], [ 286646.542121779755689, 78791.835125718906056 ], [ 286642.671960258041508, 78788.509669254883192 ] ] ] } },
{ "type": "Feature", "properties": { "uuid": "7901b861-af5c-4c63-aaa4-4dcf8b841123" }, "geometry": { "type": "Polygon", "coordinates": [ [ [ 286649.265151948260609, 78794.806596163660288 ], [ 286640.374746633751784, 78805.226330820238218 ], [ 286646.951544039766304, 78810.766000662755687 ], [ 286656.213410137163009, 78799.959460629528621 ], [ 286649.265151948260609, 78794.806596163660288 ] ] ] } },
{ "type": "Feature", "properties": { "uuid": "b2f84e93-28a2-488d-9437-c1c50433f50d" }, "geometry": { "type": "Polygon", "coordinates": [ [ [ 286100.0, 78795.048332592719817 ], [ 286102.979321335093118, 78807.785801139107207 ], [ 286109.028971152263694, 78806.517951086076209 ], [ 286106.05880721914582, 78792.188207211991539 ], [ 286100.0, 78793.390774933926878 ], [ 286100.0, 78795.048332592719817 ] ] ] } },
{ "type": "Feature", "properties": { "uuid": "d422d80c-01e5-4f4d-a07f-3104eeb8066f" }, "geometry": { "type": "Polygon", "coordinates": [ [ [ 286145.136689001868945, 79367.079858838202199 ], [ 286136.504480000294279, 79371.812487436516676 ], [ 286138.880817789235152, 79376.305921681341715 ], [ 286147.133416380092967, 79371.581548259360716 ], [ 286145.136689001868945, 79367.079858838202199 ] ] ] } },
{ "type": "Feature", "properties": { "uuid": "f1610b3c-2459-4059-8400-a36a86c4717c" }, "geometry": { "type": "Polygon", "coordinates": [ [ [ 286148.47088575642556, 79363.21985621470958 ], [ 286146.291954946529586, 79367.812270983064082 ], [ 286152.81926480110269, 79371.079262602579547 ], [ 286154.998199762485456, 79366.486853546084603 ], [ 286148.47088575642556, 79363.21985621470958 ] ] ] } },
{ "type": "Feature", "properties": { "uuid": "24a851af-1d3b-43b3-b5ae-b0e9e80611b7" }, "geometry": { "type": "Polygon", "coordinates": [ [ [ 286181.918648535851389, 79346.964243400667328 ], [ 286173.417946073284838, 79357.754079442529473 ], [ 286186.926151267951354, 79367.687100520182867 ], [ 286195.047257983824238, 79356.90555103123188 ], [ 286181.918648535851389, 79346.964243400667328 ] ] ] } },
{ "type": "Feature", "properties": { "uuid": "887ac984-674f-4b6a-8834-82a100a854ec" }, "geometry": { "type": "Polygon", "coordinates": [ [ [ 286188.671469650580548, 78713.49725983836106 ], [ 286173.31128246919252, 78723.300874532666057 ], [ 286178.419421021477319, 78731.14478322424111 ], [ 286193.779593713814393, 78721.34119755437132 ], [ 286188.671469650580548, 78713.49725983836106 ] ] ] } },
{ "type": "Feature", "properties": { "uuid": "0680e4a1-23fd-47ea-8086-63f7a7b8eb1d" }, "geometry": { "type": "Polygon", "coordinates": [ [ [ 286208.44033288519131, 79361.538542226568097 ], [ 286204.379765693796799, 79366.929302541306242 ], [ 286222.162171518488321, 79381.314636760187568 ], [ 286226.230964212445542, 79376.302481832011836 ], [ 286208.44033288519131, 79361.538542226568097 ] ] ] } },
{ "type": "Feature", "properties": { "uuid": "5782b0a5-4b82-4293-b062-a8d0374867c3" }, "geometry": { "type": "Polygon", "coordinates": [ [ [ 286233.95694916107459, 78717.438563343253918 ], [ 286209.105408377479762, 78727.448083830502583 ], [ 286211.514833503228147, 78733.456599370052572 ], [ 286236.366349606076255, 78723.447100813296856 ], [ 286233.95694916107459, 78717.438563343253918 ] ] ] } },
{ "type": "Feature", "properties": { "uuid": "de84d933-e045-48d8-8d2d-af53c53b60c3" }, "geometry": { "type": "Polygon", "coordinates": [ [ [ 286244.657864387147129, 78755.465201503247954 ], [ 286238.5999103783397, 78756.354283067863435 ], [ 286240.414346266421489, 78769.951666536566336 ], [ 286246.85193310584873, 78769.054349198355339 ], [ 286244.657864387147129, 78755.465201503247954 ] ] ] } },
{ "type": "Feature", "properties": { "uuid": "6f8d7806-4195-4d88-b53f-24ca7cad3c1c" }, "geometry": { "type": "Polygon", "coordinates": [ [ [ 286270.819000893214252, 79278.372434851538856 ], [ 286256.681363842333667, 79291.935924352728762 ], [ 286265.609601602947805, 79300.832401532068616 ], [ 286279.37584069283912, 79287.655779662251007 ], [ 286270.819000893214252, 79278.372434851538856 ] ] ] } },
{ "type": "Feature", "properties": { "uuid": "fc5009d7-6bed-4cb7-8ebc-0558258dcd04" }, "geometry": { "type": "Polygon", "coordinates": [ [ [ 286261.899898840114474, 78744.863420141889947 ], [ 286237.288385769294109, 78748.427953500708099 ], [ 286238.154518018418457, 78753.333553156175185 ], [ 286262.766008411999792, 78749.769026358175324 ], [ 286261.899898840114474, 78744.863420141889947 ] ] ] } },
{ "type": "Feature", "properties": { "uuid": "5498ce97-7e89-4dde-b418-182fbecb761f" }, "geometry": { "type": "Polygon", "coordinates": [ [ [ 286269.829740974993911, 78760.222133616131032 ], [ 286259.587434716173448, 78760.823188132839277 ], [ 286259.751761563820764, 78768.395598902425263 ], [ 286269.994053025613539, 78767.794545034994371 ], [ 286269.829740974993911, 78760.222133616131032 ] ] ] } },
{ "type": "Feature", "properties": { "uuid": "49a2b043-1699-4e60-b5b2-cc51d60aa32d" }, "geometry": { "type": "Polygon", "coordinates": [ [ [ 286316.696328248013742, 79257.302582768781576 ], [ 286302.113195899466518, 79267.845558510918636 ], [ 286310.331449621822685, 79279.030125116056297 ], [ 286324.534953608701471, 79268.49542850011494 ], [ 286316.696328248013742, 79257.302582768781576 ] ] ] } },
{ "type": "Feature", "properties": { "uuid": "e1528b90-218d-4d7f-a26c-0aebb8e90b29" }, "geometry": { "type": "Polygon", "coordinates": [ [ [ 286292.078393174626399, 78700.26762652740581 ], [ 286287.992563439242076, 78704.523101517377654 ], [ 286304.637951616896316, 78718.935303390899207 ], [ 286307.609464496257715, 78715.840430423413636 ], [ 286292.078393174626399, 78700.26762652740581 ] ] ] } },
{ "type": "Feature", "properties": { "uuid": "66d1fb3b-49bd-4d8f-a0c3-a303d6daa063" }, "geometry": { "type": "Polygon", "coordinates": [ [ [ 286304.377799674170092, 78759.472597254032735 ], [ 286290.80079065694008, 78763.933917667687638 ], [ 286292.030090876447503, 78768.074033049342688 ], [ 286305.978525693935808, 78763.225863071653293 ], [ 286304.377799674170092, 78759.472597254032735 ] ] ] } },
{ "type": "Feature", "properties": { "uuid": "c4fe1d1a-48ce-4366-a77c-9d14edef45b9" }, "geometry": { "type": "Polygon", "coordinates": [ [ [ 286313.695879947626963, 78681.237306620576419 ], [ 286306.176702953875065, 78684.809642287204042 ], [ 286310.558216361387167, 78694.184703714068746 ], [ 286318.077382448944263, 78690.612380286795087 ], [ 286313.695879947626963, 78681.237306620576419 ] ] ] } },
{ "type": "Feature", "properties": { "uuid": "2daa731b-d540-49d3-8352-8340f37df9c3" }, "geometry": { "type": "Polygon", "coordinates": [ [ [ 286344.068253150384407, 78680.578622128145071 ], [ 286323.946555765578523, 78681.014980940672103 ], [ 286319.811414065537974, 78682.998687655403046 ], [ 286323.408961435081437, 78691.254353631607955 ], [ 286344.472538224596065, 78681.706269010232063 ], [ 286344.068253150384407, 78680.578622128145071 ] ] ] } },
{ "type": "Feature", "properties": { "uuid": "ceba1564-5e6f-4436-bb3c-7e3fce51093b" }, "geometry": { "type": "Polygon", "coordinates": [ [ [ 286353.633505308243912, 78683.780456575506832 ], [ 286327.691902285034303, 78696.085914011870045 ], [ 286331.281217741081491, 78703.962939344055485 ], [ 286357.23099816206377, 78692.036142554163234 ], [ 286353.633505308243912, 78683.780456575506832 ] ] ] } },
{ "type": "Feature", "properties": { "uuid": "26421d7c-c759-4a03-92dc-9dc88fed1b52" }, "geometry": { "type": "Polygon", "coordinates": [ [ [ 286393.620325419818982, 79231.772286019840976 ], [ 286385.086173902673181, 79241.047647554602008 ], [ 286390.12785353930667, 79245.862277221080149 ], [ 286399.033413118915632, 79236.200116773485206 ], [ 286393.620325419818982, 79231.772286019840976 ] ] ] } },
{ "type": "Feature", "properties": { "uuid": "d65faff3-3acf-4011-a622-162d318846e0" }, "geometry": { "type": "Polygon", "coordinates": [ [ [ 286414.741411505034193, 79207.452224656997714 ], [ 286405.464363806822803, 79217.501224724692293 ], [ 286413.278234163764864, 79227.558521396131255 ], [ 286424.510791025299113, 79220.118532132910332 ], [ 286417.835781073139515, 79210.036521781730698 ], [ 286414.741411505034193, 79207.452224656997714 ] ] ] } },
{ "type": "Feature", "properties": { "uuid": "eabaa413-a75b-4fed-ae43-0a516a35708c" }, "geometry": { "type": "Polygon", "coordinates": [ [ [ 286432.659442698117346, 79193.049520385306096 ], [ 286423.316695431654807, 79200.069802050566068 ], [ 286432.706450704485178, 79212.744369543768698 ], [ 286442.049186745483894, 79205.724121088249376 ], [ 286432.659442698117346, 79193.049520385306096 ] ] ] } },
{ "type": "Feature", "properties": { "uuid": "3ef0382c-b8ce-4def-8a9a-96705db79c68" }, "geometry": { "type": "Polygon", "coordinates": [ [ [ 286442.193446543533355, 78984.516758365643909 ], [ 286435.499526482541114, 78991.101098580227699 ], [ 286444.056515017582569, 79000.385223514575046 ], [ 286451.130065044155344, 78993.792680695827585 ], [ 286442.193446543533355, 78984.516758365643909 ] ] ] } },
{ "type": "Feature", "properties": { "uuid": "3c58752b-eed6-46e9-8f47-6b3aad1e3023" }, "geometry": { "type": "Polygon", "coordinates": [ [ [ 286464.856576622405555, 78978.722800467192428 ], [ 286452.896982379897963, 78987.693890155496774 ], [ 286456.03247000859119, 78992.171341711247806 ], [ 286468.371691511711106, 78983.192042805545498 ], [ 286464.856576622405555, 78978.722800467192428 ] ] ] } },
{ "type": "Feature", "properties": { "uuid": "5f1f275f-e49b-4f2f-a38a-56bfb392027d" }, "geometry": { "type": "Polygon", "coordinates": [ [ [ 286462.15579394553788, 78994.311373792763334 ], [ 286456.95578114251839, 78999.726966921909479 ], [ 286460.066652009147219, 79003.068600795668317 ], [ 286465.654497796611395, 78998.023393744515488 ], [ 286462.15579394553788, 78994.311373792763334 ] ] ] } },
{ "type": "Feature", "properties": { "uuid": "0e76a112-0a14-4de0-9fbd-310bb54a0910" }, "geometry": { "type": "Polygon", "coordinates": [ [ [ 286483.73403645522194, 78955.965670427365694 ], [ 286472.888656635885127, 78963.77626438596053 ], [ 286475.636305635794997, 78967.883365587011212 ], [ 286486.48168062971672, 78960.07278322277125 ], [ 286483.73403645522194, 78955.965670427365694 ] ] ] } },
{ "type": "Feature", "properties": { "uuid": "300bb3d8-e3cb-466e-89d8-e822c8cb469d" }, "geometry": { "type": "Polygon", "coordinates": [ [ [ 286489.748353853414301, 78970.607969469274394 ], [ 286483.756221353367437, 78974.52558224304812 ], [ 286488.855454345350154, 78981.990789312490961 ], [ 286494.839382119127549, 78977.694582742959028 ], [ 286489.748353853414301, 78970.607969469274394 ] ] ] } },
{ "type": "Feature", "properties": { "uuid": "f5b69901-f3c7-4eac-b7e4-a2def14f72ad" }, "geometry": { "type": "Polygon", "coordinates": [ [ [ 286490.547085553524084, 79042.558970119629521 ], [ 286487.196032442734577, 79045.661773266270757 ], [ 286491.858168236212805, 79050.484904774464667 ], [ 286495.20922081178287, 79047.382107430341421 ], [ 286490.547085553524084, 79042.558970119629521 ] ] ] } },
{ "type": "Feature", "properties": { "uuid": "3c328bed-1ed8-4568-abab-58bad33b4ab4" }, "geometry": { "type": "Polygon", "coordinates": [ [ [ 286498.954686299723107, 78939.727065084851347 ], [ 286493.746381101140287, 78944.764067086187424 ], [ 286499.192464737046976, 78950.706677451409632 ], [ 286504.400768861407414, 78945.669686499226373 ], [ 286498.954686299723107, 78939.727065084851347 ] ] ] } },
{ "type": "Feature", "properties": { "uuid": "2f738132-b514-49df-86e0-653e8a10549f" }, "geometry": { "type": "Polygon", "coordinates": [ [ [ 286515.428556604136247, 79104.139336911641294 ], [ 286510.179411915421952, 79107.283192961622262 ], [ 286512.151316405565012, 79110.649448872689391 ], [ 286517.392260657506995, 79107.127001051965635 ], [ 286515.428556604136247, 79104.139336911641294 ] ] ] } },
{ "type": "Feature", "properties": { "uuid": "8fe5875f-d0e5-4335-96b9-6ec4993ac95f" }, "geometry": { "type": "Polygon", "coordinates": [ [ [ 286535.945324032334611, 79437.762649847893044 ], [ 286525.712528703268617, 79438.741726730717346 ], [ 286526.660277381597552, 79447.432432326226262 ], [ 286536.901252879819367, 79446.831929585780017 ], [ 286535.945324032334611, 79437.762649847893044 ] ] ] } },
{ "type": "Feature", "properties": { "uuid": "cb1b29be-3bce-4134-81e6-9dbf24088c87" }, "geometry": { "type": "Polygon", "coordinates": [ [ [ 286521.320405565435067, 78937.7276119494054 ], [ 286506.066887836903334, 78952.451728917629225 ], [ 286509.565586395270657, 78956.16380745996139 ], [ 286524.819102402601857, 78941.439710975682829 ], [ 286521.320405565435067, 78937.7276119494054 ] ] ] } },
{ "type": "Feature", "properties": { "uuid": "7d96bfe5-6e0f-4c61-b946-81c622a5c440" }, "geometry": { "type": "Polygon", "coordinates": [ [ [ 286564.071107040974312, 79421.246228631760459 ], [ 286558.961581683717668, 79430.825592324545141 ], [ 286568.178517606691457, 79435.549814414640423 ], [ 286573.296248957980424, 79426.349041428387864 ], [ 286564.071107040974312, 79421.246228631760459 ] ] ] } },
{ "type": "Feature", "properties": { "uuid": "1cde53f3-ae54-40d8-8d29-d995ae45d2e1" }, "geometry": { "type": "Polygon", "coordinates": [ [ [ 286591.601721013546921, 79412.317822768294718 ], [ 286585.328754194953945, 79420.786101797159063 ], [ 286585.610032910248265, 79416.235006942035398 ], [ 286575.352606962260325, 79416.078268938261317 ], [ 286574.84742799657397, 79427.830465632927371 ], [ 286585.104831042815931, 79427.987201466516126 ], [ 286585.394302487198729, 79423.814685678255046 ], [ 286593.88479618425481, 79430.069680223881733 ], [ 286601.247412797762081, 79419.305343799234834 ], [ 286591.601721013546921, 79412.317822768294718 ] ] ] } },
{ "type": "Feature", "properties": { "uuid": "76667a4f-575f-4628-bdfd-5e882a7c1cf4" }, "geometry": { "type": "Polygon", "coordinates": [ [ [ 286604.737550498277415, 79422.638570832670666 ], [ 286594.676768015313428, 79431.567539394804044 ], [ 286599.354856872174423, 79437.1475416116009 ], [ 286609.795236230944283, 79428.210377326846356 ], [ 286604.737550498277415, 79422.638570832670666 ] ] ] } },
{ "type": "Feature", "properties": { "uuid": "ea32dfcb-87ff-49f2-8122-f8007959d29b" }, "geometry": { "type": "Polygon", "coordinates": [ [ [ 286627.153210499556735, 79405.488521383376792 ], [ 286612.52895066246856, 79414.137463583814679 ], [ 286616.505172068020329, 79422.383938309532823 ], [ 286632.631439594842959, 79412.945023330132244 ], [ 286627.153210499556735, 79405.488521383376792 ] ] ] } },
{ "type": "Feature", "properties": { "uuid": "772a53ee-2954-47c4-98e5-3c15b8097e3d" }, "geometry": { "type": "Polygon", "coordinates": [ [ [ 286662.371354246046394, 79418.361718165891943 ], [ 286656.040964847255964, 79424.179890285799047 ], [ 286670.438243488781154, 79440.154718976205913 ], [ 286670.151683854172006, 79426.904695816978347 ], [ 286662.371354246046394, 79418.361718165891943 ] ] ] } },
{ "type": "Feature", "properties": { "uuid": "6b781885-a852-464a-b435-0787a1a7dbb8" }, "geometry": { "type": "Polygon", "coordinates": [ [ [ 286637.35045166593045, 79420.417943875916535 ], [ 286627.59549734351458, 79425.931485761917429 ], [ 286636.290682030783501, 79441.650841186376056 ], [ 286646.045615086623002, 79436.137331153528066 ], [ 286637.35045166593045, 79420.417943875916535 ] ] ] } },
{ "type": "Feature", "properties": { "uuid": "485570ab-4f54-43ff-b185-c30a98de9a8b" }, "geometry": { "type": "Polygon", "coordinates": [ [ [ 286669.766874839377124, 79409.11175518881646 ], [ 286666.787375563697424, 79411.827449558622902 ], [ 286669.906061126792338, 79415.547506603936199 ], [ 286669.766874839377124, 79409.11175518881646 ] ] ] } },
{ "type": "Feature", "properties": { "uuid": "c943c687-dab3-42c2-b5d6-0f03742465ec" }, "geometry": { "type": "Polygon", "coordinates": [ [ [ 286637.287805458996445, 79399.966746660822537 ], [ 286630.932849155564327, 79404.649247021821793 ], [ 286636.411073571303859, 79412.105753939104034 ], [ 286642.766025251650717, 79407.423266676341882 ], [ 286637.287805458996445, 79399.966746660822537 ] ] ] } },
{ "type": "Feature", "properties": { "uuid": "7c9d7d2d-0100-4268-85ca-aa88d619bfa2" }, "geometry": { "type": "Polygon", "coordinates": [ [ [ 286652.644450009567663, 79354.941670858650468 ], [ 286598.437290949746966, 79394.747317767032655 ], [ 286602.356202459428459, 79400.34379230561899 ], [ 286656.95112386753317, 79360.908593844680581 ], [ 286652.644450009567663, 79354.941670858650468 ] ] ] } },
{ "type": "Feature", "properties": { "uuid": "9ff00d3b-37ef-44c8-a15e-8f95c34262cf" }, "geometry": { "type": "Polygon", "coordinates": [ [ [ 286658.127934542717412, 79380.199580687680282 ], [ 286643.924104306148365, 79390.733138406591024 ], [ 286649.402323580055963, 79398.18967839909601 ], [ 286663.606143550947309, 79387.656150054390309 ], [ 286658.127934542717412, 79380.199580687680282 ] ] ] } },
{ "type": "Feature", "properties": { "uuid": "e8a75fe2-bf57-44cb-bc24-e1887e62cb9e" }, "geometry": { "type": "Polygon", "coordinates": [ [ [ 286668.172547174966894, 79370.5135011204693 ], [ 286661.437923996709287, 79375.204198147956049 ], [ 286666.91613313293783, 79382.660778046236373 ], [ 286669.161004483466968, 79381.09721632063156 ], [ 286668.964505768148229, 79372.011387960606953 ], [ 286668.172547174966894, 79370.5135011204693 ] ] ] } },
{ "type": "Feature", "properties": { "uuid": "c7fe9b4d-4266-479e-9a1d-2967c1953dcc" }, "geometry": { "type": "Polygon", "coordinates": [ [ [ 286668.063885268871672, 79330.367807625705609 ], [ 286649.072411860222928, 79347.822587394883158 ], [ 286654.509723832714371, 79353.386305780382827 ], [ 286668.284946875122841, 79340.589444169920171 ], [ 286668.063885268871672, 79330.367807625705609 ] ] ] } },
{ "type": "Feature", "properties": { "uuid": "37ddb068-1492-46d7-8fb4-41b6d62d9699" }, "geometry": { "type": "Polygon", "coordinates": [ [ [ 286554.37895415443927, 79550.0 ], [ 286554.909774786734488, 79541.885842816613149 ], [ 286561.859773996577132, 79529.615627796243643 ], [ 286563.047724570671562, 79531.862366483779624 ], [ 286577.679767027148046, 79523.592030278115999 ], [ 286572.944366406241897, 79515.362177168310154 ], [ 286558.683705381408799, 79523.245755331328837 ], [ 286561.455594876664691, 79528.488149363925913 ], [ 286554.161367466032971, 79524.858633963915054 ], [ 286547.227772003388964, 79537.886000172031345 ], [ 286546.187352683802601, 79542.453431051078951 ], [ 286539.338301246403717, 79541.844244025880471 ], [ 286538.970237068191636, 79550.0 ], [ 286554.37895415443927, 79550.0 ] ] ] } },
{ "type": "Feature", "properties": { "uuid": "201d979a-3edf-46f3-9ac0-9e905e950e86" }, "geometry": { "type": "Polygon", "coordinates": [ [ [ 286588.125381139107049, 79550.0 ], [ 286587.958869956433773, 79542.306664397387067 ], [ 286578.469068776699714, 79542.512065971037373 ], [ 286578.631147892796434, 79550.0 ], [ 286588.125381139107049, 79550.0 ] ] ] } },
{ "type": "Feature", "properties": { "uuid": "efebe5f0-d555-4f35-942e-bba739dd6a4b" }, "geometry": { "type": "Polygon", "coordinates": [ [ [ 286502.648031451797578, 79550.0 ], [ 286500.570705834950786, 79540.411362167826155 ], [ 286489.61173327564029, 79542.921199996082578 ], [ 286491.376508355839178, 79550.0 ], [ 286502.648031451797578, 79550.0 ] ] ] } },
{ "type": "Feature", "properties": { "uuid": "d8e45abf-1c44-4db6-8950-e82967128f4b" }, "geometry": { "type": "Polygon", "coordinates": [ [ [ 286597.325779361068271, 79536.42281135515077 ], [ 286590.187262379855383, 79539.985983873164514 ], [ 286595.326785064302385, 79549.343288835720159 ], [ 286602.07750808011042, 79545.409779862791765 ], [ 286597.325779361068271, 79536.42281135515077 ] ] ] } },
{ "type": "Feature", "properties": { "uuid": "f58c6ea8-e8dd-40be-a33f-6a8c7ac64d8c" }, "geometry": { "type": "Polygon", "coordinates": [ [ [ 286605.851601958682295, 79526.769744702527532 ], [ 286600.684763719676994, 79533.698923010902945 ], [ 286609.571041351708118, 79540.702719776541926 ], [ 286614.737883773515932, 79533.77355958512635 ], [ 286605.851601958682295, 79526.769744702527532 ] ] ] } },
{ "type": "Feature", "properties": { "uuid": "0ac806f3-c71e-446a-8ec4-b96f441c5a2d" }, "geometry": { "type": "Polygon", "coordinates": [ [ [ 286513.222678985563107, 79528.396312898694305 ], [ 286505.284020908584353, 79530.083223891648231 ], [ 286506.949980755220167, 79536.864508933969773 ], [ 286514.509036297560669, 79535.185823290667031 ], [ 286513.222678985563107, 79528.396312898694305 ] ] ] } },
{ "type": "Feature", "properties": { "uuid": "c8d76894-d911-45b7-9cf5-c61d1b22f865" }, "geometry": { "type": "Polygon", "coordinates": [ [ [ 286527.600526211899705, 79508.390270102157956 ], [ 286521.278590767644346, 79514.587081273668446 ], [ 286529.430416482093278, 79522.742911410430679 ], [ 286535.744153802341316, 79516.167553339560982 ], [ 286527.600526211899705, 79508.390270102157956 ] ] ] } },
{ "type": "Feature", "properties": { "uuid": "e93d7b81-2eb4-4a09-8f71-2625c597eff4" }, "geometry": { "type": "Polygon", "coordinates": [ [ [ 286593.6008258278016, 79504.688995197153417 ], [ 286586.082672733638901, 79508.260408544912934 ], [ 286590.850831296411343, 79518.004548722092295 ], [ 286598.368973189091776, 79514.43314841168467 ], [ 286593.6008258278016, 79504.688995197153417 ] ] ] } },
{ "type": "Feature", "properties": { "uuid": "8c1d1da1-309c-4812-8a0f-dd272d295e96" }, "geometry": { "type": "Polygon", "coordinates": [ [ [ 286611.507313977694139, 79507.331443503731862 ], [ 286605.095167579944246, 79509.363919014052954 ], [ 286607.544766884529963, 79517.26452787980088 ], [ 286613.965095930790994, 79515.610624358640052 ], [ 286611.507313977694139, 79507.331443503731862 ] ] ] } },
{ "type": "Feature", "properties": { "uuid": "7d28c3fe-a6e0-4c90-afb7-95a56974acd6" }, "geometry": { "type": "Polygon", "coordinates": [ [ [ 286518.23610443144571, 79496.851973509212257 ], [ 286512.301959108037408, 79503.419155491021229 ], [ 286521.213004679710139, 79511.55854898475809 ], [ 286527.147151213604957, 79504.991387278714683 ], [ 286518.23610443144571, 79496.851973509212257 ] ] ] } },
{ "type": "Feature", "properties": { "uuid": "bb60fd39-d1c8-4ab4-b761-2730c83984b3" }, "geometry": { "type": "Polygon", "coordinates": [ [ [ 286552.227576482400764, 79488.162292099237675 ], [ 286541.721839849138632, 79494.070935062103672 ], [ 286546.465504868479911, 79502.679362938768463 ], [ 286556.97942457953468, 79497.149306334293215 ], [ 286552.227576482400764, 79488.162292099237675 ] ] ] } },
{ "type": "Feature", "properties": { "uuid": "b190ade3-6362-4ea9-8a5d-53cd57cd83c7" }, "geometry": { "type": "Polygon", "coordinates": [ [ [ 286562.700555310817435, 79480.739389367226977 ], [ 286555.933383576513734, 79483.915858113323338 ], [ 286561.130387357785366, 79495.923207890824415 ], [ 286567.897546248976141, 79492.746752623905195 ], [ 286562.700555310817435, 79480.739389367226977 ] ] ] } },
{ "type": "Feature", "properties": { "uuid": "f0493c75-fb35-40b7-8d93-841f47594a8d" }, "geometry": { "type": "Polygon", "coordinates": [ [ [ 286514.92878458253108, 79484.424991151172435 ], [ 286506.61866211850429, 79486.498701197851915 ], [ 286509.51360906928312, 79497.419624965608818 ], [ 286517.823715063394047, 79495.345923206681618 ], [ 286514.92878458253108, 79484.424991151172435 ] ] ] } },
{ "type": "Feature", "properties": { "uuid": "8b6e9156-ca38-41e5-b696-e8e01f425694" }, "geometry": { "type": "Polygon", "coordinates": [ [ [ 286581.614831248007249, 79477.299998146423604 ], [ 286566.562080319738016, 79483.685765574220568 ], [ 286570.175120198982768, 79492.697450405481504 ], [ 286585.227848904381972, 79486.311703467275947 ], [ 286581.614831248007249, 79477.299998146423604 ] ] ] } },
{ "type": "Feature", "properties": { "uuid": "636708af-7765-4092-85c8-83b52aae3b9d" }, "geometry": { "type": "Polygon", "coordinates": [ [ [ 286600.100377443479374, 79471.597472392226337 ], [ 286591.080170796078164, 79475.958896731812274 ], [ 286597.093641418905463, 79490.599843878415413 ], [ 286606.509807332011405, 79486.98736360433395 ], [ 286600.100377443479374, 79471.597472392226337 ] ] ] } },
{ "type": "Feature", "properties": { "uuid": "af46dc8f-08a2-477a-b7c6-35466146d3a9" }, "geometry": { "type": "Polygon", "coordinates": [ [ [ 286542.723832685383968, 79470.188228858169168 ], [ 286530.634101427393034, 79473.101234709029086 ], [ 286534.411156264715828, 79489.684284843096975 ], [ 286546.880446886061691, 79486.763076891482342 ], [ 286542.723832685383968, 79470.188228858169168 ] ] ] } },
{ "type": "Feature", "properties": { "uuid": "88b6768a-cf41-43bc-befd-cdb073679dba" }, "geometry": { "type": "Polygon", "coordinates": [ [ [ 286512.323252503469121, 79469.331551634095376 ], [ 286504.400903509289492, 79471.775618735031458 ], [ 286508.071453383017797, 79483.43726668052841 ], [ 286516.3733826498501, 79480.984989092656178 ], [ 286512.323252503469121, 79469.331551634095376 ] ] ] } },
{ "type": "Feature", "properties": { "uuid": "eedda3c4-4ef6-4b0e-8765-03ad10632bc1" }, "geometry": { "type": "Polygon", "coordinates": [ [ [ 286593.046417128061876, 79461.523958176607266 ], [ 286583.324359251535498, 79468.551822784618707 ], [ 286588.010622414352838, 79474.510344274749514 ], [ 286597.732674923725426, 79467.482496108365012 ], [ 286593.046417128061876, 79461.523958176607266 ] ] ] } },
{ "type": "Feature", "properties": { "uuid": "448f6bae-7e15-41dd-8cc2-693ad40327d7" }, "geometry": { "type": "Polygon", "coordinates": [ [ [ 286625.287666465679649, 79459.690049216500483 ], [ 286617.406212688714731, 79464.026797975879163 ], [ 286620.582241967902519, 79470.396776169189252 ], [ 286628.463688439805992, 79466.060037161834771 ], [ 286625.287666465679649, 79459.690049216500483 ] ] ] } },
{ "type": "Feature", "properties": { "uuid": "93285d93-a6f7-4694-a928-7d928a01dac3" }, "geometry": { "type": "Polygon", "coordinates": [ [ [ 286543.930752713233232, 79455.769689247914357 ], [ 286541.899064286611974, 79467.176109142077621 ], [ 286550.282994596520439, 79468.509577413031366 ], [ 286551.935102248506155, 79457.111382509523537 ], [ 286543.930752713233232, 79455.769689247914357 ] ] ] } },
{ "type": "Feature", "properties": { "uuid": "6063f43e-c1fd-4da3-9560-b5d4a7411be5" }, "geometry": { "type": "Polygon", "coordinates": [ [ [ 286494.987166255479679, 79457.965856641123537 ], [ 286494.828971310053021, 79468.195473131316248 ], [ 286507.751685206894763, 79468.673067584750243 ], [ 286507.909905274573248, 79458.443453319981927 ], [ 286494.987166255479679, 79457.965856641123537 ] ] ] } },
{ "type": "Feature", "properties": { "uuid": "32afd762-ca94-4613-9d14-3aeb5094d8bc" }, "geometry": { "type": "Polygon", "coordinates": [ [ [ 286585.653799215040635, 79453.351503132202197 ], [ 286578.952131068275776, 79459.556520400714362 ], [ 286583.622019580798224, 79464.757908789557405 ], [ 286590.331879383826163, 79458.931473922828445 ], [ 286585.653799215040635, 79453.351503132202197 ] ] ] } },
{ "type": "Feature", "properties": { "uuid": "a1bc0ca7-6cd3-4a65-affd-c12235fcdb48" }, "geometry": { "type": "Polygon", "coordinates": [ [ [ 286620.940077635401394, 79451.830411714880029 ], [ 286613.421830341103487, 79455.401818261831068 ], [ 286616.589678056829143, 79461.393234681745525 ], [ 286624.107918612018693, 79457.821836495480966 ], [ 286620.940077635401394, 79451.830411714880029 ] ] ] } },
{ "type": "Feature", "properties": { "uuid": "bb3e9aab-6222-42e1-b262-ab9c3a6bc7de" }, "geometry": { "type": "Polygon", "coordinates": [ [ [ 286569.224532848340459, 79448.783385582413757 ], [ 286563.257488629897125, 79453.836282695323462 ], [ 286569.890946143481415, 79462.025140513113001 ], [ 286576.237585116294213, 79456.964042180246906 ], [ 286569.224532848340459, 79448.783385582413757 ] ] ] } },
{ "type": "Feature", "properties": { "uuid": "e87ce7f3-3aee-4975-8c0d-b89c4f1d4b68" }, "geometry": { "type": "Polygon", "coordinates": [ [ [ 286615.816895090101752, 79443.23004993001814 ], [ 286607.927231478272006, 79447.188254666863941 ], [ 286611.870670467324089, 79453.920391086285235 ], [ 286619.372536724316888, 79449.591839426720981 ], [ 286615.816895090101752, 79443.23004993001814 ] ] ] } },
{ "type": "Feature", "properties": { "uuid": "bfcbacb0-5530-4dea-9dc1-56c3b3e2f0af" }, "geometry": { "type": "Polygon", "coordinates": [ [ [ 286514.390129906008951, 79442.016916566615691 ], [ 286504.304934919811785, 79449.810319249081658 ], [ 286509.387302811141126, 79456.517715140857035 ], [ 286519.472491738852113, 79448.724331936187809 ], [ 286514.390129906008951, 79442.016916566615691 ] ] ] } },
{ "type": "Feature", "properties": { "uuid": "50538d84-4761-45d0-bc03-a389f2080816" }, "geometry": { "type": "Polygon", "coordinates": [ [ [ 286541.276112917868886, 79438.404725120286457 ], [ 286537.239866725984029, 79444.930853571393527 ], [ 286546.481388398038689, 79450.7907377682277 ], [ 286547.207800557313021, 79449.26001643188647 ], [ 286554.147125193965621, 79454.033508536813315 ], [ 286552.068821651744656, 79445.746036405558698 ], [ 286541.276112917868886, 79438.404725120286457 ] ] ] } },
{ "type": "Feature", "properties": { "uuid": "5e8914e9-38de-4a0f-991d-7173c0bcfae0" }, "geometry": { "type": "Polygon", "coordinates": [ [ [ 286477.71661443792982, 79449.628761675703572 ], [ 286474.300224580278154, 79449.702775191282853 ], [ 286474.051851433934644, 79455.76813371834578 ], [ 286477.476438702666201, 79456.072690673870966 ], [ 286477.71661443792982, 79449.628761675703572 ] ] ] } },
{ "type": "Feature", "properties": { "uuid": "79d23010-5be8-4487-814d-759c3a315ab2" }, "geometry": { "type": "Polygon", "coordinates": [ [ [ 286612.195712140353862, 79433.839678702584933 ], [ 286601.681609030056279, 79439.369684352132026 ], [ 286605.237270588229876, 79445.731469640159048 ], [ 286615.751364199328236, 79440.201477453520056 ], [ 286612.195712140353862, 79433.839678702584933 ] ] ] } },
{ "type": "Feature", "properties": { "uuid": "2a8ef2f7-4b91-4ad8-bf21-38ec906ff7eb" }, "geometry": { "type": "Polygon", "coordinates": [ [ [ 286569.391069369274192, 79438.932310798030812 ], [ 286559.917471438704524, 79439.894886782130925 ], [ 286560.848772456462029, 79447.828452298534103 ], [ 286569.942757149343379, 79446.87409583752742 ], [ 286569.391069369274192, 79438.932310798030812 ] ] ] } },
{ "type": "Feature", "properties": { "uuid": "6eef1a91-5a7e-44f8-9e3d-4e4003629605" }, "geometry": { "type": "Polygon", "coordinates": [ [ [ 286672.813897834450472, 79550.0 ], [ 286672.730712259188294, 79546.153705390432151 ], [ 286669.622897821653169, 79550.0 ], [ 286672.813897834450472, 79550.0 ] ] ] } },
{ "type": "Feature", "properties": { "uuid": "593f8580-ef4a-40c2-b07b-3031149a5a2f" }, "geometry": { "type": "Polygon", "coordinates": [ [ [ 286632.560106454766355, 79550.0 ], [ 286628.689887966145761, 79546.727638512908015 ], [ 286637.587151456042193, 79536.6878662899544 ], [ 286633.701135626761243, 79532.605775348871248 ], [ 286621.081672094704118, 79546.134771467186511 ], [ 286625.658805259503424, 79550.0 ], [ 286632.560106454766355, 79550.0 ] ] ] } },
{ "type": "Feature", "properties": { "uuid": "e854bb3f-d986-4955-a87b-6f65241eea73" }, "geometry": { "type": "Polygon", "coordinates": [ [ [ 286652.950440956803504, 79550.0 ], [ 286644.171253086940851, 79542.605296273715794 ], [ 286640.094018086325377, 79547.238395565189421 ], [ 286643.469805065426044, 79550.0 ], [ 286652.950440956803504, 79550.0 ] ] ] } },
{ "type": "Feature", "properties": { "uuid": "e22d7e16-39e5-4ce5-b910-89a6cf4ab4e7" }, "geometry": { "type": "Polygon", "coordinates": [ [ [ 286648.366036543273367, 79525.849903377180453 ], [ 286642.423578318557702, 79532.038332417985657 ], [ 286652.901868413086049, 79542.416435561928665 ], [ 286658.852514720521867, 79536.606595287594246 ], [ 286648.366036543273367, 79525.849903377180453 ] ] ] } },
{ "type": "Feature", "properties": { "uuid": "2019654f-7068-4aff-aeb1-0fc5a829bca9" }, "geometry": { "type": "Polygon", "coordinates": [ [ [ 286672.010223665391095, 79512.839967891282868 ], [ 286658.202705655479804, 79524.12215590395499 ], [ 286664.811362108273897, 79531.175320945767453 ], [ 286672.280407059006393, 79525.332644123322098 ], [ 286672.010223665391095, 79512.839967891282868 ] ] ] } },
{ "type": "Feature", "properties": { "uuid": "cb4d12d8-d373-4065-be6a-c679aa65895a" }, "geometry": { "type": "Polygon", "coordinates": [ [ [ 286644.89814358035801, 79488.429267178406008 ], [ 286623.209218178817537, 79504.048287640034687 ], [ 286614.148092778108548, 79506.51681256692973 ], [ 286616.646827752352692, 79516.68882702323026 ], [ 286625.707936437742319, 79514.22031057527056 ], [ 286650.780426548910327, 79497.013158067507902 ], [ 286644.89814358035801, 79488.429267178406008 ] ] ] } },
{ "type": "Feature", "properties": { "uuid": "6367affc-9064-4318-89a2-180edb86f247" }, "geometry": { "type": "Polygon", "coordinates": [ [ [ 286671.535355385451112, 79490.883071256481344 ], [ 286668.910935933876317, 79492.454810906434432 ], [ 286671.26219610782573, 79495.812662218871992 ], [ 286671.641791434318293, 79495.804452591517475 ], [ 286671.535355385451112, 79490.883071256481344 ] ] ] } },
{ "type": "Feature", "properties": { "uuid": "2e66b72d-2983-47d0-9d94-944ce2ed3306" }, "geometry": { "type": "Polygon", "coordinates": [ [ [ 286662.11391311394982, 79476.69450757841696 ], [ 286649.759189562289976, 79484.915404758037766 ], [ 286654.865899903059471, 79492.75859260262223 ], [ 286667.220612109173089, 79484.5377192843589 ], [ 286662.11391311394982, 79476.69450757841696 ] ] ] } },
{ "type": "Feature", "properties": { "uuid": "d4a2a434-08d0-4508-a046-eef28ef5ccf8" }, "geometry": { "type": "Polygon", "coordinates": [ [ [ 286670.913113232236356, 79462.111826894397382 ], [ 286662.717534525203519, 79469.485271150857443 ], [ 286671.273358821985312, 79478.768882240023231 ], [ 286670.913113232236356, 79462.111826894397382 ] ] ] } },
{ "type": "Feature", "properties": { "uuid": "9ee91ea3-7d91-421d-a276-a117c5968b30" }, "geometry": { "type": "Polygon", "coordinates": [ [ [ 286629.272025990416296, 79468.315030108060455 ], [ 286621.390582348278258, 79472.651766145863803 ], [ 286624.95438919775188, 79479.392091846093535 ], [ 286632.835825266956817, 79475.055366437562043 ], [ 286629.272025990416296, 79468.315030108060455 ] ] ] } },
{ "type": "Feature", "properties": { "uuid": "1e23ef6a-a5ac-426b-aad9-87e5aab5ab40" }, "geometry": { "type": "Polygon", "coordinates": [ [ [ 286651.471739394415636, 79458.744852162810275 ], [ 286639.463827070896514, 79465.443310390692204 ], [ 286643.811377074627671, 79473.302941550995456 ], [ 286655.819276240421459, 79466.604502793110441 ], [ 286651.471739394415636, 79458.744852162810275 ] ] ] } },
{ "type": "Feature", "properties": { "uuid": "df78d5c7-4b09-4642-b6a0-bc7f7155f9c7" }, "geometry": { "type": "Polygon", "coordinates": [ [ [ 286647.217170458170585, 79437.62698456729413 ], [ 286637.462239076092374, 79443.140490920399316 ], [ 286646.536965018487535, 79458.851597929053241 ], [ 286656.291875522525515, 79453.338124141359003 ], [ 286647.217170458170585, 79437.62698456729413 ] ] ] } },
{ "type": "Feature", "properties": { "uuid": "f1fdb62b-f386-4ff1-9fdd-32aae554c062" }, "geometry": { "type": "Polygon", "coordinates": [ [ [ 286972.278677035006694, 78749.572476177243516 ], [ 286970.057938366080634, 78752.27194450199022 ], [ 286977.410063142073341, 78758.552939769346267 ], [ 286979.638967076723929, 78756.232098202279303 ], [ 286972.278677035006694, 78749.572476177243516 ] ] ] } },
{ "type": "Feature", "properties": { "uuid": "f5f4913a-e112-45be-a011-9fa63b4d09aa" }, "geometry": { "type": "Polygon", "coordinates": [ [ [ 287033.067590976599604, 78732.73123464290984 ], [ 287030.985545633186121, 78741.867251595278503 ], [ 287035.565820740070194, 78742.90492381725926 ], [ 287037.656033672217745, 78734.147532676637638 ], [ 287033.067590976599604, 78732.73123464290984 ] ] ] } },
{ "type": "Feature", "properties": { "uuid": "58a15acb-1531-40a1-b33f-d25c95facec9" }, "geometry": { "type": "Polygon", "coordinates": [ [ [ 287033.920927072584163, 78719.454899548407411 ], [ 287033.267710907035507, 78724.393361051363172 ], [ 287040.134064744284842, 78725.760568466503173 ], [ 287040.787287120881956, 78720.822109326312784 ], [ 287033.920927072584163, 78719.454899548407411 ] ] ] } },
{ "type": "Feature", "properties": { "uuid": "7c4f2fbc-5a73-4dcd-978b-596775c3be4d" }, "geometry": { "type": "Polygon", "coordinates": [ [ [ 286996.131387914705556, 78710.799526889721164 ], [ 286995.461879380862229, 78714.980755824333755 ], [ 287004.614327928400598, 78716.677431595366215 ], [ 287005.27568096894538, 78712.117581913043978 ], [ 286996.131387914705556, 78710.799526889721164 ] ] ] } },
{ "type": "Feature", "properties": { "uuid": "f505f3f9-c74f-45e9-9816-3c40f43eef38" }, "geometry": { "type": "Polygon", "coordinates": [ [ [ 287050.985587494913489, 78665.297430603561224 ], [ 287035.419731393514667, 78665.632886298350058 ], [ 287033.709145130531397, 78674.38220858576824 ], [ 287022.642039608908817, 78671.969129820965463 ], [ 287023.65042577474378, 78665.886554202937987 ], [ 287015.677670460252557, 78666.05840875589638 ], [ 287012.570928244502284, 78680.519863922905643 ], [ 287046.515162304101977, 78686.985475105495425 ], [ 287050.985587494913489, 78665.297430603561224 ] ] ] } },
{ "type": "Feature", "properties": { "uuid": "75fc6a84-6602-415d-84fc-ae302a459529" }, "geometry": { "type": "Polygon", "coordinates": [ [ [ 287006.025158599833958, 79099.220321924571181 ], [ 286997.093787154532038, 79107.745869256992592 ], [ 287002.151333959773183, 79113.318382141878828 ], [ 287011.462326765758917, 79104.784667750849621 ], [ 287006.025158599833958, 79099.220321924571181 ] ] ] } },
{ "type": "Feature", "properties": { "uuid": "20801c96-7943-43eb-ab29-f7b812d5082e" }, "geometry": { "type": "Polygon", "coordinates": [ [ [ 287100.0, 79073.582452846225351 ], [ 287099.278380061441567, 79073.347878272616072 ], [ 287094.298038359964266, 79088.984850473556435 ], [ 287100.0, 79092.601228625324438 ], [ 287100.0, 79073.582452846225351 ] ] ] } },
{ "type": "Feature", "properties": { "uuid": "a6234ef3-008c-4743-b8a1-4ea84860348b" }, "geometry": { "type": "Polygon", "coordinates": [ [ [ 286984.631503034965135, 79075.818953400914324 ], [ 286979.802514131297357, 79080.847144846396986 ], [ 286991.048393459175713, 79091.58904126874404 ], [ 286995.877382506034337, 79086.560870432498632 ], [ 286984.631503034965135, 79075.818953400914324 ] ] ] } },
{ "type": "Feature", "properties": { "uuid": "41a54b8a-dd55-41b1-bd1b-29239e024330" }, "geometry": { "type": "Polygon", "coordinates": [ [ [ 286981.745518041076139, 79065.275520755792968 ], [ 286980.300495318486355, 79068.715650530561106 ], [ 286986.431659421650693, 79071.234849905711599 ], [ 286987.884849455207586, 79068.173321578622563 ], [ 286981.745518041076139, 79065.275520755792968 ] ] ] } },
{ "type": "Feature", "properties": { "uuid": "d5747d64-0b94-4f25-a66f-a3c7fde8e745" }, "geometry": { "type": "Polygon", "coordinates": [ [ [ 286982.443515115592163, 79044.806618268543389 ], [ 286974.369319675897714, 79057.859103948663687 ], [ 286987.448074564978015, 79065.531321302405559 ], [ 286995.142662234255113, 79052.487061174411792 ], [ 286982.443515115592163, 79044.806618268543389 ] ] ] } },
{ "type": "Feature", "properties": { "uuid": "3423a091-e036-4ee0-b37b-6e5b6f83009f" }, "geometry": { "type": "Polygon", "coordinates": [ [ [ 286967.131773255416192, 79021.652687026798958 ], [ 286957.506398709258065, 79033.223605235194555 ], [ 286964.849992151139304, 79039.125634907395579 ], [ 286974.475371103035286, 79027.554743293439969 ], [ 286967.131773255416192, 79021.652687026798958 ] ] ] } },
{ "type": "Feature", "properties": { "uuid": "4c9a0e42-eb79-420f-b800-52c986db2110" }, "geometry": { "type": "Polygon", "coordinates": [ [ [ 287009.026407393976115, 78868.47859493381111 ], [ 287006.532175996573642, 78876.108127839601366 ], [ 287010.361223356623668, 78877.540728792984737 ], [ 287012.855459496786352, 78869.911199950700393 ], [ 287009.026407393976115, 78868.47859493381111 ] ] ] } },
{ "type": "Feature", "properties": { "uuid": "e4537106-7fe7-4a67-a10e-a036c374cd76" }, "geometry": { "type": "Polygon", "coordinates": [ [ [ 287018.701177282491699, 78859.179103244590806 ], [ 287014.259752738755196, 78864.577889787091408 ], [ 287018.509255048527848, 78867.895377863373142 ], [ 287022.958842260355595, 78862.875211063888855 ], [ 287018.701177282491699, 78859.179103244590806 ] ] ] } },
{ "type": "Feature", "properties": { "uuid": "69f7f5d4-7fbc-4129-9c6e-cd448d082c98" }, "geometry": { "type": "Polygon", "coordinates": [ [ [ 286596.888082214340102, 78708.815990030241664 ], [ 286589.368767459702212, 78712.387895915104309 ], [ 286592.165601309330668, 78718.766996510792524 ], [ 286599.684908527415246, 78715.195098687807331 ], [ 286596.888082214340102, 78708.815990030241664 ] ] ] } },
{ "type": "Feature", "properties": { "uuid": "1f435f81-93e3-4ed9-ae0e-68685188e323" }, "geometry": { "type": "Polygon", "coordinates": [ [ [ 286602.667625658214092, 78695.054077940585557 ], [ 286597.781283325399272, 78697.432609640847659 ], [ 286602.550101517699659, 78707.178283274086425 ], [ 286607.428245439368766, 78704.421135671989759 ], [ 286602.667625658214092, 78695.054077940585557 ] ] ] } },
{ "type": "Feature", "properties": { "uuid": "920aa41f-bbce-48b2-8921-648116a0876b" }, "geometry": { "type": "Polygon", "coordinates": [ [ [ 286642.671960258041508, 78788.509669254883192 ], [ 286634.499901488074102, 78797.019915662880521 ], [ 286637.990416633663699, 78800.353571998712141 ], [ 286646.542121779755689, 78791.835125718906056 ], [ 286642.671960258041508, 78788.509669254883192 ] ] ] } },
{ "type": "Feature", "properties": { "uuid": "7901b861-af5c-4c63-aaa4-4dcf8b841123" }, "geometry": { "type": "Polygon", "coordinates": [ [ [ 286649.265151948260609, 78794.806596163660288 ], [ 286640.374746633751784, 78805.226330820238218 ], [ 286646.951544039766304, 78810.766000662755687 ], [ 286656.213410137163009, 78799.959460629528621 ], [ 286649.265151948260609, 78794.806596163660288 ] ] ] } },
{ "type": "Feature", "properties": { "uuid": "c65a4667-66ec-48a6-a145-e8385c6fb97e" }, "geometry": { "type": "Polygon", "coordinates": [ [ [ 286682.525805727345869, 78699.387794695532648 ], [ 286668.50320690497756, 78700.8273830791004 ], [ 286669.969632781576365, 78715.947722001292277 ], [ 286683.992191329365596, 78714.508140213933075 ], [ 286682.525805727345869, 78699.387794695532648 ] ] ] } },
{ "type": "Feature", "properties": { "uuid": "6180dd57-4431-4df2-83fd-eaf7256a5e09" }, "geometry": { "type": "Polygon", "coordinates": [ [ [ 286695.499484814004973, 78702.137736543256324 ], [ 286687.567704293061979, 78704.20321306725964 ], [ 286691.303798365290277, 78718.895677568012616 ], [ 286699.243742311722599, 78717.208835182449548 ], [ 286695.499484814004973, 78702.137736543256324 ] ] ] } },
{ "type": "Feature", "properties": { "uuid": "669f1413-403e-40f9-829c-cb096df51b14" }, "geometry": { "type": "Polygon", "coordinates": [ [ [ 286720.294928404735401, 78777.361529564106604 ], [ 286707.195507646829356, 78786.356965918501373 ], [ 286710.330886871553957, 78790.834736636345042 ], [ 286723.430301266838796, 78781.839315527729923 ], [ 286720.294928404735401, 78777.361529564106604 ] ] ] } },
{ "type": "Feature", "properties": { "uuid": "31202224-3045-41d8-8497-46006689bb0e" }, "geometry": { "type": "Polygon", "coordinates": [ [ [ 286741.952902209188323, 78724.998180158261675 ], [ 286712.773854093102273, 78745.705126595450565 ], [ 286717.089115764538292, 78752.05142423583311 ], [ 286746.268143850378692, 78731.344526016997406 ], [ 286741.952902209188323, 78724.998180158261675 ] ] ] } },
{ "type": "Feature", "properties": { "uuid": "e8f66fa3-b84e-4d7c-a6d6-803f1420f36f" }, "geometry": { "type": "Polygon", "coordinates": [ [ [ 286725.467642757517751, 78788.234806272259448 ], [ 286715.727769774035551, 78794.506034883059328 ], [ 286721.222841893497389, 78802.720745636586798 ], [ 286730.954523112915922, 78796.070918893936323 ], [ 286725.467642757517751, 78788.234806272259448 ] ] ] } },
{ "type": "Feature", "properties": { "uuid": "fce3398b-f1f7-4297-b3cb-176c42bce35e" }, "geometry": { "type": "Polygon", "coordinates": [ [ [ 286722.559678936959244, 78759.130342793010641 ], [ 286717.318248540395871, 78762.652800471929368 ], [ 286730.247581475006882, 78780.934390301379608 ], [ 286735.480819366173819, 78777.033338247536449 ], [ 286722.559678936959244, 78759.130342793010641 ] ] ] } },
{ "type": "Feature", "properties": { "uuid": "36402902-10c8-42b1-9ccc-bb31984e82f0" }, "geometry": { "type": "Polygon", "coordinates": [ [ [ 286756.584152967319824, 78734.152022620575735 ], [ 286747.231973270652816, 78740.793671183288097 ], [ 286762.100393583939876, 78760.927498486329569 ], [ 286743.024676156463102, 78774.597543680807576 ], [ 286749.287198952282779, 78783.174525366048329 ], [ 286777.335404229350388, 78762.871150096296333 ], [ 286756.584152967319824, 78734.152022620575735 ] ] ] } },
{ "type": "Feature", "properties": { "uuid": "ef179e22-3f06-4236-8e0c-a0326144f7c4" }, "geometry": { "type": "Polygon", "coordinates": [ [ [ 286777.279620294691995, 79006.433085328288144 ], [ 286764.874511719332077, 79012.382784577581333 ], [ 286776.027637518302072, 79036.383616378501756 ], [ 286788.440878539695404, 79030.812569833447924 ], [ 286777.279620294691995, 79006.433085328288144 ] ] ] } },
{ "type": "Feature", "properties": { "uuid": "2df387d3-11ad-4d90-8cdc-5fc4fee3c2cf" }, "geometry": { "type": "Polygon", "coordinates": [ [ [ 286792.184666740242392, 79045.882778280210914 ], [ 286784.294271624472458, 79049.840989531134255 ], [ 286793.442789285792969, 79068.960914145223796 ], [ 286801.333161539922003, 79065.002730195381446 ], [ 286792.184666740242392, 79045.882778280210914 ] ] ] } },
{ "type": "Feature", "properties": { "uuid": "39553def-4838-4a3b-a7c2-31a31a0f4986" }, "geometry": { "type": "Polygon", "coordinates": [ [ [ 286795.553547807503492, 79078.763455025939038 ], [ 286791.790007130824961, 79080.35984792484669 ], [ 286795.386551084811799, 79088.615179131331388 ], [ 286799.529711529379711, 79087.010591191676212 ], [ 286795.553547807503492, 79078.763455025939038 ] ] ] } },
{ "type": "Feature", "properties": { "uuid": "0d86c6e0-2798-4628-93f2-8579944e8f5e" }, "geometry": { "type": "Polygon", "coordinates": [ [ [ 286811.913639109116048, 79062.501556381728733 ], [ 286805.113070640247315, 79064.163536974432645 ], [ 286817.785567338927649, 79123.357189164933516 ], [ 286824.577885912614875, 79121.316646678460529 ], [ 286811.913639109116048, 79062.501556381728733 ] ] ] } },
{ "type": "Feature", "properties": { "uuid": "71d39594-ea0c-4acb-bd0d-27fbc2fa334c" }, "geometry": { "type": "Polygon", "coordinates": [ [ [ 286847.560293463699054, 78848.855911767168436 ], [ 286843.796570961130783, 78850.452330398780759 ], [ 286848.185154593666084, 78860.206119611684699 ], [ 286851.940697520447429, 78858.23109369026497 ], [ 286847.560293463699054, 78848.855911767168436 ] ] ] } },
{ "type": "Feature", "properties": { "uuid": "4410a8fe-61dd-4bd9-944b-13f8e6d4d74b" }, "geometry": { "type": "Polygon", "coordinates": [ [ [ 286854.060453694022726, 78903.63989419315476 ], [ 286846.97811768844258, 78909.853374517726479 ], [ 286854.76703409908805, 78918.776074119756231 ], [ 286861.849366522335913, 78912.562614705355372 ], [ 286854.060453694022726, 78903.63989419315476 ] ] ] } },
{ "type": "Feature", "properties": { "uuid": "e526e959-bd12-454b-a0ab-691c3c0b8b43" }, "geometry": { "type": "Polygon", "coordinates": [ [ [ 286873.666483890265226, 79072.910222204460297 ], [ 286860.898155416012742, 79079.625010595016647 ], [ 286862.878013121779077, 79083.370005167816998 ], [ 286875.646334671531804, 79076.65522612069617 ], [ 286873.666483890265226, 79072.910222204460297 ] ] ] } },
{ "type": "Feature", "properties": { "uuid": "07667a61-4cf5-4939-ad2e-6288111243ca" }, "geometry": { "type": "Polygon", "coordinates": [ [ [ 286873.904895047831815, 78960.786731338012032 ], [ 286872.574323246546555, 78969.527435687283287 ], [ 286885.91051363828592, 78971.512275161658181 ], [ 286885.935027731989976, 78972.648090128262993 ], [ 286880.305907515343279, 78975.799835196201457 ], [ 286887.804923360177781, 78988.895303852361394 ], [ 286899.806073883315548, 78981.818255480116932 ], [ 286892.307079127174802, 78968.722752838919405 ], [ 286887.049412772990763, 78971.487694626062876 ], [ 286888.388179103494622, 78963.125603684195084 ], [ 286873.904895047831815, 78960.786731338012032 ] ] ] } },
{ "type": "Feature", "properties": { "uuid": "37362610-ce9e-40bc-9332-604c6cf3818c" }, "geometry": { "type": "Polygon", "coordinates": [ [ [ 286880.499746868619695, 79072.762724837084534 ], [ 286877.519945663167164, 79075.478461825230625 ], [ 286882.949106834246777, 79080.664108191791456 ], [ 286885.928907695808448, 79077.948376950895181 ], [ 286880.499746868619695, 79072.762724837084534 ] ] ] } },
{ "type": "Feature", "properties": { "uuid": "f791af80-f9cb-4f1b-89ad-07b184200ffd" }, "geometry": { "type": "Polygon", "coordinates": [ [ [ 286887.953348984767217, 79066.162683264352381 ], [ 286884.602085770340636, 79069.265210909419693 ], [ 286906.294151709356811, 79088.872061174595729 ], [ 286909.26578955486184, 79085.777750883135013 ], [ 286887.953348984767217, 79066.162683264352381 ] ] ] } },
{ "type": "Feature", "properties": { "uuid": "f687708e-4528-4766-8433-668c2108a4fa" }, "geometry": { "type": "Polygon", "coordinates": [ [ [ 286902.172626564453822, 78915.480166304507293 ], [ 286893.547193609701935, 78920.590511957008857 ], [ 286901.038079370628111, 78933.30753040604759 ], [ 286909.663497828994878, 78928.197208884666907 ], [ 286902.172626564453822, 78915.480166304507293 ] ] ] } },
{ "type": "Feature", "properties": { "uuid": "248db7bd-e19e-4d26-a78f-c3f802a07b58" }, "geometry": { "type": "Polygon", "coordinates": [ [ [ 286916.936139219556935, 79106.823486771347234 ], [ 286911.752128591760993, 79112.995690798707074 ], [ 286905.563782910874579, 79107.826433135138359 ], [ 286902.228877858899068, 79111.686115585383959 ], [ 286925.002389149041846, 79128.618144306732574 ], [ 286931.243582531344146, 79118.635457372234669 ], [ 286916.936139219556935, 79106.823486771347234 ] ] ] } },
{ "type": "Feature", "properties": { "uuid": "d8d9abf7-f7dd-4ac6-91a6-4e633ffbbbee" }, "geometry": { "type": "Polygon", "coordinates": [ [ [ 286903.708608002634719, 78986.658184601838002 ], [ 286897.716202491777949, 78990.575302461569663 ], [ 286905.958075731410645, 79002.897167219110997 ], [ 286911.950472652795725, 78998.980067627126118 ], [ 286903.708608002634719, 78986.658184601838002 ] ] ] } },
{ "type": "Feature", "properties": { "uuid": "3ec8b3f9-a95a-43e0-93d2-170a91ef303f" }, "geometry": { "type": "Polygon", "coordinates": [ [ [ 286912.402645030640997, 78931.925946848612512 ], [ 286903.026129379170015, 78937.431252360605868 ], [ 286911.704889736836776, 78952.395305691519752 ], [ 286921.081386632460635, 78946.89003065196448 ], [ 286912.402645030640997, 78931.925946848612512 ] ] ] } },
{ "type": "Feature", "properties": { "uuid": "3ea44b96-fdd4-4d4e-9e51-ebe877a2c2a1" }, "geometry": { "type": "Polygon", "coordinates": [ [ [ 286914.064389320439659, 78956.132218607410323 ], [ 286904.324622501968406, 78962.402900980348932 ], [ 286914.158576826972421, 78978.099518485483713 ], [ 286923.898324929818045, 78971.828872376820073 ], [ 286914.064389320439659, 78956.132218607410323 ] ] ] } },
{ "type": "Feature", "properties": { "uuid": "12f0cfd1-e0f1-45e8-b2c2-4eb86127907e" }, "geometry": { "type": "Polygon", "coordinates": [ [ [ 286915.910167727910448, 79006.470207271224353 ], [ 286908.440104859124403, 79012.313075361103984 ], [ 286922.886686915298924, 79030.561461023404263 ], [ 286929.20151438342873, 79023.986002247751458 ], [ 286915.910167727910448, 79006.470207271224353 ] ] ] } },
{ "type": "Feature", "properties": { "uuid": "994307eb-9200-4f0f-8e12-9bc7572154d4" }, "geometry": { "type": "Polygon", "coordinates": [ [ [ 286927.057914830395021, 78977.44241831835825 ], [ 286918.069269024650566, 78983.318065472441958 ], [ 286927.490839840029366, 78997.508421919890679 ], [ 286936.463135260797571, 78990.87559907665127 ], [ 286927.057914830395021, 78977.44241831835825 ] ] ] } },
{ "type": "Feature", "properties": { "uuid": "1afd1780-434e-4682-abb5-0aa97de995df" }, "geometry": { "type": "Polygon", "coordinates": [ [ [ 286939.696208353387192, 78999.896558959182585 ], [ 286936.879689594672527, 79010.184346704452764 ], [ 286943.374239191820379, 79011.938132982671959 ], [ 286946.190769486187492, 79001.650352566444781 ], [ 286939.696208353387192, 78999.896558959182585 ] ] ] } },
{ "type": "Feature", "properties": { "uuid": "b3a76f82-ef92-4bba-85a1-9e52b8a42976" }, "geometry": { "type": "Polygon", "coordinates": [ [ [ 286954.391677428677212, 79012.079252949682996 ], [ 286946.978750989655964, 79020.572269601776497 ], [ 286953.959078012383543, 79027.239690402901033 ], [ 286961.751635128050111, 79018.738506277324632 ], [ 286954.391677428677212, 79012.079252949682996 ] ] ] } },
{ "type": "Feature", "properties": { "uuid": "7052b43a-f0e8-410c-82e8-48def43f4fee" }, "geometry": { "type": "Polygon", "coordinates": [ [ [ 286973.377523217408452, 79099.924333059956552 ], [ 286957.710985139652621, 79113.140464868687559 ], [ 286963.931934738939162, 79119.824154154077405 ], [ 286979.218844081333373, 79106.616244420263683 ], [ 286973.377523217408452, 79099.924333059956552 ] ] ] } },
{ "type": "Feature", "properties": { "uuid": "84024571-4cb6-436b-87f0-ccd4051a24d7" }, "geometry": { "type": "Polygon", "coordinates": [ [ [ 287087.66557100682985, 79274.722822157433257 ], [ 287077.346465986047406, 79289.337988748186035 ], [ 287086.595775061403401, 79295.577566294174176 ], [ 287096.535281855612993, 79280.970614268735517 ], [ 287087.66557100682985, 79274.722822157433257 ] ] ] } },
{ "type": "Feature", "properties": { "uuid": "c4591547-c1c3-4623-bbcc-93209d9eb4ac" }, "geometry": { "type": "Polygon", "coordinates": [ [ [ 287100.0, 79279.309485277335625 ], [ 287098.376239506702404, 79278.279642585082911 ], [ 287096.543438346590847, 79281.349196851078887 ], [ 287100.0, 79283.700923014403088 ], [ 287100.0, 79279.309485277335625 ] ] ] } },
{ "type": "Feature", "properties": { "uuid": "97fbf367-690b-47c2-a9bd-52f6cb08f5e0" }, "geometry": { "type": "Polygon", "coordinates": [ [ [ 287100.0, 79262.715539991957485 ], [ 287095.764158323290758, 79262.806796972610755 ], [ 287096.323213022726122, 79271.127457567141391 ], [ 287100.0, 79271.048245043275529 ], [ 287100.0, 79262.715539991957485 ] ] ] } },
{ "type": "Feature", "properties": { "uuid": "43eac993-88dc-427f-a967-91c30ee80a9c" }, "geometry": { "type": "Polygon", "coordinates": [ [ [ 287075.134596402873285, 79257.191139600152383 ], [ 287069.975035500130616, 79264.498761758004548 ], [ 287078.069247324834578, 79270.005730573524488 ], [ 287082.849201754841488, 79262.706303800572641 ], [ 287075.134596402873285, 79257.191139600152383 ] ] ] } },
{ "type": "Feature", "properties": { "uuid": "a6349cab-d038-47ad-86db-34fa01a9c72c" }, "geometry": { "type": "Polygon", "coordinates": [ [ [ 287082.094345391495153, 79245.299594253883697 ], [ 287077.363322345772758, 79254.870552687469171 ], [ 287085.804523449391127, 79258.855027231911663 ], [ 287090.155945030681323, 79249.292263106268365 ], [ 287082.094345391495153, 79245.299594253883697 ] ] ] } },
{ "type": "Feature", "properties": { "uuid": "d4790a73-6687-471b-9777-e784c009b43f" }, "geometry": { "type": "Polygon", "coordinates": [ [ [ 287100.0, 79193.780837309997878 ], [ 287099.973918175441213, 79193.781399173167301 ], [ 287100.0, 79194.414114268030971 ], [ 287100.0, 79193.780837309997878 ] ] ] } },
{ "type": "Feature", "properties": { "uuid": "b948d641-705e-43c8-91f5-8e9176bad50b" }, "geometry": { "type": "Polygon", "coordinates": [ [ [ 287090.430157562135719, 79209.137576254404848 ], [ 287079.800919953500852, 79209.366599071043311 ], [ 287081.261701383860782, 79241.908685944275931 ], [ 287091.890873005148023, 79241.679665127885528 ], [ 287090.430157562135719, 79209.137576254404848 ] ] ] } },
{ "type": "Feature", "properties": { "uuid": "772f4535-6398-4520-8a4b-608cdd86da7a" }, "geometry": { "type": "Polygon", "coordinates": [ [ [ 287076.898876042338088, 79198.066213324200362 ], [ 287065.632762336870655, 79203.99045015021693 ], [ 287068.404292808729224, 79209.233416809758637 ], [ 287079.670397960173432, 79203.309191525680944 ], [ 287076.898876042338088, 79198.066213324200362 ] ] ] } },
{ "type": "Feature", "properties": { "uuid": "ce5c9914-ce53-4d14-a91b-dee983aab051" }, "geometry": { "type": "Polygon", "coordinates": [ [ [ 287100.0, 79150.666758094841498 ], [ 287070.972379953367636, 79169.78651669723331 ], [ 287075.690959718718659, 79177.260160956910113 ], [ 287100.0, 79161.052150820120005 ], [ 287100.0, 79150.666758094841498 ] ] ] } },
{ "type": "Feature", "properties": { "uuid": "8eea1840-be4f-49ed-b865-9dba7191579e" }, "geometry": { "type": "Polygon", "coordinates": [ [ [ 287091.974415019270964, 79139.790129636938218 ], [ 287080.740787975373678, 79147.228763474500738 ], [ 287083.091924629174173, 79150.587014977820218 ], [ 287094.333703968673944, 79143.526983242860297 ], [ 287091.974415019270964, 79139.790129636938218 ] ] ] } },
{ "type": "Feature", "properties": { "uuid": "f4b32a8c-cf4d-4e4f-80b1-dda68e93b75a" }, "geometry": { "type": "Polygon", "coordinates": [ [ [ 287100.0, 79133.938217154194717 ], [ 287096.456455734092742, 79136.284650069486815 ], [ 287099.195363530074246, 79140.013329805398826 ], [ 287100.0, 79139.50800772337243 ], [ 287100.0, 79133.938217154194717 ] ] ] } },
{ "type": "Feature", "properties": { "uuid": "57fb2a3b-b153-4a76-884e-8cd02d73cbae" }, "geometry": { "type": "Polygon", "coordinates": [ [ [ 287090.395088141493034, 79119.37061886160518 ], [ 287082.908690645708703, 79124.455924847308779 ], [ 287086.439485417446122, 79129.68262205607607 ], [ 287093.92587851441931, 79124.597325996553991 ], [ 287090.395088141493034, 79119.37061886160518 ] ] ] } },
{ "type": "Feature", "properties": { "uuid": "60bce7a0-d5a9-44d8-9b6d-7306db3ab703" }, "geometry": { "type": "Polygon", "coordinates": [ [ [ 287100.0, 79111.911873432254652 ], [ 287098.146935745433439, 79108.976814311317867 ], [ 287090.289050205727108, 79114.448891918000299 ], [ 287093.819843819539528, 79119.675603980984306 ], [ 287100.0, 79115.673785050967126 ], [ 287100.0, 79111.911873432254652 ] ] ] } },
{ "type": "Feature", "properties": { "uuid": "57427f4c-fbaa-4f21-a71d-f5291cc6238a" }, "geometry": { "type": "Polygon", "coordinates": [ [ [ 286941.74691780586727, 79165.376205248059705 ], [ 286941.477735284133814, 79188.107999144936912 ], [ 286950.968168110062834, 79187.903263746731682 ], [ 286951.245558608788997, 79165.550061986636138 ], [ 286941.74691780586727, 79165.376205248059705 ] ] ] } },
{ "type": "Feature", "properties": { "uuid": "22481532-b346-4b7b-bf7a-156d4854b9f9" }, "geometry": { "type": "Polygon", "coordinates": [ [ [ 286960.752152603818104, 79130.877071129827527 ], [ 286951.984243304934353, 79146.974501708522439 ], [ 286961.597241710638627, 79152.448668911907589 ], [ 286970.365170154487714, 79136.35127181984717 ], [ 286960.752152603818104, 79130.877071129827527 ] ] ] } },
{ "type": "Feature", "properties": { "uuid": "aea4f610-3d73-48f9-829e-b21270760694" }, "geometry": { "type": "Polygon", "coordinates": [ [ [ 286985.635938899242319, 79263.286847949348157 ], [ 286958.96536997356452, 79294.541569698660169 ], [ 286965.541222532861866, 79300.081090847466839 ], [ 286991.444413168646861, 79268.464224517607363 ], [ 286985.635938899242319, 79263.286847949348157 ] ] ] } },
{ "type": "Feature", "properties": { "uuid": "ff9dcf00-3229-47dd-8a71-5242252cdcbb" }, "geometry": { "type": "Polygon", "coordinates": [ [ [ 286961.544481905293651, 79202.825724442722276 ], [ 286957.499366672593169, 79208.973207695642486 ], [ 286976.823089270852506, 79224.464479599293554 ], [ 286981.255993827711791, 79218.687429938203422 ], [ 286961.544481905293651, 79202.825724442722276 ] ] ] } },
{ "type": "Feature", "properties": { "uuid": "053f98ff-730c-4128-8b17-2b8c0b7aa2b5" }, "geometry": { "type": "Polygon", "coordinates": [ [ [ 286981.039880387717858, 79296.716748541191919 ], [ 286971.778279975580517, 79307.521706040453864 ], [ 286999.003972816746682, 79337.235014638717985 ], [ 287003.800081770983525, 79330.692760985402856 ], [ 287000.326475056703202, 79328.116376170684816 ], [ 286983.215527359163389, 79309.547572099923855 ], [ 286988.415745611593593, 79304.132826668035705 ], [ 286981.039880387717858, 79296.716748541191919 ] ] ] } },
{ "type": "Feature", "properties": { "uuid": "2e72c932-01b7-4625-b366-0c31f65decef" }, "geometry": { "type": "Polygon", "coordinates": [ [ [ 286973.373499279550742, 79117.347894849866861 ], [ 286964.425879040849395, 79125.11628368392121 ], [ 286977.667783828626852, 79140.360234712919919 ], [ 286986.623560313135386, 79132.97048400217318 ], [ 286973.373499279550742, 79117.347894849866861 ] ] ] } },
{ "type": "Feature", "properties": { "uuid": "30fdd014-16e9-40d7-947f-2d539684cec5" }, "geometry": { "type": "Polygon", "coordinates": [ [ [ 286974.704693763516843, 79249.50845899010892 ], [ 286970.255492319178302, 79254.528312444832409 ], [ 286974.504717013798654, 79257.845509448845405 ], [ 286978.953919464780483, 79252.825662794261007 ], [ 286974.704693763516843, 79249.50845899010892 ] ] ] } },
{ "type": "Feature", "properties": { "uuid": "cf36a2f4-3845-4afd-a2fa-8892d804b3f9" }, "geometry": { "type": "Polygon", "coordinates": [ [ [ 286970.867418977897614, 79177.247356731357286 ], [ 286968.340742791537195, 79183.362110027694143 ], [ 286997.048809139989316, 79193.727192915219348 ], [ 286999.195895554788876, 79187.620652038080152 ], [ 286970.867418977897614, 79177.247356731357286 ] ] ] } },
{ "type": "Feature", "properties": { "uuid": "0d95785c-d6c3-47d2-ba3b-b2da852507c3" }, "geometry": { "type": "Polygon", "coordinates": [ [ [ 286979.076085606822744, 79152.829221656807931 ], [ 286968.97333070950117, 79159.864930729352636 ], [ 286975.64731700590346, 79169.947701732045971 ], [ 286973.492084402125329, 79175.675683144043433 ], [ 286981.537548308318947, 79178.911064672283828 ], [ 286983.329498866340145, 79173.948457895836327 ], [ 286990.056495407072362, 79168.879423960170243 ], [ 286979.076085606822744, 79152.829221656807931 ] ] ] } },
{ "type": "Feature", "properties": { "uuid": "fe3f89bf-e01d-488d-b9a0-f8c97325d3a8" }, "geometry": { "type": "Polygon", "coordinates": [ [ [ 286993.628207676520105, 79281.673703244596254 ], [ 286983.623664376093075, 79293.252204745513154 ], [ 286988.656561484211124, 79297.688758472562768 ], [ 286998.677433849778026, 79286.867440995963989 ], [ 286993.628207676520105, 79281.673703244596254 ] ] ] } },
{ "type": "Feature", "properties": { "uuid": "e8ecbc3c-3573-47dc-8eff-12afd945c13b" }, "geometry": { "type": "Polygon", "coordinates": [ [ [ 287005.44112222926924, 79230.665071762312436 ], [ 286983.607245941413566, 79257.270434334437596 ], [ 286993.673098431318067, 79266.143605523073347 ], [ 287001.440859078255016, 79256.50710142988828 ], [ 286993.709827237995341, 79250.234877218288602 ], [ 286998.142727072699927, 79244.457869912846945 ], [ 287005.485985897248611, 79250.359707938099746 ], [ 287015.08656055724714, 79237.653585911612026 ], [ 287005.44112222926924, 79230.665071762312436 ] ] ] } },
{ "type": "Feature", "properties": { "uuid": "549d7cdb-81a8-4c89-b41a-ce4f5f77fc33" }, "geometry": { "type": "Polygon", "coordinates": [ [ [ 286994.273131448717322, 79135.45691353053553 ], [ 286987.190959033439867, 79141.669937110738829 ], [ 287004.335069963766728, 79161.753729202464456 ], [ 287011.409071374451742, 79155.162160440610023 ], [ 286994.273131448717322, 79135.45691353053553 ] ] ] } },
{ "type": "Feature", "properties": { "uuid": "8d19379b-c59f-4e0f-82c6-e4ae31be3568" }, "geometry": { "type": "Polygon", "coordinates": [ [ [ 287011.531387160590384, 79196.06627662901883 ], [ 286991.868887501885183, 79217.701032711309381 ], [ 286999.616294998326339, 79224.730468202993507 ], [ 287019.278798157232814, 79203.095770155458013 ], [ 287011.531387160590384, 79196.06627662901883 ] ] ] } },
{ "type": "Feature", "properties": { "uuid": "f7c1bd83-ce10-4fdf-a2a8-e5eb83d851ed" }, "geometry": { "type": "Polygon", "coordinates": [ [ [ 287007.596213607175741, 79295.386561857943889 ], [ 287002.371477343316656, 79299.665552303660661 ], [ 287011.347368591814302, 79310.834722241619602 ], [ 287016.572100402321666, 79306.555749653663952 ], [ 287007.596213607175741, 79295.386561857943889 ] ] ] } },
{ "type": "Feature", "properties": { "uuid": "47c49f45-bac8-4c83-90b4-b30099d443bd" }, "geometry": { "type": "Polygon", "coordinates": [ [ [ 287009.441243857727386, 79275.272585895872908 ], [ 287005.734928048914298, 79279.518848992069252 ], [ 287009.604499245760962, 79282.844242387800477 ], [ 287013.690426326473244, 79278.589800084271701 ], [ 287009.441243857727386, 79275.272585895872908 ] ] ] } },
{ "type": "Feature", "properties": { "uuid": "604b471e-af2f-48ab-b1de-584f974766da" }, "geometry": { "type": "Polygon", "coordinates": [ [ [ 287014.498622175306082, 79280.84492751857033 ], [ 287006.730875890410971, 79290.481368286447832 ], [ 287013.298518295749091, 79295.6423702823231 ], [ 287020.686658163787797, 79286.014132931479253 ], [ 287014.498622175306082, 79280.84492751857033 ] ] ] } },
{ "type": "Feature", "properties": { "uuid": "344d5bd6-3256-46e2-ba25-7a75f7ab86b6" }, "geometry": { "type": "Polygon", "coordinates": [ [ [ 287013.784737140755169, 79159.65615160993184 ], [ 287006.710739123285748, 79166.247711668402189 ], [ 287014.103068069845904, 79174.421195202623494 ], [ 287021.185225433262531, 79168.208246037218487 ], [ 287013.784737140755169, 79159.65615160993184 ] ] ] } },
{ "type": "Feature", "properties": { "uuid": "c8066310-5063-47b4-923c-00cacd057f3a" }, "geometry": { "type": "Polygon", "coordinates": [ [ [ 287022.764442365267314, 79259.077431805053493 ], [ 287013.510851982980967, 79270.260970719798934 ], [ 287019.319290176732466, 79275.438370020070579 ], [ 287028.952494744793512, 79264.246668913197936 ], [ 287022.764442365267314, 79259.077431805053493 ] ] ] } },
{ "type": "Feature", "properties": { "uuid": "5bbcda18-e6b4-482a-a2e5-6c9486783197" }, "geometry": { "type": "Polygon", "coordinates": [ [ [ 287018.384656994254328, 79249.702842359169153 ], [ 287016.164116204483435, 79252.402042192785302 ], [ 287020.81741034402512, 79256.84684595145518 ], [ 287023.41756393754622, 79254.139466467953753 ], [ 287018.384656994254328, 79249.702842359169153 ] ] ] } },
{ "type": "Feature", "properties": { "uuid": "8cb2601c-4fb3-4360-9e5d-a387c783b13d" }, "geometry": { "type": "Polygon", "coordinates": [ [ [ 287020.479325341584627, 79117.847249220445519 ], [ 287014.544126529130153, 79124.414296798466239 ], [ 287022.671256925386842, 79131.435710028861649 ], [ 287028.218674264091533, 79124.498269966396037 ], [ 287020.479325341584627, 79117.847249220445519 ] ] ] } },
{ "type": "Feature", "properties": { "uuid": "836c62c1-d31b-4f7a-af99-768e683c5a6a" }, "geometry": { "type": "Polygon", "coordinates": [ [ [ 287024.311952261021361, 79172.30727199773537 ], [ 287017.972708801273257, 79177.746663586003706 ], [ 287035.883979313774034, 79198.192633124592248 ], [ 287041.851758569362573, 79193.140055478987051 ], [ 287024.311952261021361, 79172.30727199773537 ] ] ] } },
{ "type": "Feature", "properties": { "uuid": "1f343ee3-81a9-4923-add2-6b22d06d605d" }, "geometry": { "type": "Polygon", "coordinates": [ [ [ 287028.339968923828565, 79306.302044919779291 ], [ 287024.27037624589866, 79311.313614871847676 ], [ 287037.421882914029993, 79322.392781019763788 ], [ 287041.491478806594387, 79317.381231922627194 ], [ 287028.339968923828565, 79306.302044919779291 ] ] ] } },
{ "type": "Feature", "properties": { "uuid": "f0d0d5db-f6b1-4443-b0a8-e797ecbcd4c6" }, "geometry": { "type": "Polygon", "coordinates": [ [ [ 287037.185759752988815, 79240.964788700133795 ], [ 287026.413655899697915, 79252.181072813662468 ], [ 287034.160966080671642, 79259.210509865893982 ], [ 287044.933070943458006, 79247.994256668025628 ], [ 287037.185759752988815, 79240.964788700133795 ] ] ] } },
{ "type": "Feature", "properties": { "uuid": "41f12228-8b60-4473-8f63-c854cee2fe90" }, "geometry": { "type": "Polygon", "coordinates": [ [ [ 287051.806530674686655, 79284.964544307906181 ], [ 287034.564808905008249, 79295.562653198721819 ], [ 287038.499635235173628, 79301.916706753981998 ], [ 287055.74134314636467, 79291.318623079016106 ], [ 287051.806530674686655, 79284.964544307906181 ] ] ] } },
{ "type": "Feature", "properties": { "uuid": "3a174991-10ef-438b-b682-b47bdbacd5ca" }, "geometry": { "type": "Polygon", "coordinates": [ [ [ 287058.59955928841373, 79212.474822884309106 ], [ 287038.692117883765604, 79222.751737778075039 ], [ 287033.128473616670817, 79228.931868130661314 ], [ 287042.014648859854788, 79235.936799244809663 ], [ 287047.570135554648004, 79229.378100287576672 ], [ 287063.730370964796748, 79221.454561699763872 ], [ 287058.59955928841373, 79212.474822884309106 ] ] ] } },
{ "type": "Feature", "properties": { "uuid": "ad8443a5-e8f2-4e25-9c82-b14978075518" }, "geometry": { "type": "Polygon", "coordinates": [ [ [ 287041.60208789492026, 79269.655383129604161 ], [ 287039.010093858349137, 79272.741328848642297 ], [ 287044.042961272003595, 79277.17795193856 ], [ 287046.634955892281141, 79274.09201132672024 ], [ 287041.60208789492026, 79269.655383129604161 ] ] ] } },
{ "type": "Feature", "properties": { "uuid": "d09b7e66-4190-4780-b7bb-b49b3ea6064e" }, "geometry": { "type": "Polygon", "coordinates": [ [ [ 287045.832057561492547, 79148.738590777269565 ], [ 287038.370225519523956, 79154.959710311377421 ], [ 287064.530864929547533, 79188.106085318519035 ], [ 287073.147847111918963, 79182.617680076218676 ], [ 287045.832057561492547, 79148.738590777269565 ] ] ] } },
{ "type": "Feature", "properties": { "uuid": "f14d08be-389f-4a90-8966-087fed2d92da" }, "geometry": { "type": "Polygon", "coordinates": [ [ [ 287055.260332886711694, 79233.757497591694118 ], [ 287046.361761621781625, 79243.797090697393287 ], [ 287054.100896471238229, 79250.447983021877008 ], [ 287063.007629196508788, 79240.78700134382234 ], [ 287055.260332886711694, 79233.757497591694118 ] ] ] } },
{ "type": "Feature", "properties": { "uuid": "f592cab9-d18d-441e-9113-d456d335a7df" }, "geometry": { "type": "Polygon", "coordinates": [ [ [ 287063.803343216364738, 79260.08664631965803 ], [ 287060.129610065196175, 79265.847216379508609 ], [ 287065.525759095093235, 79269.518517382646678 ], [ 287069.199495316075627, 79263.757955227483762 ], [ 287063.803343216364738, 79260.08664631965803 ] ] ] } },
{ "type": "Feature", "properties": { "uuid": "9cf0adc9-62a6-4d6e-9a62-b3bc14c3c69d" }, "geometry": { "type": "Polygon", "coordinates": [ [ [ 287068.794926985807251, 79297.854934453847818 ], [ 287062.125140865391586, 79305.573813567840261 ], [ 287068.70086649019504, 79311.113447944051586 ], [ 287075.370654644037131, 79303.394585383590311 ], [ 287068.794926985807251, 79297.854934453847818 ] ] ] } },
{ "type": "Feature", "properties": { "uuid": "62db5cd3-0b45-4647-be46-3d3de416e322" }, "geometry": { "type": "Polygon", "coordinates": [ [ [ 287066.672751594451256, 79269.87255833967356 ], [ 287061.513215275423136, 79277.180172130494611 ], [ 287069.227807046263479, 79282.695294882258167 ], [ 287074.387348131800536, 79275.387696502904873 ], [ 287066.672751594451256, 79269.87255833967356 ] ] ] } },
{ "type": "Feature", "properties": { "uuid": "159b0e1f-254b-4036-ba2e-289ecfe00d7f" }, "geometry": { "type": "Polygon", "coordinates": [ [ [ 286825.192207636369858, 79184.936508659156971 ], [ 286818.795942467753775, 79187.726009281526785 ], [ 286821.996406563092023, 79195.232207255176036 ], [ 286816.424802143825218, 79201.034019028185867 ], [ 286816.637394297576975, 79210.877314148237929 ], [ 286796.268991227261722, 79217.377493498817785 ], [ 286797.497795404051431, 79221.517353314120555 ], [ 286819.772437442210503, 79215.35477758932393 ], [ 286820.891427265945822, 79231.996208368538646 ], [ 286829.234765338129364, 79231.437260875740321 ], [ 286828.593526664830279, 79219.330679100967245 ], [ 286830.943701536976732, 79187.463666944036959 ], [ 286825.192207636369858, 79184.936508659156971 ] ] ] } },
{ "type": "Feature", "properties": { "uuid": "88e8aecb-1955-44ee-b249-d6f203f65ec9" }, "geometry": { "type": "Polygon", "coordinates": [ [ [ 286826.097362791537307, 79279.607697043364169 ], [ 286814.741745889827143, 79281.36798727203859 ], [ 286822.719423798320349, 79334.221743971720571 ], [ 286812.180379605269991, 79338.615680939867161 ], [ 286818.038011209340766, 79346.064264619752066 ], [ 286806.152300145302434, 79358.441130960767623 ], [ 286816.234630738035776, 79368.070948930282611 ], [ 286824.77748011884978, 79359.175108947238186 ], [ 286842.4763856062782, 79369.776741811016109 ], [ 286845.035518698685337, 79365.176442854339257 ], [ 286826.948822108563036, 79354.204412347229663 ], [ 286825.116204362595454, 79357.274023900972679 ], [ 286825.40587205713382, 79353.101472480717348 ], [ 286838.312458900734782, 79352.822745005309116 ], [ 286836.181982534995768, 79359.686324220907409 ], [ 286844.590516011696309, 79362.15602441248484 ], [ 286847.084258292801678, 79354.527100304461783 ], [ 286840.194136259902734, 79352.024602875113487 ], [ 286840.030634852009825, 79344.453042167704552 ], [ 286827.124027474608738, 79344.731765117234318 ], [ 286826.886923275480513, 79333.752982964040712 ], [ 286834.107629725825973, 79333.975801079795929 ], [ 286826.097362791537307, 79279.607697043364169 ] ] ] } },
{ "type": "Feature", "properties": { "uuid": "ec2792a9-f88e-4631-a9bf-40f1b50e1709" }, "geometry": { "type": "Polygon", "coordinates": [ [ [ 286821.288566513336264, 79267.969992227532202 ], [ 286806.920565350388642, 79270.931642676732736 ], [ 286807.769738877483178, 79275.079661737254355 ], [ 286822.12955270963721, 79271.739432016562205 ], [ 286821.288566513336264, 79267.969992227532202 ] ] ] } },
{ "type": "Feature", "properties": { "uuid": "f74c6bdc-8a0a-4d60-bfdc-767f0ea3e073" }, "geometry": { "type": "Polygon", "coordinates": [ [ [ 286819.569204819679726, 79241.115068473067367 ], [ 286806.348148011253215, 79244.430722696677549 ], [ 286808.838436264020856, 79254.22474002893432 ], [ 286822.059469526284374, 79250.909097396826837 ], [ 286819.569204819679726, 79241.115068473067367 ] ] ] } },
{ "type": "Feature", "properties": { "uuid": "5300805a-c3df-4503-9cb3-9925959995a7" }, "geometry": { "type": "Polygon", "coordinates": [ [ [ 286830.427304523298517, 79251.485907779744593 ], [ 286821.704385526187252, 79252.053050881135277 ], [ 286823.194801011006348, 79268.307583664194681 ], [ 286831.909517428837717, 79267.36185998423025 ], [ 286830.427304523298517, 79251.485907779744593 ] ] ] } },
{ "type": "Feature", "properties": { "uuid": "3c6ea3bc-6e66-4343-83ad-1166a516fb87" }, "geometry": { "type": "Polygon", "coordinates": [ [ [ 286840.280888548004441, 79250.515602575062076 ], [ 286836.113321905431803, 79250.984357913373969 ], [ 286836.721841096936259, 79261.576530416699825 ], [ 286841.277186360559426, 79261.478163372608833 ], [ 286840.280888548004441, 79250.515602575062076 ] ] ] } },
{ "type": "Feature", "properties": { "uuid": "afb7273f-b618-48b8-a863-3ff90d7d610a" }, "geometry": { "type": "Polygon", "coordinates": [ [ [ 286870.981340270198416, 79282.804911361570703 ], [ 286853.56926881079562, 79320.677854377339827 ], [ 286848.585320749785751, 79318.512927624571603 ], [ 286844.083680409239605, 79338.684196199086728 ], [ 286846.582033886457793, 79348.856630377151305 ], [ 286849.239274330087937, 79348.799253470468102 ], [ 286879.761415399378166, 79284.887930256925756 ], [ 286870.981340270198416, 79282.804911361570703 ] ] ] } },
{ "type": "Feature", "properties": { "uuid": "8c5f6d9d-fbfc-4ccd-8f12-1d5e7e9bfa41" }, "geometry": { "type": "Polygon", "coordinates": [ [ [ 286855.895005576894619, 79287.675722161307931 ], [ 286843.4250926412642, 79290.59628290971159 ], [ 286847.209435983328149, 79307.558681542723207 ], [ 286859.679310061386786, 79304.638137793226633 ], [ 286855.895005576894619, 79287.675722161307931 ] ] ] } },
{ "type": "Feature", "properties": { "uuid": "2a71a639-950b-4b8c-a6b5-6f90607f5090" }, "geometry": { "type": "Polygon", "coordinates": [ [ [ 286847.309112122631632, 79224.229231632547453 ], [ 286841.235275412967894, 79224.360380956117297 ], [ 286841.398772531189024, 79231.932114055001875 ], [ 286847.092986222589388, 79231.809161415614653 ], [ 286847.309112122631632, 79224.229231632547453 ] ] ] } },
{ "type": "Feature", "properties": { "uuid": "8875542d-cd74-45c8-b706-3f1db016ea20" }, "geometry": { "type": "Polygon", "coordinates": [ [ [ 286843.916092794155702, 79190.213674916012678 ], [ 286842.316896358737722, 79221.685680763126584 ], [ 286853.721693911531474, 79222.196958179672947 ], [ 286855.329132135026157, 79191.103550630796235 ], [ 286843.916092794155702, 79190.213674916012678 ] ] ] } },
{ "type": "Feature", "properties": { "uuid": "ea37fe5b-c1d9-4994-bba8-53268834f077" }, "geometry": { "type": "Polygon", "coordinates": [ [ [ 286850.121725985431112, 79231.365002805308904 ], [ 286850.366952615906484, 79242.722583017282886 ], [ 286880.75237362133339, 79242.824129251355771 ], [ 286880.894999021664262, 79231.836942371388432 ], [ 286850.121725985431112, 79231.365002805308904 ] ] ] } },
{ "type": "Feature", "properties": { "uuid": "d61ad35f-7d55-4ac3-b72c-f58be4c9d69b" }, "geometry": { "type": "Polygon", "coordinates": [ [ [ 286872.099321673507802, 79264.221546744229272 ], [ 286859.604824197653215, 79266.006328006478725 ], [ 286858.67850397498114, 79275.874088101671077 ], [ 286885.688090687384829, 79277.942334313906031 ], [ 286890.369720049609896, 79266.099728844827041 ], [ 286872.099321673507802, 79264.221546744229272 ] ] ] } },
{ "type": "Feature", "properties": { "uuid": "2c350504-8f24-40ab-81a4-11bc65ab3bbc" }, "geometry": { "type": "Polygon", "coordinates": [ [ [ 286872.350205164402723, 79170.282701541349525 ], [ 286871.134118919610046, 79184.323320824245457 ], [ 286880.2694587840233, 79185.262421624414856 ], [ 286881.171325864968821, 79174.258726651198231 ], [ 286893.343627149122767, 79175.132300566445338 ], [ 286894.029324835515581, 79171.708599401172251 ], [ 286872.350205164402723, 79170.282701541349525 ] ] ] } },
{ "type": "Feature", "properties": { "uuid": "1e542d0c-37e4-424b-bf96-b27beccb25d7" }, "geometry": { "type": "Polygon", "coordinates": [ [ [ 286876.425039633584674, 79218.297954028908862 ], [ 286876.490418119414244, 79221.326651761191897 ], [ 286885.617520882049575, 79221.887165899242973 ], [ 286885.552147661452182, 79218.858468564169016 ], [ 286876.425039633584674, 79218.297954028908862 ] ] ] } },
{ "type": "Feature", "properties": { "uuid": "5871f2dd-77a6-46f9-a65b-b205d088a168" }, "geometry": { "type": "Polygon", "coordinates": [ [ [ 286891.239611132012215, 79288.80651915440103 ], [ 286883.611018906347454, 79304.879019034735393 ], [ 286894.750415101647377, 79310.698696791369002 ], [ 286899.125960246601608, 79302.27159808401484 ], [ 286906.032456363434903, 79305.53135991646559 ], [ 286911.167242799070664, 79297.087878978461958 ], [ 286891.239611132012215, 79288.80651915440103 ] ] ] } },
{ "type": "Feature", "properties": { "uuid": "9a888a87-1ff0-46be-88d9-98e0dc004d54" }, "geometry": { "type": "Polygon", "coordinates": [ [ [ 286879.354193724982906, 79142.860205527511425 ], [ 286877.9055588246556, 79163.723736303509213 ], [ 286884.375427635910455, 79164.341619021550287 ], [ 286885.82408792572096, 79143.478093396610348 ], [ 286879.354193724982906, 79142.860205527511425 ] ] ] } },
{ "type": "Feature", "properties": { "uuid": "52814394-3bbd-4847-8a2e-14d52a31305b" }, "geometry": { "type": "Polygon", "coordinates": [ [ [ 286893.605776500073262, 79222.472275433450704 ], [ 286886.765267670969479, 79257.46603544842219 ], [ 286892.475795315054711, 79258.100300612393767 ], [ 286903.88805951399263, 79223.765415255562402 ], [ 286893.605776500073262, 79222.472275433450704 ] ] ] } },
{ "type": "Feature", "properties": { "uuid": "c85bcb85-7dac-4394-bdcf-fc91a844f506" }, "geometry": { "type": "Polygon", "coordinates": [ [ [ 286895.749651920516044, 79269.013692155858735 ], [ 286891.786378402146511, 79278.946984547626926 ], [ 286913.248826126917265, 79287.952760012063663 ], [ 286917.5835736800218, 79277.632727386575425 ], [ 286895.749651920516044, 79269.013692155858735 ] ] ] } },
{ "type": "Feature", "properties": { "uuid": "d3a4b9ea-0fa5-4234-a369-164e79709ce0" }, "geometry": { "type": "Polygon", "coordinates": [ [ [ 286889.592735594254918, 79194.909092014160706 ], [ 286888.956072693224996, 79200.604310907016043 ], [ 286893.527812365733553, 79201.263167114753742 ], [ 286894.544096921745222, 79195.559756488451967 ], [ 286889.592735594254918, 79194.909092014160706 ] ] ] } },
{ "type": "Feature", "properties": { "uuid": "c6dfe31f-158b-4a27-b811-fec49fcc446b" }, "geometry": { "type": "Polygon", "coordinates": [ [ [ 286903.356987335369922, 79199.157209058263106 ], [ 286896.948772904812358, 79218.991253017884446 ], [ 286905.365667464677244, 79221.839710541098611 ], [ 286912.161695509101264, 79202.376085113763111 ], [ 286903.356987335369922, 79199.157209058263106 ] ] ] } },
{ "type": "Feature", "properties": { "uuid": "ce25760e-aa63-45e9-b80b-51fa3106ca8e" }, "geometry": { "type": "Polygon", "coordinates": [ [ [ 286903.635393788921647, 79247.254136132047279 ], [ 286901.851715637138113, 79252.595289656339446 ], [ 286924.865374203538522, 79263.082726570108207 ], [ 286927.036852525372524, 79258.111985730298329 ], [ 286903.635393788921647, 79247.254136132047279 ] ] ] } },
{ "type": "Feature", "properties": { "uuid": "6e40c3a2-2942-4a1c-848c-ce77fb954175" }, "geometry": { "type": "Polygon", "coordinates": [ [ [ 286900.588439020386431, 79141.265594622149365 ], [ 286898.670222984685097, 79157.972809278639033 ], [ 286908.573010721302126, 79159.274171432683943 ], [ 286910.111636877874844, 79142.575157600338571 ], [ 286900.588439020386431, 79141.265594622149365 ] ] ] } },
{ "type": "Feature", "properties": { "uuid": "48a2f283-704e-40c0-a1eb-99c257d1e339" }, "geometry": { "type": "Polygon", "coordinates": [ [ [ 286910.295733864710201, 79168.706182952591917 ], [ 286902.144603809108958, 79195.774487632646924 ], [ 286913.606634288327768, 79198.936020763707347 ], [ 286918.529143148334697, 79180.649050511099631 ], [ 286921.765986292273737, 79172.246342647325946 ], [ 286910.295733864710201, 79168.706182952591917 ] ] ] } },
{ "type": "Feature", "properties": { "uuid": "3481f6f6-832d-42db-99b4-8f0a3bd7c1c5" }, "geometry": { "type": "Polygon", "coordinates": [ [ [ 286921.004412004724145, 79295.360567727446323 ], [ 286910.563252759340685, 79304.297309282643255 ], [ 286918.747443802771159, 79313.968380772770615 ], [ 286929.180427963205148, 79304.653090619598515 ], [ 286921.004412004724145, 79295.360567727446323 ] ] ] } },
{ "type": "Feature", "properties": { "uuid": "f72f4753-fec4-4331-aaf7-bcea2aa16ba8" }, "geometry": { "type": "Polygon", "coordinates": [ [ [ 286933.350984553864691, 79216.311913540121168 ], [ 286916.974688620655797, 79231.81579100136878 ], [ 286922.02403947012499, 79237.00950854353141 ], [ 286925.722152193658985, 79232.38456453429535 ], [ 286938.012550221115816, 79221.135265032935422 ], [ 286933.350984553864691, 79216.311913540121168 ] ] ] } },
{ "type": "Feature", "properties": { "uuid": "4679f311-0e68-414a-b8b6-23fcc77e83eb" }, "geometry": { "type": "Polygon", "coordinates": [ [ [ 286944.891407030867413, 79311.131747067003744 ], [ 286929.629700427525677, 79325.475008416222408 ], [ 286935.850445163960103, 79332.158387765433872 ], [ 286951.112148016924039, 79317.815162576385774 ], [ 286944.891407030867413, 79311.131747067003744 ] ] ] } },
{ "type": "Feature", "properties": { "uuid": "38a8f11a-d2bc-48c1-8136-49901d967a7f" }, "geometry": { "type": "Polygon", "coordinates": [ [ [ 286931.767603245214559, 79248.540887711395044 ], [ 286928.836891047132667, 79253.528016740136081 ], [ 286940.768235698749777, 79260.845806415221887 ], [ 286943.698954653460532, 79255.858691226079827 ], [ 286931.767603245214559, 79248.540887711395044 ] ] ] } },
{ "type": "Feature", "properties": { "uuid": "989c3ff8-c504-4096-bb88-9c7c3c5b180a" }, "geometry": { "type": "Polygon", "coordinates": [ [ [ 286940.307325878937263, 79292.292771430802532 ], [ 286936.601076746068429, 79296.539072098385077 ], [ 286954.810226116795093, 79313.19030873614247 ], [ 286964.05545011034701, 79301.628168836090481 ], [ 286958.255149730364792, 79296.829437070206041 ], [ 286952.699845653085504, 79303.38815332588274 ], [ 286940.307325878937263, 79292.292771430802532 ] ] ] } },
{ "type": "Feature", "properties": { "uuid": "fff55ebe-d97e-482b-850c-eaa1de067a8b" }, "geometry": { "type": "Polygon", "coordinates": [ [ [ 286941.930860598164145, 79191.507113121071598 ], [ 286933.665254439867567, 79213.275023038499057 ], [ 286940.935122500173748, 79215.769524063216522 ], [ 286948.8293042719597, 79194.388415029097814 ], [ 286941.930860598164145, 79191.507113121071598 ] ] ] } },
{ "type": "Feature", "properties": { "uuid": "529e31f5-3bd3-4475-87e1-7ea7db526f57" }, "geometry": { "type": "Polygon", "coordinates": [ [ [ 286945.511430053389631, 79269.454959292314015 ], [ 286938.115231916308403, 79278.704753876954783 ], [ 286947.389235417474993, 79286.079852575698169 ], [ 286954.785438560706098, 79276.830084198882105 ], [ 286945.511430053389631, 79269.454959292314015 ] ] ] } },
{ "type": "Feature", "properties": { "uuid": "ab291943-fbbd-4157-8207-523a3e8f5960" }, "geometry": { "type": "Polygon", "coordinates": [ [ [ 286949.433976170839742, 79257.628771735471673 ], [ 286942.780641975929029, 79266.105033523374004 ], [ 286946.26248556736391, 79269.059996647352818 ], [ 286953.295433359802701, 79260.575555089191766 ], [ 286949.433976170839742, 79257.628771735471673 ] ] ] } },
{ "type": "Feature", "properties": { "uuid": "098c5c36-72ef-4bd3-abca-ac46900cdf0a" }, "geometry": { "type": "Polygon", "coordinates": [ [ [ 287100.0, 79385.102684844445321 ], [ 287097.043426875083242, 79392.692190617730375 ], [ 287100.0, 79393.846726366798976 ], [ 287100.0, 79385.102684844445321 ] ] ] } },
{ "type": "Feature", "properties": { "uuid": "53d735a2-3949-4121-a5e0-073ad6a7330f" }, "geometry": { "type": "Polygon", "coordinates": [ [ [ 287079.349485771555919, 79364.667091667855857 ], [ 287071.451219239679631, 79368.246065364481183 ], [ 287081.438942605047487, 79391.134667913109297 ], [ 287089.337180398171768, 79387.555723768484313 ], [ 287079.349485771555919, 79364.667091667855857 ] ] ] } },
{ "type": "Feature", "properties": { "uuid": "7cdbe193-ac25-49c4-a629-27fcfbda5df7" }, "geometry": { "type": "Polygon", "coordinates": [ [ [ 287100.0, 79338.546838183916407 ], [ 287093.170850477647036, 79336.341528907127213 ], [ 287070.259612910100259, 79348.197841391141992 ], [ 287073.03922601940576, 79353.819241743185557 ], [ 287094.827939753537066, 79342.744646090723109 ], [ 287100.0, 79353.363005267849076 ], [ 287100.0, 79338.546838183916407 ] ] ] } },
{ "type": "Feature", "properties": { "uuid": "9a16d3ec-f0f4-41d7-b709-4736c0707ba3" }, "geometry": { "type": "Polygon", "coordinates": [ [ [ 287086.775233944354113, 79303.906353999715066 ], [ 287082.133992484305054, 79317.64158494755975 ], [ 287092.456814275530633, 79320.827961378556211 ], [ 287096.726627267722506, 79307.479508065851405 ], [ 287086.775233944354113, 79303.906353999715066 ] ] ] } },
{ "type": "Feature", "properties": { "uuid": "e5f827a4-db62-486d-aae8-098822065f2b" }, "geometry": { "type": "Polygon", "coordinates": [ [ [ 287100.0, 79306.745309340913082 ], [ 287099.747182762250304, 79306.656918304244755 ], [ 287097.600034573406447, 79312.76327787199989 ], [ 287100.0, 79313.504089959722478 ], [ 287100.0, 79306.745309340913082 ] ] ] } },
{ "type": "Feature", "properties": { "uuid": "7d96bfe5-6e0f-4c61-b946-81c622a5c440" }, "geometry": { "type": "Polygon", "coordinates": [ [ [ 286572.916648500657175, 79426.357258100848412 ], [ 286572.941231817065272, 79427.492976098350482 ], [ 286573.296248957980424, 79426.349041428387864 ], [ 286572.916648500657175, 79426.357258100848412 ] ] ] } },
{ "type": "Feature", "properties": { "uuid": "1cde53f3-ae54-40d8-8d29-d995ae45d2e1" }, "geometry": { "type": "Polygon", "coordinates": [ [ [ 286591.601721013546921, 79412.317822768294718 ], [ 286585.328754194953945, 79420.786101797159063 ], [ 286585.610032910248265, 79416.235006942035398 ], [ 286575.352606962260325, 79416.078268938261317 ], [ 286574.847427996632177, 79427.830465632927371 ], [ 286585.104831042815931, 79427.987201466516126 ], [ 286585.394302487198729, 79423.814685678255046 ], [ 286593.88479618425481, 79430.069680223881733 ], [ 286601.247412797762081, 79419.305343799234834 ], [ 286591.601721013546921, 79412.317822768294718 ] ] ] } },
{ "type": "Feature", "properties": { "uuid": "76667a4f-575f-4628-bdfd-5e882a7c1cf4" }, "geometry": { "type": "Polygon", "coordinates": [ [ [ 286604.737550498277415, 79422.638570832670666 ], [ 286594.676768015313428, 79431.567539394804044 ], [ 286599.354856872174423, 79437.1475416116009 ], [ 286609.795236230944283, 79428.210377326846356 ], [ 286604.737550498277415, 79422.638570832670666 ] ] ] } },
{ "type": "Feature", "properties": { "uuid": "ea32dfcb-87ff-49f2-8122-f8007959d29b" }, "geometry": { "type": "Polygon", "coordinates": [ [ [ 286627.153210499556735, 79405.488521383376792 ], [ 286612.52895066246856, 79414.137463583814679 ], [ 286616.505172068020329, 79422.383938309532823 ], [ 286632.631439594842959, 79412.945023330132244 ], [ 286627.153210499556735, 79405.488521383376792 ] ] ] } },
{ "type": "Feature", "properties": { "uuid": "1b992cac-c54a-402a-b86b-0da42b5b95aa" }, "geometry": { "type": "Polygon", "coordinates": [ [ [ 286818.390830852207728, 79397.567048117460217 ], [ 286806.32190069911303, 79419.037756385601824 ], [ 286802.840071389451623, 79416.082970800664043 ], [ 286786.86892769287806, 79432.714219951856649 ], [ 286798.89004335278878, 79444.195715684938477 ], [ 286818.130407410440966, 79420.676440886891214 ], [ 286825.097532538231462, 79409.163468045269838 ], [ 286827.632102161995135, 79403.427471565781161 ], [ 286818.390830852207728, 79397.567048117460217 ] ] ] } },
{ "type": "Feature", "properties": { "uuid": "950d218e-b7ec-4468-a0fc-8e16083b02a7" }, "geometry": { "type": "Polygon", "coordinates": [ [ [ 286709.728332476515789, 79430.593910062627401 ], [ 286701.491724777792115, 79436.074474964116234 ], [ 286707.761752170394175, 79445.028877485805424 ], [ 286715.618752317037433, 79439.556537805823609 ], [ 286709.728332476515789, 79430.593910062627401 ] ] ] } },
{ "type": "Feature", "properties": { "uuid": "772a53ee-2954-47c4-98e5-3c15b8097e3d" }, "geometry": { "type": "Polygon", "coordinates": [ [ [ 286662.371354246046394, 79418.361718165891943 ], [ 286656.040964847255964, 79424.179890285799047 ], [ 286672.764963124471251, 79442.376890824030852 ], [ 286679.095347649825271, 79436.558758810308063 ], [ 286662.371354246046394, 79418.361718165891943 ] ] ] } },
{ "type": "Feature", "properties": { "uuid": "6b781885-a852-464a-b435-0787a1a7dbb8" }, "geometry": { "type": "Polygon", "coordinates": [ [ [ 286637.35045166593045, 79420.417943875916535 ], [ 286627.59549734351458, 79425.931485761917429 ], [ 286636.290682030783501, 79441.650841186376056 ], [ 286646.045615086623002, 79436.137331153528066 ], [ 286637.35045166593045, 79420.417943875916535 ] ] ] } },
{ "type": "Feature", "properties": { "uuid": "df0436b0-7717-4688-9252-ebf4f8c36319" }, "geometry": { "type": "Polygon", "coordinates": [ [ [ 286772.851596327556763, 79416.730859236151446 ], [ 286768.386368614155799, 79420.993591081292834 ], [ 286780.464808425400406, 79435.125076101074228 ], [ 286785.301453930558637, 79430.475592355622211 ], [ 286772.851596327556763, 79416.730859236151446 ] ] ] } },
{ "type": "Feature", "properties": { "uuid": "f06b73b5-96b4-4d96-b04e-67abaed4d79b" }, "geometry": { "type": "Polygon", "coordinates": [ [ [ 286726.283432363707107, 79423.41853275577887 ], [ 286721.430462994670961, 79427.310933840868529 ], [ 286727.28813263704069, 79434.759292150702095 ], [ 286732.132916114816908, 79430.488329653308028 ], [ 286726.283432363707107, 79423.41853275577887 ] ] ] } },
{ "type": "Feature", "properties": { "uuid": "8bf02d9c-5af5-4d69-976c-9795acd2661a" }, "geometry": { "type": "Polygon", "coordinates": [ [ [ 286776.040800304268487, 79353.41033273699577 ], [ 286766.706089608545881, 79360.808360898663523 ], [ 286779.576592486992013, 79376.437909474858316 ], [ 286771.743972387572285, 79383.045939990784973 ], [ 286769.796874403720722, 79380.815497448289534 ], [ 286763.813204501173459, 79385.111070972779999 ], [ 286771.230168446025345, 79394.419600546360016 ], [ 286767.846466772607528, 79396.007721293397481 ], [ 286771.830632659606636, 79404.632907747960417 ], [ 286780.108257619373035, 79401.045296880387468 ], [ 286771.904253180604428, 79408.04007317480864 ], [ 286783.974532567081042, 79421.793028907297412 ], [ 286798.129474806250073, 79408.988477446720935 ], [ 286786.067384482186753, 79395.614030777447624 ], [ 286780.851102954242378, 79400.271744940750068 ], [ 286778.054834941751324, 79393.893388811935438 ], [ 286796.716013654193375, 79378.718893811426824 ], [ 286776.040800304268487, 79353.41033273699577 ] ] ] } },
{ "type": "Feature", "properties": { "uuid": "485570ab-4f54-43ff-b185-c30a98de9a8b" }, "geometry": { "type": "Polygon", "coordinates": [ [ [ 286686.521499141119421, 79393.599372579948977 ], [ 286666.787375563697424, 79411.827449558622902 ], [ 286673.792131178546697, 79419.629717008210719 ], [ 286693.914035623311065, 79401.77205957219121 ], [ 286686.521499141119421, 79393.599372579948977 ] ] ] } },
{ "type": "Feature", "properties": { "uuid": "c943c687-dab3-42c2-b5d6-0f03742465ec" }, "geometry": { "type": "Polygon", "coordinates": [ [ [ 286637.287805458996445, 79399.966746660822537 ], [ 286630.932849155564327, 79404.649247021821793 ], [ 286636.411073571303859, 79412.105753939104034 ], [ 286642.766025251650717, 79407.423266676341882 ], [ 286637.287805458996445, 79399.966746660822537 ] ] ] } },
{ "type": "Feature", "properties": { "uuid": "a1d70b8a-b8e3-40f5-bdb3-553cfeeb543f" }, "geometry": { "type": "Polygon", "coordinates": [ [ [ 286688.491092378506437, 79361.741523292002967 ], [ 286680.989044516696595, 79366.070041617902461 ], [ 286701.093735085567459, 79400.10181677856599 ], [ 286708.207961657666601, 79395.402986010594759 ], [ 286688.491092378506437, 79361.741523292002967 ] ] ] } },
{ "type": "Feature", "properties": { "uuid": "b3ac6a6c-abce-45e2-a0a8-726d97257eb8" }, "geometry": { "type": "Polygon", "coordinates": [ [ [ 286804.034793658414856, 79383.484574813803192 ], [ 286799.949115331750363, 79387.739104822278023 ], [ 286804.222880980814807, 79392.191805108508561 ], [ 286808.308559054159559, 79387.937282013444928 ], [ 286804.034793658414856, 79383.484574813803192 ] ] ] } },
{ "type": "Feature", "properties": { "uuid": "7c9d7d2d-0100-4268-85ca-aa88d619bfa2" }, "geometry": { "type": "Polygon", "coordinates": [ [ [ 286652.644450009567663, 79354.941670858650468 ], [ 286598.437290949746966, 79394.747317767032655 ], [ 286602.356202459428459, 79400.34379230561899 ], [ 286656.95112386753317, 79360.908593844680581 ], [ 286652.644450009567663, 79354.941670858650468 ] ] ] } },
{ "type": "Feature", "properties": { "uuid": "9ff00d3b-37ef-44c8-a15e-8f95c34262cf" }, "geometry": { "type": "Polygon", "coordinates": [ [ [ 286658.127934542717412, 79380.199580687680282 ], [ 286643.924104306148365, 79390.733138406591024 ], [ 286649.402323580055963, 79398.18967839909601 ], [ 286663.606143550947309, 79387.656150054390309 ], [ 286658.127934542717412, 79380.199580687680282 ] ] ] } },
{ "type": "Feature", "properties": { "uuid": "0a2823aa-6bff-41e7-b8da-314a07118442" }, "geometry": { "type": "Polygon", "coordinates": [ [ [ 286730.193551316973753, 79340.765944366663462 ], [ 286712.887154032650869, 79348.336403167806566 ], [ 286730.053066020016558, 79386.976957530598156 ], [ 286740.963370055775158, 79382.196109770389739 ], [ 286734.982924238662235, 79369.069013906526379 ], [ 286741.370741889055353, 79365.900920561834937 ], [ 286730.193551316973753, 79340.765944366663462 ] ] ] } },
{ "type": "Feature", "properties": { "uuid": "e8a75fe2-bf57-44cb-bc24-e1887e62cb9e" }, "geometry": { "type": "Polygon", "coordinates": [ [ [ 286668.172547174966894, 79370.5135011204693 ], [ 286661.437923996709287, 79375.204198147956049 ], [ 286666.91613313293783, 79382.660778046236373 ], [ 286673.650751142704394, 79377.970094505028101 ], [ 286668.172547174966894, 79370.5135011204693 ] ] ] } },
{ "type": "Feature", "properties": { "uuid": "ef971c27-b208-45d8-ba22-e23c1f9812be" }, "geometry": { "type": "Polygon", "coordinates": [ [ [ 286685.45729097048752, 79344.384400697570527 ], [ 286678.490374262386467, 79355.897708144620992 ], [ 286685.421507299819496, 79360.292881077330094 ], [ 286692.388432692619972, 79348.779592754028272 ], [ 286685.45729097048752, 79344.384400697570527 ] ] ] } },
{ "type": "Feature", "properties": { "uuid": "cae32c29-2b6f-42c8-bf44-2784db380fea" }, "geometry": { "type": "Polygon", "coordinates": [ [ [ 286795.472919757652562, 79321.175044075062033 ], [ 286786.840086331765633, 79325.906620366120478 ], [ 286800.657914200099185, 79350.227221953362459 ], [ 286809.653969994047657, 79344.730333131388761 ], [ 286795.472919757652562, 79321.175044075062033 ] ] ] } },
{ "type": "Feature", "properties": { "uuid": "c7fe9b4d-4266-479e-9a1d-2967c1953dcc" }, "geometry": { "type": "Polygon", "coordinates": [ [ [ 286677.365771836659405, 79321.455238014896167 ], [ 286649.072411860222928, 79347.822587394883158 ], [ 286654.509723832714371, 79353.386305780382827 ], [ 286682.803079053293914, 79327.019013404933503 ], [ 286677.365771836659405, 79321.455238014896167 ] ] ] } },
{ "type": "Feature", "properties": { "uuid": "f444a5dd-1f89-4f0e-9701-f63a91be2a74" }, "geometry": { "type": "Polygon", "coordinates": [ [ [ 286694.355016615707427, 79334.344356095592957 ], [ 286688.404095026664436, 79340.154369073658017 ], [ 286693.453579662600532, 79345.34776454148232 ], [ 286699.404500536504202, 79339.537762997730169 ], [ 286694.355016615707427, 79334.344356095592957 ] ] ] } },
{ "type": "Feature", "properties": { "uuid": "6093fa00-633d-4982-ad3a-ab25947c8897" }, "geometry": { "type": "Polygon", "coordinates": [ [ [ 286704.407969248248264, 79325.036847142502666 ], [ 286698.457026018935721, 79330.846858182660071 ], [ 286703.506508976919577, 79336.040272445708979 ], [ 286709.845243215037044, 79330.600645599450218 ], [ 286704.407969248248264, 79325.036847142502666 ] ] ] } },
{ "type": "Feature", "properties": { "uuid": "4cae7ec2-c4aa-4386-8019-b52d4f6428a2" }, "geometry": { "type": "Polygon", "coordinates": [ [ [ 286720.542874150793068, 79315.976625134266214 ], [ 286720.045536552206613, 79328.107598274422344 ], [ 286748.54063800140284, 79328.627969328750623 ], [ 286748.658433039207011, 79316.505206298810663 ], [ 286720.542874150793068, 79315.976625134266214 ] ] ] } },
{ "type": "Feature", "properties": { "uuid": "37b3703b-f1e2-492e-abf5-c69ebf47932d" }, "geometry": { "type": "Polygon", "coordinates": [ [ [ 286716.779527022328693, 79317.573007032158785 ], [ 286709.244654905283824, 79320.38719756284263 ], [ 286711.24090700072702, 79324.889124487206573 ], [ 286718.775773534027394, 79322.07493902760325 ], [ 286716.779527022328693, 79317.573007032158785 ] ] ] } },
{ "type": "Feature", "properties": { "uuid": "10ff14d7-a55f-44b9-b733-5142a28c0c13" }, "geometry": { "type": "Polygon", "coordinates": [ [ [ 286708.185731619712897, 79288.973156415857375 ], [ 286678.051307103596628, 79318.031597779598087 ], [ 286684.264205125684384, 79324.336120381718501 ], [ 286714.398625280125998, 79295.277749329630751 ], [ 286708.185731619712897, 79288.973156415857375 ] ] ] } },
{ "type": "Feature", "properties": { "uuid": "8a2ea730-f887-4a3d-9986-ecfe89f7c299" }, "geometry": { "type": "Polygon", "coordinates": [ [ [ 286673.58907066041138, 79304.871568375878269 ], [ 286669.140196781372651, 79309.891636472253595 ], [ 286671.854768520453945, 79312.48423607260338 ], [ 286676.303642624698114, 79307.464172756997868 ], [ 286673.58907066041138, 79304.871568375878269 ] ] ] } },
{ "type": "Feature", "properties": { "uuid": "b89333ae-9aa7-47a0-b332-f6e79066e7c7" }, "geometry": { "type": "Polygon", "coordinates": [ [ [ 286734.832093588891439, 79291.805992114939727 ], [ 286732.742637194343843, 79300.562604862381704 ], [ 286740.755345446174033, 79302.283213768940186 ], [ 286743.232606198871508, 79293.896985342842527 ], [ 286734.832093588891439, 79291.805992114939727 ] ] ] } },
{ "type": "Feature", "properties": { "uuid": "2b3fe6c9-2991-4bf2-b4bc-93c2e5ac0f94" }, "geometry": { "type": "Polygon", "coordinates": [ [ [ 286725.798283090349287, 79277.987150630680844 ], [ 286711.908175894990563, 79285.483847319206689 ], [ 286716.255754498241004, 79293.343807950179325 ], [ 286730.145846279338002, 79285.847133400297025 ], [ 286725.798283090349287, 79277.987150630680844 ] ] ] } },
{ "type": "Feature", "properties": { "uuid": "8af6126f-765d-4940-ae2b-71ccc082a381" }, "geometry": { "type": "Polygon", "coordinates": [ [ [ 286746.370915082632564, 79280.951343434659066 ], [ 286744.273252702143509, 79289.329386394965695 ], [ 286750.387923250440508, 79291.09103519160999 ], [ 286752.477413170039654, 79282.334414955112152 ], [ 286746.370915082632564, 79280.951343434659066 ] ] ] } },
{ "type": "Feature", "properties": { "uuid": "39b071cb-ef40-43df-a412-3ccb9db3f9da" }, "geometry": { "type": "Polygon", "coordinates": [ [ [ 286768.051425446406938, 79229.728791476460174 ], [ 286748.103671712451614, 79238.11386764672352 ], [ 286764.130817997094709, 79276.779955739970319 ], [ 286782.523912467062473, 79284.336500699981116 ], [ 286790.050693896366283, 79281.143816533818608 ], [ 286768.051425446406938, 79229.728791476460174 ] ] ] } },
{ "type": "Feature", "properties": { "uuid": "69b39c4d-23c8-4be2-9f8a-901ded5fb62a" }, "geometry": { "type": "Polygon", "coordinates": [ [ [ 286740.243097549071535, 79261.00947108771652 ], [ 286724.116171794186812, 79270.448303322744323 ], [ 286727.679972041689325, 79277.188957202830352 ], [ 286744.186494414345361, 79267.741943319822894 ], [ 286740.243097549071535, 79261.00947108771652 ] ] ] } },
{ "type": "Feature", "properties": { "uuid": "5dde6e93-7b83-4535-a4fa-56f6d9a14743" }, "geometry": { "type": "Polygon", "coordinates": [ [ [ 286711.029323680966627, 79262.398460106225684 ], [ 286705.837523389665876, 79268.192115913727321 ], [ 286709.327689135505352, 79271.52550915806205 ], [ 286714.899101655988488, 79265.723654227884253 ], [ 286711.029323680966627, 79262.398460106225684 ] ] ] } },
{ "type": "Feature", "properties": { "uuid": "f0bc2697-7113-4133-a9aa-a56ad716ddd9" }, "geometry": { "type": "Polygon", "coordinates": [ [ [ 286804.07046775193885, 79244.479920781945111 ], [ 286785.1879463638179, 79249.432967495755292 ], [ 286787.25776615855284, 79257.342245089617791 ], [ 286806.148437928815838, 79252.767797224223614 ], [ 286804.07046775193885, 79244.479920781945111 ] ] ] } },
{ "type": "Feature", "properties": { "uuid": "6d84c42e-76c8-498d-8321-9760cb439a81" }, "geometry": { "type": "Polygon", "coordinates": [ [ [ 286876.070369642809965, 79412.986582919576904 ], [ 286865.564138439076487, 79418.894643258507131 ], [ 286871.172773255850188, 79432.408517192263389 ], [ 286878.949062622501515, 79458.374215971853118 ], [ 286882.949343491403852, 79467.75651541192201 ], [ 286897.590926719945855, 79495.08884054684313 ], [ 286916.020122848567553, 79521.96057308500167 ], [ 286922.771107200358529, 79518.02746611344628 ], [ 286888.720545844989829, 79453.618323356175097 ], [ 286902.626776299148332, 79446.879468236293178 ], [ 286899.847023096459452, 79441.258252447849372 ], [ 286886.691806097165681, 79447.602162806724664 ], [ 286882.320090817927849, 79438.606590183539083 ], [ 286895.871267830720171, 79433.011609181034146 ], [ 286892.373157295573037, 79429.29962990473723 ], [ 286886.605612550745718, 79426.015385984239401 ], [ 286876.070369642809965, 79412.986582919576904 ] ] ] } },
{ "type": "Feature", "properties": { "uuid": "f977d088-05ca-4260-aa43-731dc4e18b8d" }, "geometry": { "type": "Polygon", "coordinates": [ [ [ 286835.910878946015146, 79435.063640231674071 ], [ 286827.616921389766503, 79437.893997365055839 ], [ 286809.584232427936513, 79446.994685366895283 ], [ 286814.352020235382952, 79456.739128702116432 ], [ 286809.286407766805496, 79450.788593377510551 ], [ 286789.552096828469075, 79469.016003661701689 ], [ 286796.201529365964234, 79477.962248040625127 ], [ 286804.462696578120813, 79473.617583785671741 ], [ 286813.888479602755979, 79505.607264881924493 ], [ 286822.182322222040966, 79502.776918240444502 ], [ 286810.760473131202161, 79466.285370806406718 ], [ 286816.356310040457174, 79461.619544096000027 ], [ 286819.127967552165501, 79466.8621272938326 ], [ 286824.772868752363138, 79464.467728999443352 ], [ 286825.512222041841596, 79481.116571347403806 ], [ 286832.336778386961669, 79480.590434961020947 ], [ 286831.176970122673083, 79462.056939753325423 ], [ 286827.389170238049701, 79462.517491302191047 ], [ 286824.197039383230731, 79455.390246697730618 ], [ 286835.90735188848339, 79452.486112253420288 ], [ 286836.10356346500339, 79461.571797773882281 ], [ 286842.129162984085269, 79494.392512006103061 ], [ 286831.259890700865071, 79501.065888662589714 ], [ 286838.337857984821312, 79512.275327994342661 ], [ 286851.080563825322315, 79504.425295823224587 ], [ 286845.182274700200651, 79495.084069732925855 ], [ 286849.712893462681677, 79493.850004482083023 ], [ 286837.882454645587131, 79438.429797441727715 ], [ 286835.910878946015146, 79435.063640231674071 ] ] ] } },
{ "type": "Feature", "properties": { "uuid": "69e843c7-d49d-451c-ab75-de9328a4d45b" }, "geometry": { "type": "Polygon", "coordinates": [ [ [ 286831.39421006583143, 79489.700666160380933 ], [ 286826.459467288339511, 79489.807243069022661 ], [ 286826.639343779010233, 79498.135730001959018 ], [ 286831.20265959459357, 79498.415918481303379 ], [ 286831.39421006583143, 79489.700666160380933 ] ] ] } },
{ "type": "Feature", "properties": { "uuid": "4cde898a-5fd6-484f-a8ad-1c21f935a952" }, "geometry": { "type": "Polygon", "coordinates": [ [ [ 286929.182843092072289, 79480.772257881762926 ], [ 286924.725718715344556, 79485.413370514463168 ], [ 286932.093242302595172, 79492.450530104018981 ], [ 286936.55036676581949, 79487.809429936547531 ], [ 286929.182843092072289, 79480.772257881762926 ] ] ] } },
{ "type": "Feature", "properties": { "uuid": "44779325-4712-4abb-8670-eaee993a7ca9" }, "geometry": { "type": "Polygon", "coordinates": [ [ [ 286987.873285837238654, 79472.688752843852853 ], [ 286976.599700972612482, 79478.234328786929836 ], [ 286980.187534739845432, 79486.110576006351039 ], [ 286991.84070198982954, 79480.556829135894077 ], [ 286987.873285837238654, 79472.688752843852853 ] ] ] } },
{ "type": "Feature", "properties": { "uuid": "a7f2f290-2a5c-4dd7-ba9a-5741246de129" }, "geometry": { "type": "Polygon", "coordinates": [ [ [ 286852.940229538828135, 79449.845820641348837 ], [ 286844.629937712335959, 79451.919002330600051 ], [ 286852.512600556947291, 79482.805960497498745 ], [ 286861.202441918896511, 79480.724605879222509 ], [ 286852.940229538828135, 79449.845820641348837 ] ] ] } },
{ "type": "Feature", "properties": { "uuid": "40ad4701-96de-472c-8581-d679fa183c25" }, "geometry": { "type": "Polygon", "coordinates": [ [ [ 286918.631474868161604, 79466.98637351123034 ], [ 286909.239588702504989, 79471.734005912119756 ], [ 286912.42342308931984, 79478.482707040617242 ], [ 286921.823468937829603, 79474.113655003748136 ], [ 286918.631474868161604, 79466.98637351123034 ] ] ] } },
{ "type": "Feature", "properties": { "uuid": "0d3bb0a0-d186-44a2-a251-0ca404676b7d" }, "geometry": { "type": "Polygon", "coordinates": [ [ [ 286987.109954420127906, 79454.904169022920541 ], [ 286960.411662219674326, 79467.221160200657323 ], [ 286963.991361342836171, 79474.718845128372777 ], [ 286990.689622510632034, 79462.401888583583059 ], [ 286987.109954420127906, 79454.904169022920541 ] ] ] } },
{ "type": "Feature", "properties": { "uuid": "7c44fe6d-5401-4645-8051-10be751eb11d" }, "geometry": { "type": "Polygon", "coordinates": [ [ [ 286860.331465737486724, 79422.795110893493984 ], [ 286839.294574017287232, 79433.475574949174188 ], [ 286842.213372447877191, 79445.532481205038493 ], [ 286850.499150400108192, 79442.323579823947512 ], [ 286852.140161078190431, 79447.969359604321653 ], [ 286857.454541467537638, 79447.854611305956496 ], [ 286857.68700989097124, 79441.03213520522695 ], [ 286855.037990329088643, 79441.468079855607357 ], [ 286853.380632612563204, 79435.065148728172062 ], [ 286857.903131487313658, 79433.452506572852144 ], [ 286869.630751684424467, 79466.529054579848889 ], [ 286874.026985851756763, 79476.660275451082271 ], [ 286881.190285921678878, 79474.233163246011827 ], [ 286865.511471031757537, 79434.045734481420368 ], [ 286863.021362612489611, 79424.252030843723333 ], [ 286860.331465737486724, 79422.795110893493984 ] ] ] } },
{ "type": "Feature", "properties": { "uuid": "edac3513-ad68-485d-9674-9e7d3bcf605b" }, "geometry": { "type": "Polygon", "coordinates": [ [ [ 286938.198996773979161, 79458.610477676149458 ], [ 286925.802975734113716, 79464.93788853046135 ], [ 286930.150088780501392, 79472.797742134425789 ], [ 286942.158330790465698, 79466.099971026880667 ], [ 286938.198996773979161, 79458.610477676149458 ] ] ] } },
{ "type": "Feature", "properties": { "uuid": "ef7afe46-7fa5-4c66-8765-1e914d37e05b" }, "geometry": { "type": "Polygon", "coordinates": [ [ [ 286955.860420541081112, 79449.897017773444531 ], [ 286946.178716823167633, 79458.817057809093967 ], [ 286951.235994731134269, 79464.389140745799523 ], [ 286960.917696084652562, 79455.46911939419806 ], [ 286955.860420541081112, 79449.897017773444531 ] ] ] } },
{ "type": "Feature", "properties": { "uuid": "82a29a21-9f42-4565-bf68-dcc544225725" }, "geometry": { "type": "Polygon", "coordinates": [ [ [ 286970.427949321339838, 79438.599108340655221 ], [ 286957.991010738536716, 79443.033608770667342 ], [ 286961.240128959179856, 79452.810938626149436 ], [ 286974.064810491807293, 79448.746836376871215 ], [ 286970.427949321339838, 79438.599108340655221 ] ] ] } },
{ "type": "Feature", "properties": { "uuid": "b7aa8559-0149-4142-821e-7f90caeea5f9" }, "geometry": { "type": "Polygon", "coordinates": [ [ [ 286949.668243648426142, 79426.926997759816004 ], [ 286942.586527594074141, 79433.139754493720829 ], [ 286951.925596370419953, 79443.543204714340391 ], [ 286958.644042506348342, 79438.09580446293694 ], [ 286956.672545774141327, 79434.729604471678613 ], [ 286949.668243648426142, 79426.926997759816004 ] ] ] } },
{ "type": "Feature", "properties": { "uuid": "f4771be3-bc9a-4a60-9c6a-1dbb0e7ed3a0" }, "geometry": { "type": "Polygon", "coordinates": [ [ [ 286927.034945809864439, 79416.43161429814063 ], [ 286918.071578082803171, 79423.442517712188419 ], [ 286929.027136738412082, 79438.356041514663957 ], [ 286937.635396885103546, 79432.489082293177489 ], [ 286927.034945809864439, 79416.43161429814063 ] ] ] } },
{ "type": "Feature", "properties": { "uuid": "2471daed-8131-4d9a-8824-92cc904cb94d" }, "geometry": { "type": "Polygon", "coordinates": [ [ [ 286899.127986897714436, 79407.943873188312864 ], [ 286887.58915038453415, 79418.797923577571055 ], [ 286893.03430114092771, 79424.740374920045724 ], [ 286904.96090644056676, 79414.256729243294103 ], [ 286899.127986897714436, 79407.943873188312864 ] ] ] } },
{ "type": "Feature", "properties": { "uuid": "1e81d713-37ac-4518-be91-915cf1993746" }, "geometry": { "type": "Polygon", "coordinates": [ [ [ 286945.398526975710411, 79405.051655918039614 ], [ 286929.683982746966649, 79415.995704587985529 ], [ 286934.386222961707972, 79422.711727363464888 ], [ 286950.100755870807916, 79411.767706324491883 ], [ 286945.398526975710411, 79405.051655918039614 ] ] ] } },
{ "type": "Feature", "properties": { "uuid": "dab6484e-cbaa-48fd-bd1d-cfbf0a850d6c" }, "geometry": { "type": "Polygon", "coordinates": [ [ [ 286961.060189844341949, 79409.258785428246483 ], [ 286957.700944851094391, 79411.982497745164437 ], [ 286961.223517915001139, 79416.830250564933522 ], [ 286964.582761461148039, 79414.106542957975762 ], [ 286961.060189844341949, 79409.258785428246483 ] ] ] } },
{ "type": "Feature", "properties": { "uuid": "7ba7a86d-ff63-463a-93ba-b0e167ee3271" }, "geometry": { "type": "Polygon", "coordinates": [ [ [ 286920.429790353111457, 79356.731410945911193 ], [ 286875.339347803848796, 79396.716098497650819 ], [ 286881.560082856507506, 79403.399322740995558 ], [ 286899.80922659044154, 79386.719124971015844 ], [ 286927.830169305845629, 79365.28304990826291 ], [ 286920.429790353111457, 79356.731410945911193 ] ] ] } },
{ "type": "Feature", "properties": { "uuid": "ebd38cf7-3187-4d5e-b6d4-ea6c4f808ac1" }, "geometry": { "type": "Polygon", "coordinates": [ [ [ 286910.727843010681681, 79382.317210942914244 ], [ 286901.788948140339926, 79390.463911147176987 ], [ 286910.724061231710948, 79399.739848079509102 ], [ 286919.662953099934384, 79391.593177340109833 ], [ 286910.727843010681681, 79382.317210942914244 ] ] ] } },
{ "type": "Feature", "properties": { "uuid": "4d8e5f3c-271f-4b43-a94b-bdbcbbea9450" }, "geometry": { "type": "Polygon", "coordinates": [ [ [ 286814.639155741373543, 79382.119261254469166 ], [ 286809.826971011701971, 79387.904483799968148 ], [ 286829.101454029208981, 79401.123233868012903 ], [ 286833.427761534054298, 79390.424768702039728 ], [ 286824.590606608544476, 79385.691847787384177 ], [ 286822.370222566241864, 79388.391065714560682 ], [ 286814.639155741373543, 79382.119261254469166 ] ] ] } },
{ "type": "Feature", "properties": { "uuid": "2c39af3c-11ee-4c55-b1ad-d88befbc6532" }, "geometry": { "type": "Polygon", "coordinates": [ [ [ 286893.028408836224116, 79336.491279755457072 ], [ 286871.815817034221254, 79356.644410981272813 ], [ 286876.089543960581068, 79361.097194727684837 ], [ 286864.815824564662762, 79366.643123630317859 ], [ 286872.338875275920145, 79380.873308832524344 ], [ 286866.330606113246176, 79384.033036194363376 ], [ 286863.154832010040991, 79377.662813960370841 ], [ 286860.04443969152635, 79374.321195685013663 ], [ 286852.386967667494901, 79371.45650819837465 ], [ 286848.060605049016885, 79382.154994227108546 ], [ 286861.057029184652492, 79386.04065139874001 ], [ 286866.338779329205863, 79384.411611621122574 ], [ 286869.877802499104291, 79390.016482229839312 ], [ 286911.278417608118616, 79355.035126893868437 ], [ 286893.028408836224116, 79336.491279755457072 ] ] ] } },
{ "type": "Feature", "properties": { "uuid": "d2e34a28-fd14-43a7-8c4b-fd8ef54dfd25" }, "geometry": { "type": "Polygon", "coordinates": [ [ [ 286925.393499350873753, 79375.561948622198543 ], [ 286918.319908800418489, 79382.153372641972965 ], [ 286922.98134701984236, 79386.976554416905856 ], [ 286930.054936477157753, 79380.385142681130674 ], [ 286925.393499350873753, 79375.561948622198543 ] ] ] } },
{ "type": "Feature", "properties": { "uuid": "af0b2f48-0faf-4093-84bf-02ff2cdd62ef" }, "geometry": { "type": "Polygon", "coordinates": [ [ [ 286951.202307623811066, 79357.203724729391979 ], [ 286945.969511213595979, 79361.104148074344266 ], [ 286953.765779290697537, 79370.404777862626361 ], [ 286958.618967309244908, 79366.512557734327856 ], [ 286951.202307623811066, 79357.203724729391979 ] ] ] } },
{ "type": "Feature", "properties": { "uuid": "abe82301-6d1b-4bbc-b0cf-14c3547939ce" }, "geometry": { "type": "Polygon", "coordinates": [ [ [ 286864.251865940983407, 79340.521267416101182 ], [ 286853.097131009213626, 79369.168656823108904 ], [ 286860.762779506039806, 79372.411922987172147 ], [ 286870.81142120086588, 79345.30346680607181 ], [ 286864.251865940983407, 79340.521267416101182 ] ] ] } },
{ "type": "Feature", "properties": { "uuid": "a272acba-8fa6-48e3-9765-5ee581b0b638" }, "geometry": { "type": "Polygon", "coordinates": [ [ [ 286940.418177164508961, 79350.240061014366802 ], [ 286935.19354946364183, 79354.519077791133896 ], [ 286939.499894066248089, 79360.486221481172834 ], [ 286944.732686534989625, 79356.585791084740777 ], [ 286940.418177164508961, 79350.240061014366802 ] ] ] } },
{ "type": "Feature", "properties": { "uuid": "ef2be3a8-5cd1-41df-b181-7c78e89be088" }, "geometry": { "type": "Polygon", "coordinates": [ [ [ 286967.337298273516353, 79312.920089123741491 ], [ 286958.414529953151941, 79321.823952285689302 ], [ 286966.170001370133832, 79329.231775087537244 ], [ 286949.02659744839184, 79344.373028185247676 ], [ 286956.402445005951449, 79351.788993583177216 ], [ 286982.113498523423914, 79328.887898230663268 ], [ 286967.337298273516353, 79312.920089123741491 ] ] ] } },
{ "type": "Feature", "properties": { "uuid": "491f1f44-7ba8-4f40-8f40-549e16e92174" }, "geometry": { "type": "Polygon", "coordinates": [ [ [ 286921.97219976404449, 79322.610191704472527 ], [ 286903.367663196055219, 79340.434432836744236 ], [ 286914.637677104212344, 79352.311355923360679 ], [ 286932.491161875135731, 79334.882154697930673 ], [ 286921.97219976404449, 79322.610191704472527 ] ] ] } },
{ "type": "Feature", "properties": { "uuid": "3028a91d-9723-4eea-8f76-9035e8426d0c" }, "geometry": { "type": "Polygon", "coordinates": [ [ [ 286879.974684672022704, 79329.955448897817405 ], [ 286869.582700893806759, 79341.163690055866027 ], [ 286873.444145285582636, 79344.110367431247141 ], [ 286883.472867928794585, 79333.667492487875279 ], [ 286879.974684672022704, 79329.955448897817405 ] ] ] } },
{ "type": "Feature", "properties": { "uuid": "8c776aea-ae99-437a-8173-3ae509543f05" }, "geometry": { "type": "Polygon", "coordinates": [ [ [ 286902.069193747476675, 79315.464576111960923 ], [ 286895.366984235821292, 79321.669331631419482 ], [ 286906.637055615487043, 79333.546281875343993 ], [ 286913.331092490814626, 79326.962975167843979 ], [ 286902.069193747476675, 79315.464576111960923 ] ] ] } },
{ "type": "Feature", "properties": { "uuid": "38b659d1-4581-4d4c-8a6c-43d13f1784c3" }, "geometry": { "type": "Polygon", "coordinates": [ [ [ 286818.033315215085167, 79328.262859652517363 ], [ 286813.510735543095507, 79329.875565474445466 ], [ 286815.523247129865922, 79335.134678652801085 ], [ 286820.037646264419891, 79333.14339690777706 ], [ 286818.033315215085167, 79328.262859652517363 ] ] ] } },
{ "type": "Feature", "properties": { "uuid": "3f7d8833-8328-4949-95bd-a84db733c5b6" }, "geometry": { "type": "Polygon", "coordinates": [ [ [ 286873.26801191305276, 79318.358785539690871 ], [ 286868.570125476282556, 79329.444133422104642 ], [ 286873.941834001452662, 79331.97945835700375 ], [ 286879.019336911733262, 79320.885926501388894 ], [ 286873.26801191305276, 79318.358785539690871 ] ] ] } },
{ "type": "Feature", "properties": { "uuid": "73a2ccf8-d6f6-4b33-95f5-0fa7554e2388" }, "geometry": { "type": "Polygon", "coordinates": [ [ [ 287100.0, 79526.050644849616219 ], [ 287094.004184700257611, 79533.650913771474734 ], [ 287100.0, 79538.419324573522317 ], [ 287100.0, 79526.050644849616219 ] ] ] } },
{ "type": "Feature", "properties": { "uuid": "b82f94a9-3efa-40ee-aafc-e8d50cfc2761" }, "geometry": { "type": "Polygon", "coordinates": [ [ [ 287087.727329050539993, 79489.094628405728145 ], [ 287073.653515568177681, 79505.683853120164713 ], [ 287080.228985478403047, 79511.223282434657449 ], [ 287094.294646739610471, 79494.255525703425519 ], [ 287087.727329050539993, 79489.094628405728145 ] ] ] } },
{ "type": "Feature", "properties": { "uuid": "dfd3d441-0aad-4f41-8601-be5443d11b26" }, "geometry": { "type": "Polygon", "coordinates": [ [ [ 287100.0, 79480.67127528412675 ], [ 287094.282712646643631, 79476.076085545122623 ], [ 287087.258002543414477, 79484.938561950926669 ], [ 287094.600830061594024, 79490.840240000368794 ], [ 287100.0, 79484.028587666150997 ], [ 287100.0, 79480.67127528412675 ] ] ] } },
{ "type": "Feature", "properties": { "uuid": "ed1e81f6-9294-455f-a263-faffffbe4862" }, "geometry": { "type": "Polygon", "coordinates": [ [ [ 287086.478693834156729, 79466.396878615894821 ], [ 287081.996949318388943, 79469.902157842210727 ], [ 287085.882649129023775, 79473.984618264541496 ], [ 287089.984795818047132, 79470.487524332653265 ], [ 287086.478693834156729, 79466.396878615894821 ] ] ] } },
{ "type": "Feature", "properties": { "uuid": "e02f0a35-5f75-4b2a-9c39-ff2b125a42f7" }, "geometry": { "type": "Polygon", "coordinates": [ [ [ 287084.560586910345592, 79447.879668967885664 ], [ 287080.233826654206496, 79458.577793926320737 ], [ 287094.789044198580086, 79464.324088134482736 ], [ 287099.115828525507823, 79453.625987717794487 ], [ 287084.560586910345592, 79447.879668967885664 ] ] ] } },
{ "type": "Feature", "properties": { "uuid": "1802649d-0826-430b-b2ab-7456418f93fc" }, "geometry": { "type": "Polygon", "coordinates": [ [ [ 287085.271394584327936, 79410.368325072922744 ], [ 287079.989610875840299, 79411.997135034645908 ], [ 287072.385118537640665, 79429.204687139921589 ], [ 287081.205647589638829, 79433.180832188809291 ], [ 287090.634751970763318, 79412.525252988183638 ], [ 287085.271394584327936, 79410.368325072922744 ] ] ] } },
{ "type": "Feature", "properties": { "uuid": "53f38ea8-b370-4ebf-b6b0-b96b8a156f08" }, "geometry": { "type": "Polygon", "coordinates": [ [ [ 287100.0, 79416.14544355738326 ], [ 287099.108318850863725, 79418.023911604686873 ], [ 287100.0, 79418.430761797266314 ], [ 287100.0, 79416.14544355738326 ] ] ] } },
{ "type": "Feature", "properties": { "uuid": "37ddb068-1492-46d7-8fb4-41b6d62d9699" }, "geometry": { "type": "Polygon", "coordinates": [ [ [ 286574.924280425475445, 79519.106755453394726 ], [ 286575.055390688241459, 79525.163808720099041 ], [ 286577.679767027148046, 79523.592030278115999 ], [ 286574.924280425475445, 79519.106755453394726 ] ] ] } },
{ "type": "Feature", "properties": { "uuid": "201d979a-3edf-46f3-9ac0-9e905e950e86" }, "geometry": { "type": "Polygon", "coordinates": [ [ [ 286588.125381139107049, 79550.0 ], [ 286587.958869956433773, 79542.306664397387067 ], [ 286578.469068776699714, 79542.512065971037373 ], [ 286578.631147892796434, 79550.0 ], [ 286588.125381139107049, 79550.0 ] ] ] } },
{ "type": "Feature", "properties": { "uuid": "d8e45abf-1c44-4db6-8950-e82967128f4b" }, "geometry": { "type": "Polygon", "coordinates": [ [ [ 286597.325779361068271, 79536.42281135515077 ], [ 286590.187262379855383, 79539.985983873164514 ], [ 286595.326785064302385, 79549.343288835720159 ], [ 286602.07750808011042, 79545.409779862791765 ], [ 286597.325779361068271, 79536.42281135515077 ] ] ] } },
{ "type": "Feature", "properties": { "uuid": "f58c6ea8-e8dd-40be-a33f-6a8c7ac64d8c" }, "geometry": { "type": "Polygon", "coordinates": [ [ [ 286605.851601958682295, 79526.769744702527532 ], [ 286600.684763719676994, 79533.698923010902945 ], [ 286609.571041351708118, 79540.702719776541926 ], [ 286614.737883773515932, 79533.77355958512635 ], [ 286605.851601958682295, 79526.769744702527532 ] ] ] } },
{ "type": "Feature", "properties": { "uuid": "e93d7b81-2eb4-4a09-8f71-2625c597eff4" }, "geometry": { "type": "Polygon", "coordinates": [ [ [ 286593.6008258278016, 79504.688995197153417 ], [ 286586.082672733638901, 79508.260408544912934 ], [ 286590.850831296411343, 79518.004548722092295 ], [ 286598.368973189091776, 79514.43314841168467 ], [ 286593.6008258278016, 79504.688995197153417 ] ] ] } },
{ "type": "Feature", "properties": { "uuid": "8c1d1da1-309c-4812-8a0f-dd272d295e96" }, "geometry": { "type": "Polygon", "coordinates": [ [ [ 286611.507313977694139, 79507.331443503731862 ], [ 286605.095167579944246, 79509.363919014052954 ], [ 286607.544766884529963, 79517.26452787980088 ], [ 286613.965095930790994, 79515.610624358640052 ], [ 286611.507313977694139, 79507.331443503731862 ] ] ] } },
{ "type": "Feature", "properties": { "uuid": "8b6e9156-ca38-41e5-b696-e8e01f425694" }, "geometry": { "type": "Polygon", "coordinates": [ [ [ 286581.614831248007249, 79477.299998146423604 ], [ 286574.088451366114896, 79480.492877265409334 ], [ 286574.31789483258035, 79491.092793558898848 ], [ 286585.227848904381972, 79486.311703467275947 ], [ 286581.614831248007249, 79477.299998146423604 ] ] ] } },
{ "type": "Feature", "properties": { "uuid": "636708af-7765-4092-85c8-83b52aae3b9d" }, "geometry": { "type": "Polygon", "coordinates": [ [ [ 286600.100377443479374, 79471.597472392226337 ], [ 286591.080170796078164, 79475.958896731812274 ], [ 286597.093641418905463, 79490.599843878415413 ], [ 286606.509807332011405, 79486.98736360433395 ], [ 286600.100377443479374, 79471.597472392226337 ] ] ] } },
{ "type": "Feature", "properties": { "uuid": "eedda3c4-4ef6-4b0e-8765-03ad10632bc1" }, "geometry": { "type": "Polygon", "coordinates": [ [ [ 286593.046417128061876, 79461.523958176607266 ], [ 286583.324359251535498, 79468.551822784618707 ], [ 286588.010622414352838, 79474.510344274749514 ], [ 286597.732674923725426, 79467.482496108365012 ], [ 286593.046417128061876, 79461.523958176607266 ] ] ] } },
{ "type": "Feature", "properties": { "uuid": "448f6bae-7e15-41dd-8cc2-693ad40327d7" }, "geometry": { "type": "Polygon", "coordinates": [ [ [ 286625.287666465679649, 79459.690049216500483 ], [ 286617.406212688714731, 79464.026797975879163 ], [ 286620.582241967902519, 79470.396776169189252 ], [ 286628.463688439805992, 79466.060037161834771 ], [ 286625.287666465679649, 79459.690049216500483 ] ] ] } },
{ "type": "Feature", "properties": { "uuid": "32afd762-ca94-4613-9d14-3aeb5094d8bc" }, "geometry": { "type": "Polygon", "coordinates": [ [ [ 286585.653799215040635, 79453.351503132202197 ], [ 286578.952131068275776, 79459.556520400714362 ], [ 286583.622019580798224, 79464.757908789557405 ], [ 286590.331879383826163, 79458.931473922828445 ], [ 286585.653799215040635, 79453.351503132202197 ] ] ] } },
{ "type": "Feature", "properties": { "uuid": "a1bc0ca7-6cd3-4a65-affd-c12235fcdb48" }, "geometry": { "type": "Polygon", "coordinates": [ [ [ 286620.940077635401394, 79451.830411714880029 ], [ 286613.421830341103487, 79455.401818261831068 ], [ 286616.589678056829143, 79461.393234681745525 ], [ 286624.107918612018693, 79457.821836495480966 ], [ 286620.940077635401394, 79451.830411714880029 ] ] ] } },
{ "type": "Feature", "properties": { "uuid": "bb3e9aab-6222-42e1-b262-ab9c3a6bc7de" }, "geometry": { "type": "Polygon", "coordinates": [ [ [ 286573.506647627975326, 79453.614422548853327 ], [ 286573.629563989816234, 79459.292980738478946 ], [ 286576.237585116294213, 79456.964042180246906 ], [ 286573.506647627975326, 79453.614422548853327 ] ] ] } },
{ "type": "Feature", "properties": { "uuid": "e87ce7f3-3aee-4975-8c0d-b89c4f1d4b68" }, "geometry": { "type": "Polygon", "coordinates": [ [ [ 286615.816895090101752, 79443.23004993001814 ], [ 286607.927231478272006, 79447.188254666863941 ], [ 286611.870670467324089, 79453.920391086285235 ], [ 286619.372536724316888, 79449.591839426720981 ], [ 286615.816895090101752, 79443.23004993001814 ] ] ] } },
{ "type": "Feature", "properties": { "uuid": "79d23010-5be8-4487-814d-759c3a315ab2" }, "geometry": { "type": "Polygon", "coordinates": [ [ [ 286612.195712140353862, 79433.839678702584933 ], [ 286601.681609030056279, 79439.369684352132026 ], [ 286605.237270588229876, 79445.731469640159048 ], [ 286615.751364199328236, 79440.201477453520056 ], [ 286612.195712140353862, 79433.839678702584933 ] ] ] } },
{ "type": "Feature", "properties": { "uuid": "bf8676ca-01ad-48e1-bb10-2f4ce16dd7e9" }, "geometry": { "type": "Polygon", "coordinates": [ [ [ 286992.236626545374747, 79481.305779429385439 ], [ 286991.375424994446803, 79494.201646026573144 ], [ 287010.387832224369049, 79495.306626237725141 ], [ 287011.257242953870445, 79482.789335346984444 ], [ 286992.236626545374747, 79481.305779429385439 ] ] ] } },
{ "type": "Feature", "properties": { "uuid": "40f842b6-9ab8-4057-ac4f-8c8f91c569a6" }, "geometry": { "type": "Polygon", "coordinates": [ [ [ 287014.791912578803021, 79550.0 ], [ 287004.930650840513408, 79541.630784744455013 ], [ 286998.624541867873631, 79548.584090079792077 ], [ 287000.166289465443697, 79550.0 ], [ 287014.791912578803021, 79550.0 ] ] ] } },
{ "type": "Feature", "properties": { "uuid": "886d6dd0-3281-4b73-bebc-be172b59215a" }, "geometry": { "type": "Polygon", "coordinates": [ [ [ 287025.102398061892018, 79455.599913348705741 ], [ 287004.677583536424208, 79459.449018870625878 ], [ 287006.804140349675436, 79470.00803786929464 ], [ 287038.19642617367208, 79464.028779661282897 ], [ 287036.069930983474478, 79453.469738165673334 ], [ 287025.102398061892018, 79455.599913348705741 ] ] ] } },
{ "type": "Feature", "properties": { "uuid": "886d6dd0-3281-4b73-bebc-be172b59215a" }, "geometry": { "type": "Polygon", "coordinates": [ [ [ 287025.102398061892018, 79455.599913348705741 ], [ 287034.951646697591059, 79436.828986138338223 ], [ 287004.216361997532658, 79420.44799153553322 ], [ 286994.367188327945769, 79439.219037532951916 ], [ 287025.102398061892018, 79455.599913348705741 ] ] ] } },
{ "type": "Feature", "properties": { "uuid": "9c563dba-e57e-4b77-ade4-6e71e3a28bb1" }, "geometry": { "type": "Polygon", "coordinates": [ [ [ 287001.522459900588728, 79506.860083095671143 ], [ 286999.432661102095153, 79515.61621991195716 ], [ 287013.179656509251799, 79519.107202182378387 ], [ 287015.269476441375446, 79510.351077407220146 ], [ 287001.522459900588728, 79506.860083095671143 ] ] ] } },
{ "type": "Feature", "properties": { "uuid": "03472ab5-4e2f-46dd-8820-a5395640888c" }, "geometry": { "type": "Polygon", "coordinates": [ [ [ 287006.057292627054267, 79347.309289515804267 ], [ 286998.652941924636252, 79356.18028516866616 ], [ 287005.228675947291777, 79361.719787045702105 ], [ 287012.633029273885768, 79352.848810096736997 ], [ 287006.057292627054267, 79347.309289515804267 ] ] ] } },
{ "type": "Feature", "properties": { "uuid": "966b8509-0170-4f86-bbe3-aeb22220d56d" }, "geometry": { "type": "Polygon", "coordinates": [ [ [ 287031.722776843816973, 79480.833111277315766 ], [ 287014.045016997784842, 79488.789128586533479 ], [ 287019.224627347313799, 79500.039748951385263 ], [ 287036.902355904690921, 79492.083764965937007 ], [ 287031.722776843816973, 79480.833111277315766 ] ] ] } },
{ "type": "Feature", "properties": { "uuid": "f56520cb-33f3-4e59-bb19-6f7aecd1337d" }, "geometry": { "type": "Polygon", "coordinates": [ [ [ 287016.804665003030095, 79334.957420896593248 ], [ 287009.771721655153669, 79343.441657687566476 ], [ 287015.96785332239233, 79348.989371539180866 ], [ 287023.380404822237324, 79340.496968057792401 ], [ 287016.804665003030095, 79334.957420896593248 ] ] ] } },
{ "type": "Feature", "properties": { "uuid": "4abef0c0-2763-4288-9216-59b515b52512" }, "geometry": { "type": "Polygon", "coordinates": [ [ [ 287019.992448064207565, 79359.507695270731347 ], [ 287014.816742739407346, 79366.058083258598344 ], [ 287024.882338373106904, 79374.931121984234778 ], [ 287030.437650920066517, 79368.372571545798564 ], [ 287019.992448064207565, 79359.507695270731347 ] ] ] } },
{ "type": "Feature", "properties": { "uuid": "12ab8ade-0038-471e-9147-4ef87184ae91" }, "geometry": { "type": "Polygon", "coordinates": [ [ [ 287034.563476521347184, 79506.905159776535584 ], [ 287021.294006067968439, 79507.948726986243855 ], [ 287022.314381574222352, 79520.046468690037727 ], [ 287035.583821466367226, 79519.00290535975364 ], [ 287034.563476521347184, 79506.905159776535584 ] ] ] } },
{ "type": "Feature", "properties": { "uuid": "e19746e9-396c-49f6-885f-3652d896fefd" }, "geometry": { "type": "Polygon", "coordinates": [ [ [ 287019.515034331707284, 79319.74877209198894 ], [ 287014.016818842035718, 79328.957448482426116 ], [ 287020.568082927435171, 79333.361262202117359 ], [ 287026.445912144845352, 79324.144416838535108 ], [ 287019.515034331707284, 79319.74877209198894 ] ] ] } },
{ "type": "Feature", "properties": { "uuid": "e9bf7d73-9f42-44f5-9fab-1ba298ea58d2" }, "geometry": { "type": "Polygon", "coordinates": [ [ [ 287033.013493357517291, 79329.305408365151379 ], [ 287027.086689611198381, 79336.250765439122915 ], [ 287034.429789764282759, 79342.15253551476053 ], [ 287039.976989419723395, 79335.215377378684934 ], [ 287033.013493357517291, 79329.305408365151379 ] ] ] } },
{ "type": "Feature", "properties": { "uuid": "81ee4f11-3f66-433f-b6a8-21f67d8f0dd6" }, "geometry": { "type": "Polygon", "coordinates": [ [ [ 287050.389414880075492, 79550.0 ], [ 287052.526488704548683, 79547.421954601275502 ], [ 287044.020432063145563, 79540.409255874517839 ], [ 287036.987733356072567, 79548.893134258891223 ], [ 287038.3303105570958, 79550.0 ], [ 287050.389414880075492, 79550.0 ] ] ] } },
{ "type": "Feature", "properties": { "uuid": "4629f56f-af08-4a40-9b13-f5d4e77147d5" }, "geometry": { "type": "Polygon", "coordinates": [ [ [ 287043.40048800536897, 79476.415181643504184 ], [ 287040.204461971647106, 79486.710169774014503 ], [ 287049.380037252325565, 79489.542329639807576 ], [ 287052.196483032195829, 79479.255535247270018 ], [ 287043.40048800536897, 79476.415181643504184 ] ] ] } },
{ "type": "Feature", "properties": { "uuid": "160c8cfb-e106-4910-a355-af20c11362d0" }, "geometry": { "type": "Polygon", "coordinates": [ [ [ 287041.617823458858766, 79340.861324830679223 ], [ 287036.07062793453224, 79347.798473948321771 ], [ 287043.413701849116478, 79353.700242728227749 ], [ 287048.960900277772453, 79346.763109252875438 ], [ 287041.617823458858766, 79340.861324830679223 ] ] ] } },
{ "type": "Feature", "properties": { "uuid": "69750a50-1b9a-4334-b81e-a67383b60ca3" }, "geometry": { "type": "Polygon", "coordinates": [ [ [ 287052.270247489272151, 79447.439328923966968 ], [ 287043.265972091001458, 79452.557121838821331 ], [ 287048.016993355529848, 79461.544612011377467 ], [ 287057.392695624381304, 79456.040083855303237 ], [ 287052.270247489272151, 79447.439328923966968 ] ] ] } },
{ "type": "Feature", "properties": { "uuid": "d8fee534-8023-47fd-9be2-a9b4dd4deb19" }, "geometry": { "type": "Polygon", "coordinates": [ [ [ 287054.005392487510107, 79404.603393516124925 ], [ 287050.43785623513395, 79415.28526806330774 ], [ 287043.792733084817883, 79424.139722348016221 ], [ 287050.005055197048932, 79430.444530691514956 ], [ 287058.119624882529024, 79419.285932720609708 ], [ 287062.785181943210773, 79406.68666050786851 ], [ 287054.005392487510107, 79404.603393516124925 ] ] ] } },
{ "type": "Feature", "properties": { "uuid": "e535aad3-583d-4588-a145-75411a65243a" }, "geometry": { "type": "Polygon", "coordinates": [ [ [ 287069.955477552313823, 79510.308455670019612 ], [ 287048.881682435632683, 79536.895805603999179 ], [ 287056.612235645181499, 79543.167752817971632 ], [ 287078.065635859500617, 79516.572285784117412 ], [ 287069.955477552313823, 79510.308455670019612 ] ] ] } },
{ "type": "Feature", "properties": { "uuid": "db8aa446-7537-4e27-b900-453600c69d3e" }, "geometry": { "type": "Polygon", "coordinates": [ [ [ 287048.197446471545845, 79364.202211503288709 ], [ 287042.633947335067205, 79370.382171149511123 ], [ 287049.266735753626563, 79378.571741044346709 ], [ 287053.654525563993957, 79388.324696449097246 ], [ 287055.021802893024869, 79398.900238551024813 ], [ 287063.381204522156622, 79399.098820553102996 ], [ 287062.862898959137965, 79392.671237230300903 ], [ 287059.548665023990907, 79379.865135120082414 ], [ 287052.858776523906272, 79369.025521294679493 ], [ 287048.197446471545845, 79364.202211503288709 ] ] ] } },
{ "type": "Feature", "properties": { "uuid": "fe564c63-55e6-4a0b-a15e-9099d52283cb" }, "geometry": { "type": "Polygon", "coordinates": [ [ [ 287059.147709111159202, 79466.985878079634858 ], [ 287050.796575088810641, 79467.16587855227408 ], [ 287050.984254804207012, 79475.872964759881143 ], [ 287059.706811975978781, 79475.306214191019535 ], [ 287059.147709111159202, 79466.985878079634858 ] ] ] } },
{ "type": "Feature", "properties": { "uuid": "9a0528df-b5b8-46f7-8da7-2e5a61a410e8" }, "geometry": { "type": "Polygon", "coordinates": [ [ [ 287055.296073248144239, 79323.522530933842063 ], [ 287046.777266981604043, 79333.553776402986841 ], [ 287053.344815848162398, 79338.71478302666219 ], [ 287061.484018537157681, 79328.691739382164087 ], [ 287055.296073248144239, 79323.522530933842063 ] ] ] } },
{ "type": "Feature", "properties": { "uuid": "d4be84bf-b8f5-450a-85f2-64c600a223b3" }, "geometry": { "type": "Polygon", "coordinates": [ [ [ 287058.278180478955619, 79479.503194310120307 ], [ 287054.396374805481173, 79493.221637873706641 ], [ 287063.184176256705541, 79495.683432430756511 ], [ 287067.066002608917188, 79481.965002522658324 ], [ 287058.278180478955619, 79479.503194310120307 ] ] ] } },
{ "type": "Feature", "properties": { "uuid": "f508069f-cb01-4164-ab40-29996a33a3e5" }, "geometry": { "type": "Polygon", "coordinates": [ [ [ 287061.225584822357632, 79440.050120334490202 ], [ 287058.311184617341496, 79445.794137208809843 ], [ 287069.062323588761501, 79451.243622951646103 ], [ 287068.005116551357787, 79455.053868138900725 ], [ 287073.731717727030627, 79456.445438287220895 ], [ 287075.13589372561546, 79451.112733618327184 ], [ 287068.254175065725576, 79448.988561713806121 ], [ 287070.442020828195382, 79444.775199182797223 ], [ 287061.225584822357632, 79440.050120334490202 ] ] ] } },
{ "type": "Feature", "properties": { "uuid": "92a8b7b9-84a4-451a-bf0a-e1d3781aec7f" }, "geometry": { "type": "Polygon", "coordinates": [ [ [ 287087.334982566302642, 79550.0 ], [ 287084.816213283746038, 79547.862265726929763 ], [ 287083.076802064315416, 79550.0 ], [ 287087.334982566302642, 79550.0 ] ] ] } },
{ "type": "Feature", "properties": { "uuid": "703996ce-83df-4821-88cf-0f8ae500f27f" }, "geometry": { "type": "Polygon", "coordinates": [ [ [ 287073.123220418463461, 79481.076973898976576 ], [ 287067.857829534565099, 79483.462913195107831 ], [ 287070.241466275649145, 79488.335211036697729 ], [ 287075.515011414943729, 79486.327844088722486 ], [ 287073.123220418463461, 79481.076973898976576 ] ] ] } },
{ "type": "Feature", "properties": { "uuid": "a947eba4-15ce-4c80-b057-08d3bbb107c5" }, "geometry": { "type": "Polygon", "coordinates": [ [ [ 287074.614753813832067, 79356.43656139151426 ], [ 287065.965426973241847, 79360.410486210952513 ], [ 287068.36543447105214, 79366.040051964024315 ], [ 287077.01475355506409, 79362.066135066968855 ], [ 287074.614753813832067, 79356.43656139151426 ] ] ] } },
{ "type": "Feature", "properties": { "uuid": "98abc0df-67eb-4f52-a94f-fbdb8cb221da" }, "geometry": { "type": "Polygon", "coordinates": [ [ [ 287079.274508480972145, 79466.930864471331006 ], [ 287070.996801663073711, 79470.517955146700842 ], [ 287075.384479775791988, 79480.270754582539666 ], [ 287083.654016092477832, 79476.305108433996793 ], [ 287079.274508480972145, 79466.930864471331006 ] ] ] } },
{ "type": "Feature", "properties": { "uuid": "6eef1a91-5a7e-44f8-9e3d-4e4003629605" }, "geometry": { "type": "Polygon", "coordinates": [ [ [ 286691.761072613007855, 79550.0 ], [ 286704.354492167825811, 79533.35013442649506 ], [ 286690.847729424713179, 79523.416144535760395 ], [ 286669.469568852626253, 79550.0 ], [ 286691.761072613007855, 79550.0 ] ] ] } },
{ "type": "Feature", "properties": { "uuid": "d3f1740c-15e6-4e75-ab50-98bfbf13b9d3" }, "geometry": { "type": "Polygon", "coordinates": [ [ [ 286764.100986111909151, 79550.0 ], [ 286769.799844507419039, 79539.13161639822647 ], [ 286760.195507905445993, 79534.036784594791243 ], [ 286751.698568146384787, 79550.0 ], [ 286764.100986111909151, 79550.0 ] ] ] } },
{ "type": "Feature", "properties": { "uuid": "593f8580-ef4a-40c2-b07b-3031149a5a2f" }, "geometry": { "type": "Polygon", "coordinates": [ [ [ 286632.560106454766355, 79550.0 ], [ 286628.689887966145761, 79546.727638512908015 ], [ 286637.587151456042193, 79536.6878662899544 ], [ 286633.701135626761243, 79532.605775348871248 ], [ 286621.081672094704118, 79546.134771467186511 ], [ 286625.658805259503424, 79550.0 ], [ 286632.560106454766355, 79550.0 ] ] ] } },
{ "type": "Feature", "properties": { "uuid": "edcf5191-5a4e-48e5-8413-66e41a501fea" }, "geometry": { "type": "Polygon", "coordinates": [ [ [ 286726.701748878811486, 79550.0 ], [ 286726.739118063240312, 79549.909551048505818 ], [ 286716.779716967896093, 79545.958706068719039 ], [ 286715.110056279401761, 79550.0 ], [ 286726.701748878811486, 79550.0 ] ] ] } },
{ "type": "Feature", "properties": { "uuid": "e854bb3f-d986-4955-a87b-6f65241eea73" }, "geometry": { "type": "Polygon", "coordinates": [ [ [ 286652.950440956803504, 79550.0 ], [ 286644.171253086940851, 79542.605296273715794 ], [ 286640.094018086325377, 79547.238395565189421 ], [ 286643.469805065426044, 79550.0 ], [ 286652.950440956803504, 79550.0 ] ] ] } },
{ "type": "Feature", "properties": { "uuid": "5c82f029-a3e0-4ae8-a64b-8aef735716be" }, "geometry": { "type": "Polygon", "coordinates": [ [ [ 286772.533916308835614, 79525.059095176431583 ], [ 286767.342320664145518, 79530.852408755599754 ], [ 286780.881631085241679, 79542.300832448934671 ], [ 286785.693637146032415, 79536.515746349963592 ], [ 286772.533916308835614, 79525.059095176431583 ] ] ] } },
{ "type": "Feature", "properties": { "uuid": "2d016a98-f143-43ca-88f1-f6aa0955b3f9" }, "geometry": { "type": "Polygon", "coordinates": [ [ [ 286784.345545918797143, 79509.27542926883325 ], [ 286779.096663879055995, 79512.418783928937046 ], [ 286795.652999290381558, 79540.466727934865048 ], [ 286801.281454172101803, 79537.315205588849494 ], [ 286784.345545918797143, 79509.27542926883325 ] ] ] } },
{ "type": "Feature", "properties": { "uuid": "0b4f763e-7d90-4a80-bb8a-8c55545f1267" }, "geometry": { "type": "Polygon", "coordinates": [ [ [ 286769.083271913870703, 79488.395539455086691 ], [ 286752.263273360615131, 79500.878845536004519 ], [ 286741.022710313613061, 79507.939175970386714 ], [ 286724.301042974344455, 79524.965318006434245 ], [ 286730.489098049525637, 79530.133942149899667 ], [ 286718.986738747335039, 79525.080202366865706 ], [ 286714.991268632235005, 79533.498906078893924 ], [ 286729.950859656382818, 79540.371600559708895 ], [ 286733.574938031728379, 79532.339689976419322 ], [ 286748.575415466388222, 79541.105259941308759 ], [ 286753.056885091238655, 79537.599733105045743 ], [ 286736.472572426195256, 79525.838441721833078 ], [ 286739.427491893875413, 79521.987147653679131 ], [ 286747.631271281919908, 79514.992463631147984 ], [ 286761.640249425137881, 79530.596887696854537 ], [ 286771.676567801274359, 79520.532713011925807 ], [ 286763.129173204943072, 79511.627587001421489 ], [ 286778.059365826193243, 79499.563917345076334 ], [ 286769.083271913870703, 79488.395539455086691 ] ] ] } },
{ "type": "Feature", "properties": { "uuid": "e22d7e16-39e5-4ce5-b910-89a6cf4ab4e7" }, "geometry": { "type": "Polygon", "coordinates": [ [ [ 286648.366036543273367, 79525.849903377180453 ], [ 286642.423578318557702, 79532.038332417985657 ], [ 286652.901868413086049, 79542.416435561928665 ], [ 286658.852514720521867, 79536.606595287594246 ], [ 286648.366036543273367, 79525.849903377180453 ] ] ] } },
{ "type": "Feature", "properties": { "uuid": "7fcb6301-2a28-4809-9773-8f11e2d74ec9" }, "geometry": { "type": "Polygon", "coordinates": [ [ [ 286811.558411077072378, 79520.807309689203976 ], [ 286805.640294472163077, 79528.131248320976738 ], [ 286812.587447288213298, 79533.283563269302249 ], [ 286818.125974243856035, 79525.967838788637891 ], [ 286811.558411077072378, 79520.807309689203976 ] ] ] } },
{ "type": "Feature", "properties": { "uuid": "f723df29-0492-4cc3-ab8c-2504cdaedda6" }, "geometry": { "type": "Polygon", "coordinates": [ [ [ 286710.275566569063812, 79508.603839128772961 ], [ 286701.361748423893005, 79517.88640286703594 ], [ 286693.202006435429212, 79509.351740987360245 ], [ 286688.365514654491562, 79514.001245679100975 ], [ 286704.280826567090116, 79529.943049325986067 ], [ 286717.643357136577833, 79515.64067598406109 ], [ 286710.275566569063812, 79508.603839128772961 ] ] ] } },
{ "type": "Feature", "properties": { "uuid": "2019654f-7068-4aff-aeb1-0fc5a829bca9" }, "geometry": { "type": "Polygon", "coordinates": [ [ [ 286674.618259198847227, 79510.511102461343398 ], [ 286658.202705655479804, 79524.12215590395499 ], [ 286664.811362108273897, 79531.175320945767453 ], [ 286680.492282151884865, 79518.716422141558724 ], [ 286674.618259198847227, 79510.511102461343398 ] ] ] } },
{ "type": "Feature", "properties": { "uuid": "b031a2c7-4403-491d-862a-b59e2a3a6a01" }, "geometry": { "type": "Polygon", "coordinates": [ [ [ 286726.71584947273368, 79496.128617888170993 ], [ 286714.781593192659784, 79506.233958677650662 ], [ 286720.243226760881953, 79512.933268822846003 ], [ 286732.557072159252129, 79502.819747882895172 ], [ 286726.71584947273368, 79496.128617888170993 ] ] ] } },
{ "type": "Feature", "properties": { "uuid": "cb4d12d8-d373-4065-be6a-c679aa65895a" }, "geometry": { "type": "Polygon", "coordinates": [ [ [ 286644.89814358035801, 79488.429267178406008 ], [ 286623.209218178817537, 79504.048287640034687 ], [ 286614.148092778108548, 79506.51681256692973 ], [ 286616.646827752352692, 79516.68882702323026 ], [ 286625.707936437742319, 79514.22031057527056 ], [ 286650.780426548910327, 79497.013158067507902 ], [ 286644.89814358035801, 79488.429267178406008 ] ] ] } },
{ "type": "Feature", "properties": { "uuid": "7816df05-0f38-4885-83a4-56ad7b745f24" }, "geometry": { "type": "Polygon", "coordinates": [ [ [ 286732.874382472888101, 79482.360677100921748 ], [ 286723.919561465037987, 79489.750405913742725 ], [ 286731.311907840427011, 79497.922989689046517 ], [ 286739.887128802191, 79490.541489459516015 ], [ 286732.874382472888101, 79482.360677100921748 ] ] ] } },
{ "type": "Feature", "properties": { "uuid": "2d0a0f33-8cc7-442f-9360-b04914196c53" }, "geometry": { "type": "Polygon", "coordinates": [ [ [ 286788.123676789924502, 79473.21307003495167 ], [ 286775.776938098599203, 79481.812237140344223 ], [ 286782.830512976506725, 79491.885944533743896 ], [ 286795.169059869833291, 79482.908241593715502 ], [ 286788.123676789924502, 79473.21307003495167 ] ] ] } },
{ "type": "Feature", "properties": { "uuid": "6367affc-9064-4318-89a2-180edb86f247" }, "geometry": { "type": "Polygon", "coordinates": [ [ [ 286673.400584790855646, 79489.327751412114594 ], [ 286668.910935933876317, 79492.454810906434432 ], [ 286671.26219610782573, 79495.812662218871992 ], [ 286675.751843347738031, 79492.685606670536799 ], [ 286673.400584790855646, 79489.327751412114594 ] ] ] } },
{ "type": "Feature", "properties": { "uuid": "12f29a9a-3e8b-4eaf-afe9-f6aba1bfb364" }, "geometry": { "type": "Polygon", "coordinates": [ [ [ 286730.941838452476077, 79445.664018516195938 ], [ 286717.174937742878683, 79458.83903561218176 ], [ 286723.024396392051131, 79465.908773926930735 ], [ 286731.954709111421835, 79457.383300809655339 ], [ 286746.359843745129183, 79473.73679471630021 ], [ 286736.670344831305556, 79482.278626799787162 ], [ 286745.242378073802684, 79492.319466087239562 ], [ 286767.609086918120738, 79472.898834436520701 ], [ 286760.975960048090201, 79464.709755274670897 ], [ 286752.857146255439147, 79458.06776679540053 ], [ 286746.138930469867773, 79463.515418452618178 ], [ 286730.941838452476077, 79445.664018516195938 ] ], [ [ 286754.184112386137713, 79466.750264227826847 ], [ 286757.690481131488923, 79470.840697030595038 ], [ 286750.600862396298908, 79476.675102513312595 ], [ 286747.09449168673018, 79472.584678910265211 ], [ 286754.184112386137713, 79466.750264227826847 ] ] ] } },
{ "type": "Feature", "properties": { "uuid": "dc9632ff-8e5c-40a4-b49c-fa64acb203a6" }, "geometry": { "type": "Polygon", "coordinates": [ [ [ 286716.955893089878373, 79483.841023796529043 ], [ 286713.605002593481913, 79486.943428353901254 ], [ 286716.723611274850555, 79490.663457456626929 ], [ 286720.445913104456849, 79487.174282799212961 ], [ 286716.955893089878373, 79483.841023796529043 ] ] ] } },
{ "type": "Feature", "properties": { "uuid": "2e66b72d-2983-47d0-9d94-944ce2ed3306" }, "geometry": { "type": "Polygon", "coordinates": [ [ [ 286662.11391311394982, 79476.69450757841696 ], [ 286649.759189562289976, 79484.915404758037766 ], [ 286654.865899903059471, 79492.75859260262223 ], [ 286667.220612109173089, 79484.5377192843589 ], [ 286662.11391311394982, 79476.69450757841696 ] ] ] } },
{ "type": "Feature", "properties": { "uuid": "d4a2a434-08d0-4508-a046-eef28ef5ccf8" }, "geometry": { "type": "Polygon", "coordinates": [ [ [ 286687.471097591682337, 79437.513882689672755 ], [ 286685.059492045082152, 79448.928483522351598 ], [ 286662.717534525203519, 79469.485271150857443 ], [ 286671.273358821985312, 79478.768882240023231 ], [ 286685.411505730298813, 79465.207010073499987 ], [ 286683.07661489356542, 79462.606272815028206 ], [ 286690.89263389701955, 79455.241060321714031 ], [ 286686.618818160553928, 79450.788503882591613 ], [ 286695.002729341038503, 79452.122207064618124 ], [ 286697.002013353281654, 79439.20153973554261 ], [ 286687.471097591682337, 79437.513882689672755 ] ] ] } },
{ "type": "Feature", "properties": { "uuid": "9ee91ea3-7d91-421d-a276-a117c5968b30" }, "geometry": { "type": "Polygon", "coordinates": [ [ [ 286629.272025990416296, 79468.315030108060455 ], [ 286621.390582348278258, 79472.651766145863803 ], [ 286624.95438919775188, 79479.392091846093535 ], [ 286632.835825266956817, 79475.055366437562043 ], [ 286629.272025990416296, 79468.315030108060455 ] ] ] } },
{ "type": "Feature", "properties": { "uuid": "109d9f77-7558-4e0f-ba01-062f740fd0f4" }, "geometry": { "type": "Polygon", "coordinates": [ [ [ 286774.80020988616161, 79454.184865284099942 ], [ 286764.739212354994379, 79463.113446245231899 ], [ 286771.355974782491103, 79470.545393900363706 ], [ 286781.416968404955696, 79461.616838086396456 ], [ 286774.80020988616161, 79454.184865284099942 ] ] ] } },
{ "type": "Feature", "properties": { "uuid": "1e23ef6a-a5ac-426b-aad9-87e5aab5ab40" }, "geometry": { "type": "Polygon", "coordinates": [ [ [ 286651.471739394415636, 79458.744852162810275 ], [ 286639.463827070896514, 79465.443310390692204 ], [ 286643.811377074627671, 79473.302941550995456 ], [ 286655.819276240421459, 79466.604502793110441 ], [ 286651.471739394415636, 79458.744852162810275 ] ] ] } },
{ "type": "Feature", "properties": { "uuid": "d0b98156-d996-418b-9e8c-5b87555eec0d" }, "geometry": { "type": "Polygon", "coordinates": [ [ [ 286788.92232497187797, 79439.866077882441459 ], [ 286780.363311555294786, 79448.004705327184638 ], [ 286787.359667542332318, 79455.428492631093832 ], [ 286795.918678870191798, 79447.289887998398626 ], [ 286788.92232497187797, 79439.866077882441459 ] ] ] } },
{ "type": "Feature", "properties": { "uuid": "03c1e92d-55b3-4a83-bf12-4e9f366b8ed2" }, "geometry": { "type": "Polygon", "coordinates": [ [ [ 286756.500946632528212, 79433.370404484827304 ], [ 286752.027564816642553, 79437.254566065617837 ], [ 286768.379761458258145, 79455.838586777885212 ], [ 286772.853138531674631, 79451.954452671634499 ], [ 286756.500946632528212, 79433.370404484827304 ] ] ] } },
{ "type": "Feature", "properties": { "uuid": "4d6bf47d-2e76-4ef3-9589-c915a7a7b419" }, "geometry": { "type": "Polygon", "coordinates": [ [ [ 286746.309026848291978, 79436.241909840231529 ], [ 286740.713221625366714, 79440.907834930170793 ], [ 286753.163111101544928, 79454.652429830137407 ], [ 286758.750730763189495, 79449.607959198881872 ], [ 286746.309026848291978, 79436.241909840231529 ] ] ] } },
{ "type": "Feature", "properties": { "uuid": "df78d5c7-4b09-4642-b6a0-bc7f7155f9c7" }, "geometry": { "type": "Polygon", "coordinates": [ [ [ 286647.217170458170585, 79437.62698456729413 ], [ 286637.462239076092374, 79443.140490920399316 ], [ 286646.536965018487535, 79458.851597929053241 ], [ 286656.291875522525515, 79453.338124141359003 ], [ 286647.217170458170585, 79437.62698456729413 ] ] ] } },
{ "type": "Feature", "properties": { "uuid": "090bbd1c-cb4f-427a-b975-07a18159eda7" }, "geometry": { "type": "Polygon", "coordinates": [ [ [ 286874.620518915588036, 79550.0 ], [ 286873.922503295761999, 79542.185047628619941 ], [ 286863.310281408717856, 79543.17164711971418 ], [ 286863.920189934899099, 79550.0 ], [ 286874.620518915588036, 79550.0 ] ] ] } },
{ "type": "Feature", "properties": { "uuid": "4b8f0b9a-b02b-412d-b192-a3e3bad1b828" }, "geometry": { "type": "Polygon", "coordinates": [ [ [ 286824.105294270440936, 79550.0 ], [ 286808.632724103925284, 79543.594998009386472 ], [ 286806.042677369376179, 79550.0 ], [ 286824.105294270440936, 79550.0 ] ] ] } },
{ "type": "Feature", "properties": { "uuid": "2fe0bb68-5163-46ce-a7d4-88edc3fb3752" }, "geometry": { "type": "Polygon", "coordinates": [ [ [ 286977.943597606616095, 79550.0 ], [ 286967.836828123428859, 79547.354428849357646 ], [ 286967.126642260293011, 79549.642186522483826 ], [ 286942.167343458335381, 79536.924746306816814 ], [ 286938.881705278647132, 79543.055484747077571 ], [ 286952.079503875807859, 79550.0 ], [ 286977.943597606616095, 79550.0 ] ] ] } },
{ "type": "Feature", "properties": { "uuid": "1af0b013-0195-4be4-bcf7-31bd16389275" }, "geometry": { "type": "Polygon", "coordinates": [ [ [ 286923.577105580829084, 79550.0 ], [ 286930.134760409826413, 79542.486741484055528 ], [ 286924.310178244253621, 79536.552581509284209 ], [ 286915.751126004208345, 79544.690837202040711 ], [ 286921.637290286482312, 79550.0 ], [ 286923.577105580829084, 79550.0 ] ] ] } },
{ "type": "Feature", "properties": { "uuid": "7e9d46e8-f2d6-4f2d-83c0-a3272ecb6bec" }, "geometry": { "type": "Polygon", "coordinates": [ [ [ 286894.404115688987076, 79540.985428253916325 ], [ 286888.783784291881602, 79544.515410578169394 ], [ 286892.314509693533182, 79549.741558028646978 ], [ 286897.934837604872882, 79546.211582862801151 ], [ 286894.404115688987076, 79540.985428253916325 ] ] ] } },
{ "type": "Feature", "properties": { "uuid": "80751664-3e8e-45ee-83f0-9ab885e9c687" }, "geometry": { "type": "Polygon", "coordinates": [ [ [ 286913.873282821848989, 79528.066769570752513 ], [ 286904.595900613057893, 79538.114263024646789 ], [ 286911.963380802189931, 79545.151322391582653 ], [ 286921.240763715934008, 79535.103855417401064 ], [ 286913.873282821848989, 79528.066769570752513 ] ] ] } },
{ "type": "Feature", "properties": { "uuid": "bae5a83e-361b-4a85-8a41-3068019cf2a3" }, "geometry": { "type": "Polygon", "coordinates": [ [ [ 286957.857040899223648, 79524.845278078923002 ], [ 286952.861258435994387, 79539.723949147359235 ], [ 286958.595969839836471, 79541.493933167716023 ], [ 286963.599932842014823, 79526.993838164693443 ], [ 286957.857040899223648, 79524.845278078923002 ] ] ] } },
{ "type": "Feature", "properties": { "uuid": "eb8779f4-0a75-4303-addb-383049040428" }, "geometry": { "type": "Polygon", "coordinates": [ [ [ 286838.762977110105567, 79531.960736842971528 ], [ 286835.534683289937675, 79540.741500237316359 ], [ 286847.408304121927358, 79545.40871431567939 ], [ 286851.024381053110119, 79536.998334402247565 ], [ 286838.762977110105567, 79531.960736842971528 ] ] ] } },
{ "type": "Feature", "properties": { "uuid": "24f48b7f-e60f-4b62-bac5-9b9b887bc7e4" }, "geometry": { "type": "Polygon", "coordinates": [ [ [ 286878.89354473806452, 79526.170604671438923 ], [ 286876.640505155606661, 79527.355468582100002 ], [ 286882.538702838413883, 79536.696669572673272 ], [ 286884.791739574575331, 79535.511810196359875 ], [ 286878.89354473806452, 79526.170604671438923 ] ] ] } },
{ "type": "Feature", "properties": { "uuid": "ddc11c7a-64c5-4fc2-b37f-4093f9bf0127" }, "geometry": { "type": "Polygon", "coordinates": [ [ [ 286902.95054080535192, 79514.6678004063142 ], [ 286892.477174872183241, 79522.089961586490972 ], [ 286901.057009470474441, 79532.509531225252431 ], [ 286910.383416544878855, 79524.733413201727672 ], [ 286902.95054080535192, 79514.6678004063142 ] ] ] } },
{ "type": "Feature", "properties": { "uuid": "981ee307-2e4c-438c-88b3-e44be8f2624c" }, "geometry": { "type": "Polygon", "coordinates": [ [ [ 286932.656874183216132, 79518.571628879843047 ], [ 286926.738590915454552, 79525.895427888055565 ], [ 286931.746816205442883, 79529.196030480205081 ], [ 286937.293677450274117, 79522.25899767424562 ], [ 286932.656874183216132, 79518.571628879843047 ] ] ] } },
{ "type": "Feature", "properties": { "uuid": "5e82c2f1-6271-4425-ad1b-f73a774e8121" }, "geometry": { "type": "Polygon", "coordinates": [ [ [ 286964.428392928733956, 79512.583780272630975 ], [ 286958.550893103179988, 79521.800377527775709 ], [ 286968.171378021652345, 79527.652708047738997 ], [ 286974.048887424403802, 79518.436132160160923 ], [ 286964.428392928733956, 79512.583780272630975 ] ] ] } },
{ "type": "Feature", "properties": { "uuid": "6bd0024b-2b96-4635-b887-377730658412" }, "geometry": { "type": "Polygon", "coordinates": [ [ [ 286882.806738130748272, 79478.743211193563184 ], [ 286868.504674927098677, 79484.73314107931219 ], [ 286872.504956375167239, 79494.11538564536022 ], [ 286878.521273039281368, 79491.334294580796268 ], [ 286876.104765980213415, 79484.947807693097275 ], [ 286878.737419980461709, 79483.754740056669107 ], [ 286881.533519804303069, 79490.133035075676162 ], [ 286879.660059334768448, 79491.309710795991123 ], [ 286893.501554923015647, 79516.765461056813365 ], [ 286901.383141008729581, 79512.429175578552531 ], [ 286882.806738130748272, 79478.743211193563184 ] ] ] } },
{ "type": "Feature", "properties": { "uuid": "14b0f68c-9950-4068-a1d6-cdb09491fa85" }, "geometry": { "type": "Polygon", "coordinates": [ [ [ 286971.191558620310389, 79491.607027613412356 ], [ 286959.70993525441736, 79505.110715995135251 ], [ 286965.518177196732722, 79510.287817934906343 ], [ 286977.371232850826345, 79496.397400890418794 ], [ 286971.191558620310389, 79491.607027613412356 ] ] ] } },
{ "type": "Feature", "properties": { "uuid": "a97f8fdf-53a6-43ee-a98e-c84da76601b2" }, "geometry": { "type": "Polygon", "coordinates": [ [ [ 286941.277040750253946, 79495.661067001172341 ], [ 286933.493420161423273, 79504.540106823114911 ], [ 286939.309857704152819, 79510.095747593266424 ], [ 286947.473073884495534, 79501.208536130230641 ], [ 286941.277040750253946, 79495.661067001172341 ] ] ] } },
{ "type": "Feature", "properties": { "uuid": "216adc23-7f1c-4b1e-9a86-07725e60584d" }, "geometry": { "type": "Polygon", "coordinates": [ [ [ 286823.76611222140491, 79505.772658377507469 ], [ 286818.864091554889455, 79507.393509428773541 ], [ 286821.305189687176608, 79514.915643333195476 ], [ 286826.215380164911039, 79513.673362832370913 ], [ 286823.76611222140491, 79505.772658377507469 ] ] ] } },
{ "type": "Feature", "properties": { "uuid": "2c45acdb-f0c6-4b5d-b20a-f3447e8a8694" }, "geometry": { "type": "Polygon", "coordinates": [ [ [ 286860.210781115398277, 79487.563422269187868 ], [ 286854.549541994172614, 79489.20063654135447 ], [ 286858.994831553543918, 79501.603204152721446 ], [ 286864.647884910227731, 79499.587430958490586 ], [ 286860.210781115398277, 79487.563422269187868 ] ] ] } },
{ "type": "Feature", "properties": { "uuid": "9e665935-6148-40f1-a6ea-a45cc2252155" }, "geometry": { "type": "Polygon", "coordinates": [ [ [ 287097.676847472437657, 79550.0 ], [ 287100.0, 79547.008533248343156 ], [ 287100.0, 79541.68994040376856 ], [ 287092.14700938569149, 79535.584631496487418 ], [ 287085.485662303108256, 79543.681706656730967 ], [ 287093.916951852908824, 79550.0 ], [ 287097.676847472437657, 79550.0 ] ] ] } }
]
}
