{"type": "FeatureCollection", "features": [{"type": "Feature", "properties": {"fictitious": "false", "identifier": "2811B2B7-F2B0-4A90-9280-90254D2F959E", "class": "Unclassified", "roadNumber": null, "name1": null, "name1_lang": null, "name2": null, "name2_lang": null, "formOfWay": "Single Carriageway", "length": 2399, "primary": "false", "trunkRoad": "false", "loop": "false", "startNode": "FF67172C-2FC2-45AA-A6D9-E74B757FED30", "endNode": "700AC542-D4B0-4883-B28F-F485A23C482A", "structure": null, "nameTOID": null, "numberTOID": null, "function": "Minor Road", "layer": "roads"}, "geometry": {"type": "LineString", "coordinates": [[286830.93209876545, 78550.0, 0.0], [286847.78, 78558.72, 0.0], [286921.62, 78605.40000000001, 0.0], [286995.47000000003, 78652.08, 0.0], [286998.63, 78653.99, 0.0], [287001.8, 78655.90000000001, 0.0], [287029.0, 78664.0, 0.0], [287100.0, 78657.73529411765, 0.0]]}}, {"type": "Feature", "properties": {"fictitious": "false", "identifier": "D4509DB3-71A2-4146-8B6F-FBFAF6FD39CA", "class": "B Road", "roadNumber": "B3344", "name1": null, "name1_lang": null, "name2": null, "name2_lang": null, "formOfWay": "Single Carriageway", "length": 150, "primary": "false", "trunkRoad": "false", "loop": "false", "startNode": "9BC3F4F7-7420-400F-9FA1-909972966A3C", "endNode": "33860181-56F3-4E99-8AA3-EC4A988F08FE", "structure": null, "nameTOID": null, "numberTOID": "osgb4000000025366224", "function": "B Road", "layer": "roads"}, "geometry": {"type": "LineString", "coordinates": [[286100.0, 78682.31565194669, 0.0], [286127.27, 78705.41, 0.0], [286165.54, 78737.81, 0.0], [286184.22000000003, 78753.86, 0.0], [286202.9, 78769.90000000001, 0.0]]}}, {"type": "Feature", "properties": {"fictitious": "false", "identifier": "003E3279-FEF0-4B55-99E4-6EED6A44C18B", "class": "Not Classified", "roadNumber": null, "name1": "Fullers Place", "name1_lang": null, "name2": null, "name2_lang": null, "formOfWay": "Single Carriageway", "length": 182, "primary": "false", "trunkRoad": "false", "loop": "false", "startNode": "E45B8299-1DF8-4155-ACFC-6FEA51B5D190", "endNode": "97432BB6-EBAF-4D5D-AC53-2893F763C479", "structure": null, "nameTOID": "osgb5000005286346231", "numberTOID": null, "function": "Local Road", "layer": "roads"}, "geometry": {"type": "MultiLineString", "coordinates": [[[286104.97000000003, 78881.54000000001, 0.0], [286100.0, 78872.06737410068, 0.0]], [[286100.0, 78769.68260052612, 0.0], [286111.05, 78773.15000000001, 0.0], [286113.33, 78766.37, 0.0], [286115.60000000003, 78759.59, 0.0]]]}}, {"type": "Feature", "properties": {"fictitious": "false", "identifier": "2AADDDCF-58CA-4B7B-BA9B-C3D699E33883", "class": "B Road", "roadNumber": "B3344", "name1": null, "name1_lang": null, "name2": null, "name2_lang": null, "formOfWay": "Single Carriageway", "length": 133, "primary": "false", "trunkRoad": "false", "loop": "false", "startNode": "33860181-56F3-4E99-8AA3-EC4A988F08FE", "endNode": "88BD98F1-1CC0-42E8-9555-3927F3740AC5", "structure": null, "nameTOID": null, "numberTOID": "osgb4000000025366224", "function": "B Road", "layer": "roads"}, "geometry": {"type": "LineString", "coordinates": [[286202.9, 78769.90000000001, 0.0], [286219.26, 78778.61, 0.0], [286234.5, 78786.71, 0.0], [286245.51, 78792.57, 0.0], [286266.09, 78803.53, 0.0], [286292.39, 78819.79000000001, 0.0], [286318.68, 78836.05, 0.0]]}}, {"type": "Feature", "properties": {"fictitious": "false", "identifier": "343D371D-7FB8-43E2-9668-AC4551813513", "class": "Not Classified", "roadNumber": null, "name1": null, "name1_lang": null, "name2": null, "name2_lang": null, "formOfWay": "Single Carriageway", "length": 19, "primary": "false", "trunkRoad": "false", "loop": "false", "startNode": "33860181-56F3-4E99-8AA3-EC4A988F08FE", "endNode": "A7520539-F0D4-4212-8552-1BD1A4D51B2B", "structure": null, "nameTOID": null, "numberTOID": null, "function": "Local Road", "layer": "roads"}, "geometry": {"type": "LineString", "coordinates": [[286202.9, 78769.90000000001, 0.0], [286196.15, 78776.78, 0.0], [286189.41000000003, 78783.65000000001, 0.0]]}}, {"type": "Feature", "properties": {"fictitious": "false", "identifier": "A149FD1E-ED86-43DF-8053-5DDC0DB4EC4D", "class": "Not Classified", "roadNumber": null, "name1": "Pipistrelle Close", "name1_lang": null, "name2": null, "name2_lang": null, "formOfWay": "Single Carriageway", "length": 65, "primary": "false", "trunkRoad": "false", "loop": "false", "startNode": "A7520539-F0D4-4212-8552-1BD1A4D51B2B", "endNode": "9DF76E46-304A-4E54-9CC8-9B6E0629D3A5", "structure": null, "nameTOID": "osgb5000005271436596", "numberTOID": null, "function": "Restricted Local Access Road", "layer": "roads"}, "geometry": {"type": "LineString", "coordinates": [[286189.41000000003, 78783.65000000001, 0.0], [286218.59, 78798.08, 0.0], [286247.77, 78812.5, 0.0]]}}, {"type": "Feature", "properties": {"fictitious": "false", "identifier": "F90AB5E3-BFA5-4B2B-9CD4-55502686C511", "class": "Not Classified", "roadNumber": null, "name1": "Weavers Road", "name1_lang": null, "name2": null, "name2_lang": null, "formOfWay": "Single Carriageway", "length": 42, "primary": "false", "trunkRoad": "false", "loop": "false", "startNode": "A7520539-F0D4-4212-8552-1BD1A4D51B2B", "endNode": "6A7E1FF8-937F-4058-9B6D-19B50DCFB2E3", "structure": null, "nameTOID": "osgb5000005271436598", "numberTOID": null, "function": "Local Road", "layer": "roads"}, "geometry": {"type": "LineString", "coordinates": [[286189.41000000003, 78783.65000000001, 0.0], [286176.26, 78799.90000000001, 0.0], [286163.11, 78816.15000000001, 0.0]]}}, {"type": "Feature", "properties": {"fictitious": "false", "identifier": "CFC72091-6394-4778-95E3-8D2D87BBE23C", "class": "Unknown", "roadNumber": null, "name1": null, "name1_lang": null, "name2": null, "name2_lang": null, "formOfWay": "Single Carriageway", "length": 109, "primary": "false", "trunkRoad": "false", "loop": "false", "startNode": "C23EDF69-78CD-430D-826A-751E08C6EFB7", "endNode": "E481597B-096D-47EA-9D64-F682D286FC04", "structure": null, "nameTOID": null, "numberTOID": null, "function": "Restricted Local Access Road", "layer": "roads"}, "geometry": {"type": "LineString", "coordinates": [[286355.89, 78833.74, 0.0], [286358.67, 78831.36, 0.0], [286375.06, 78817.27, 0.0], [286385.98, 78807.89, 0.0], [286394.24, 78800.8, 0.0], [286412.64, 78800.16, 0.0], [286419.73, 78799.92, 0.0], [286423.31, 78799.8, 0.0], [286452.39, 78798.79000000001, 0.0]]}}, {"type": "Feature", "properties": {"fictitious": "false", "identifier": "A50B7A1F-346C-4DF7-893E-BDB349F9FFFE", "class": "Unclassified", "roadNumber": null, "name1": "Shearers Way", "name1_lang": null, "name2": null, "name2_lang": null, "formOfWay": "Single Carriageway", "length": 25, "primary": "false", "trunkRoad": "false", "loop": "false", "startNode": "1358F1DA-5809-47C8-9283-71F7D60F472F", "endNode": "57E3F882-3495-4752-BF70-0807AE40C0BA", "structure": null, "nameTOID": "osgb5000005252399433", "numberTOID": null, "function": "Local Road", "layer": "roads"}, "geometry": {"type": "LineString", "coordinates": [[287085.83, 79538.74, 0.0], [287074.71, 79544.18000000001, 0.0], [287063.60000000003, 79549.61, 0.0]]}}, {"type": "Feature", "properties": {"fictitious": "false", "identifier": "AE4AED71-FC7E-4423-8F11-37D814B9A95D", "class": "Not Classified", "roadNumber": null, "name1": null, "name1_lang": null, "name2": null, "name2_lang": null, "formOfWay": "Single Carriageway", "length": 36, "primary": "false", "trunkRoad": "false", "loop": "false", "startNode": "1358F1DA-5809-47C8-9283-71F7D60F472F", "endNode": "3519CD93-A90C-4496-926A-2214B61158F5", "structure": null, "nameTOID": null, "numberTOID": null, "function": "Restricted Local Access Road", "layer": "roads"}, "geometry": {"type": "LineString", "coordinates": [[287085.83, 79538.74, 0.0], [287076.47000000003, 79523.13, 0.0], [287067.10000000003, 79507.52, 0.0]]}}, {"type": "Feature", "properties": {"fictitious": "false", "identifier": "6BD8226A-38BB-4FBD-9BB4-031C15BDDB47", "class": "Unclassified", "roadNumber": null, "name1": "Shearers Way", "name1_lang": null, "name2": null, "name2_lang": null, "formOfWay": "Single Carriageway", "length": 106, "primary": "false", "trunkRoad": "false", "loop": "false", "startNode": "49F576CA-F9EE-43B0-B166-6AA5A482018E", "endNode": "1358F1DA-5809-47C8-9283-71F7D60F472F", "structure": null, "nameTOID": "osgb5000005252399433", "numberTOID": null, "function": "Local Road", "layer": "roads"}, "geometry": {"type": "LineString", "coordinates": [[287100.0, 79530.87835138649, 0.0], [287085.83, 79538.74, 0.0]]}}, {"type": "Feature", "properties": {"fictitious": "false", "identifier": "606DED21-AB5E-4F38-BAAC-0E0242458CE5", "class": "Unclassified", "roadNumber": null, "name1": "Horseshoe Close", "name1_lang": null, "name2": null, "name2_lang": null, "formOfWay": "Single Carriageway", "length": 70, "primary": "false", "trunkRoad": "false", "loop": "false", "startNode": "16A962D0-9DC3-4387-8132-DD3E62955172", "endNode": "3DDC48FE-B80F-4980-9CC2-3AC0F1922009", "structure": null, "nameTOID": "osgb4000000025363549", "numberTOID": null, "function": "Local Road", "layer": "roads"}, "geometry": {"type": "LineString", "coordinates": [[286632.0, 79071.0, 0.0], [286662.99, 79069.5, 0.0], [286693.97000000003, 79068.0, 0.0], [286697.99, 79068.0, 0.0], [286702.0, 79068.0, 0.0]]}}, {"type": "Feature", "properties": {"fictitious": "false", "identifier": "EFACEA89-D9C2-4E1A-8E0A-38C57789ABD5", "class": "Unclassified", "roadNumber": null, "name1": "Palace Meadow", "name1_lang": null, "name2": null, "name2_lang": null, "formOfWay": "Single Carriageway", "length": 12, "primary": "false", "trunkRoad": "false", "loop": "false", "startNode": "9EE90C19-81AE-4B92-ABAB-78992BAC1CC6", "endNode": "16A962D0-9DC3-4387-8132-DD3E62955172", "structure": null, "nameTOID": "osgb4000000025356947", "numberTOID": null, "function": "Local Road", "layer": "roads"}, "geometry": {"type": "LineString", "coordinates": [[286635.0, 79059.0, 0.0], [286633.5, 79065.0, 0.0], [286632.0, 79071.0, 0.0]]}}, {"type": "Feature", "properties": {"fictitious": "false", "identifier": "0C1A11D1-B9B9-4187-B3CF-E80A3330F5D2", "class": "Unclassified", "roadNumber": null, "name1": "Palace Meadow", "name1_lang": null, "name2": null, "name2_lang": null, "formOfWay": "Single Carriageway", "length": 66, "primary": "false", "trunkRoad": "false", "loop": "false", "startNode": "B3DD5459-E89F-42AF-97ED-D74EDCD1DEE2", "endNode": "E76701D5-1EF8-4273-A332-0968734D4DBC", "structure": null, "nameTOID": "osgb4000000025356947", "numberTOID": null, "function": "Local Road", "layer": "roads"}, "geometry": {"type": "LineString", "coordinates": [[286634.57, 79141.02, 0.0], [286654.28, 79147.01, 0.0], [286674.0, 79153.0, 0.0], [286680.34, 79163.90000000001, 0.0], [286686.67, 79174.79000000001, 0.0]]}}, {"type": "Feature", "properties": {"fictitious": "false", "identifier": "681E06F4-9432-4528-838A-1912F2EE6EEF", "class": "Unclassified", "roadNumber": null, "name1": "Lawn Gardens", "name1_lang": null, "name2": null, "name2_lang": null, "formOfWay": "Single Carriageway", "length": 101, "primary": "false", "trunkRoad": "false", "loop": "false", "startNode": "A50202AC-E42B-4569-99EF-835FBC1AB91C", "endNode": "396D767C-AE8C-455E-8891-711C7EC9D2E5", "structure": null, "nameTOID": "osgb4000000025363551", "numberTOID": null, "function": "Local Road", "layer": "roads"}, "geometry": {"type": "LineString", "coordinates": [[286726.0, 79319.0, 0.0], [286718.5, 79318.5, 0.0], [286711.0, 79318.0, 0.0], [286701.0, 79313.0, 0.0], [286697.44, 79307.25, 0.0], [286688.0, 79292.0, 0.0], [286680.0, 79289.18000000001, 0.0], [286672.0, 79286.36, 0.0], [286661.5, 79273.68000000001, 0.0], [286651.0, 79261.0, 0.0]]}}, {"type": "Feature", "properties": {"fictitious": "false", "identifier": "75C97769-A947-4083-BDDB-22BE79EFF0ED", "class": "Unclassified", "roadNumber": null, "name1": "Lawn Drive", "name1_lang": null, "name2": null, "name2_lang": null, "formOfWay": "Single Carriageway", "length": 69, "primary": "false", "trunkRoad": "false", "loop": "false", "startNode": "396D767C-AE8C-455E-8891-711C7EC9D2E5", "endNode": "AED057C0-E2D7-4E6F-807F-CF5D25334BF8", "structure": null, "nameTOID": "osgb4000000025355093", "numberTOID": null, "function": "Minor Road", "layer": "roads"}, "geometry": {"type": "LineString", "coordinates": [[286651.0, 79261.0, 0.0], [286670.17, 79247.21, 0.0], [286689.35000000003, 79233.42, 0.0], [286698.67, 79228.21, 0.0], [286708.0, 79223.0, 0.0]]}}, {"type": "Feature", "properties": {"fictitious": "false", "identifier": "1DACB586-9A83-4101-AF8B-2F0DBA6C2446", "class": "Unclassified", "roadNumber": null, "name1": "Palace Meadow", "name1_lang": null, "name2": null, "name2_lang": null, "formOfWay": "Single Carriageway", "length": 53, "primary": "false", "trunkRoad": "false", "loop": "false", "startNode": "E76701D5-1EF8-4273-A332-0968734D4DBC", "endNode": "AED057C0-E2D7-4E6F-807F-CF5D25334BF8", "structure": null, "nameTOID": "osgb4000000025356947", "numberTOID": null, "function": "Local Road", "layer": "roads"}, "geometry": {"type": "LineString", "coordinates": [[286686.67, 79174.79000000001, 0.0], [286688.84, 79181.40000000001, 0.0], [286691.0, 79188.0, 0.0], [286699.5, 79205.5, 0.0], [286708.0, 79223.0, 0.0]]}}, {"type": "Feature", "properties": {"fictitious": "false", "identifier": "98BCC2AA-3F77-4BB3-AA80-91694AF93661", "class": "Unclassified", "roadNumber": null, "name1": "Palace Meadow", "name1_lang": null, "name2": null, "name2_lang": null, "formOfWay": "Single Carriageway", "length": 59, "primary": "false", "trunkRoad": "false", "loop": "false", "startNode": "E76701D5-1EF8-4273-A332-0968734D4DBC", "endNode": "CE24727E-1DBB-41BC-AFD4-584004CD0154", "structure": null, "nameTOID": "osgb4000000025356947", "numberTOID": null, "function": "Local Road", "layer": "roads"}, "geometry": {"type": "LineString", "coordinates": [[286686.67, 79174.79000000001, 0.0], [286709.67, 79165.11, 0.0], [286732.67, 79155.42, 0.0], [286736.5, 79153.03, 0.0], [286740.32, 79150.64, 0.0]]}}, {"type": "Feature", "properties": {"fictitious": "false", "identifier": "21B3EA82-8987-493F-B07E-3A0F06FB7144", "class": "Unclassified", "roadNumber": null, "name1": "Lawn Drive", "name1_lang": null, "name2": null, "name2_lang": null, "formOfWay": "Single Carriageway", "length": 118, "primary": "false", "trunkRoad": "false", "loop": "false", "startNode": "AED057C0-E2D7-4E6F-807F-CF5D25334BF8", "endNode": "8B23EE97-F826-487D-BAC2-3C0F73513319", "structure": null, "nameTOID": "osgb4000000025355093", "numberTOID": null, "function": "Minor Road", "layer": "roads"}, "geometry": {"type": "LineString", "coordinates": [[286708.0, 79223.0, 0.0], [286734.5, 79206.5, 0.0], [286761.0, 79190.0, 0.0], [286774.01, 79175.6, 0.0], [286787.02, 79161.19, 0.0], [286793.01, 79155.6, 0.0], [286799.0, 79150.0, 0.0]]}}, {"type": "Feature", "properties": {"fictitious": "false", "identifier": "0249977D-2D02-4A55-9544-519093781967", "class": "Unclassified", "roadNumber": null, "name1": "Troarn Way", "name1_lang": null, "name2": null, "name2_lang": null, "formOfWay": "Single Carriageway", "length": 45, "primary": "false", "trunkRoad": "false", "loop": "false", "startNode": "F9F9F410-D983-49B1-97A7-C757B4EE1D80", "endNode": "558E18F5-96D1-4F6D-9B1B-4089BC23C9C4", "structure": null, "nameTOID": "osgb4000000025360193", "numberTOID": null, "function": "Local Road", "layer": "roads"}, "geometry": {"type": "LineString", "coordinates": [[286783.08, 79110.63, 0.0], [286789.54, 79109.31, 0.0], [286796.0, 79108.0, 0.0], [286811.0, 79102.5, 0.0], [286826.0, 79097.0, 0.0]]}}, {"type": "Feature", "properties": {"fictitious": "false", "identifier": "B475D850-B6C4-4623-BE5D-1FADDA0274DC", "class": "Unclassified", "roadNumber": null, "name1": "Lawn Drive", "name1_lang": null, "name2": null, "name2_lang": null, "formOfWay": "Single Carriageway", "length": 45, "primary": "false", "trunkRoad": "false", "loop": "false", "startNode": "8B23EE97-F826-487D-BAC2-3C0F73513319", "endNode": "2B1A1BDE-9F29-4DF3-81F9-FB767A79C2D3", "structure": null, "nameTOID": "osgb4000000025355093", "numberTOID": null, "function": "Minor Road", "layer": "roads"}, "geometry": {"type": "LineString", "coordinates": [[286799.0, 79150.0, 0.0], [286817.5, 79137.0, 0.0], [286836.0, 79124.0, 0.0]]}}, {"type": "Feature", "properties": {"fictitious": "false", "identifier": "0D51C912-FD2C-427C-BF9C-8E461A4D4A06", "class": "Unclassified", "roadNumber": null, "name1": "St Marys Close", "name1_lang": null, "name2": null, "name2_lang": null, "formOfWay": "Single Carriageway", "length": 38, "primary": "false", "trunkRoad": "false", "loop": "false", "startNode": "8B23EE97-F826-487D-BAC2-3C0F73513319", "endNode": "12FE8923-D8C4-4830-B42C-48B10E186975", "structure": null, "nameTOID": "osgb4000000025365568", "numberTOID": null, "function": "Local Road", "layer": "roads"}, "geometry": {"type": "LineString", "coordinates": [[286799.0, 79150.0, 0.0], [286812.05, 79163.96, 0.0], [286825.10000000003, 79177.92, 0.0]]}}, {"type": "Feature", "properties": {"fictitious": "false", "identifier": "E1333706-1F49-4AE1-9701-55ECCE5D5624", "class": "Unclassified", "roadNumber": null, "name1": "Troarn Way", "name1_lang": null, "name2": null, "name2_lang": null, "formOfWay": "Single Carriageway", "length": 69, "primary": "false", "trunkRoad": "false", "loop": "false", "startNode": "558E18F5-96D1-4F6D-9B1B-4089BC23C9C4", "endNode": "7C75D023-4CDB-4994-A8F8-AD8344E02872", "structure": null, "nameTOID": "osgb4000000025360193", "numberTOID": null, "function": "Local Road", "layer": "roads"}, "geometry": {"type": "LineString", "coordinates": [[286826.0, 79097.0, 0.0], [286815.5, 79064.0, 0.0], [286805.0, 79031.0, 0.0]]}}, {"type": "Feature", "properties": {"fictitious": "false", "identifier": "3C944C97-F989-4293-BE79-7799932C20B0", "class": "Unclassified", "roadNumber": null, "name1": "St Marys Close", "name1_lang": null, "name2": null, "name2_lang": null, "formOfWay": "Single Carriageway", "length": 39, "primary": "false", "trunkRoad": "false", "loop": "false", "startNode": "12FE8923-D8C4-4830-B42C-48B10E186975", "endNode": "00A96702-65E0-4229-AED7-766387066E70", "structure": null, "nameTOID": "osgb4000000025365568", "numberTOID": null, "function": "Local Road", "layer": "roads"}, "geometry": {"type": "LineString", "coordinates": [[286825.10000000003, 79177.92, 0.0], [286826.0, 79193.0, 0.0], [286823.02, 79196.35, 0.0], [286810.0, 79211.0, 0.0]]}}, {"type": "Feature", "properties": {"fictitious": "false", "identifier": "C5DE7542-0D52-499F-89C6-061A3C23C3FC", "class": "Unclassified", "roadNumber": null, "name1": "St Marys Close", "name1_lang": null, "name2": null, "name2_lang": null, "formOfWay": "Single Carriageway", "length": 38, "primary": "false", "trunkRoad": "false", "loop": "false", "startNode": "3622CB59-44F0-4DDE-9170-30B24D29E158", "endNode": "12FE8923-D8C4-4830-B42C-48B10E186975", "structure": null, "nameTOID": "osgb4000000025365568", "numberTOID": null, "function": "Local Road", "layer": "roads"}, "geometry": {"type": "LineString", "coordinates": [[286861.0, 79175.0, 0.0], [286856.5, 79173.0, 0.0], [286852.0, 79171.0, 0.0], [286838.55, 79174.46, 0.0], [286825.10000000003, 79177.92, 0.0]]}}, {"type": "Feature", "properties": {"fictitious": "false", "identifier": "4D1D7AD8-8EDB-4DA2-9F5C-7849D506BF8D", "class": "Unclassified", "roadNumber": null, "name1": "Troarn Way", "name1_lang": null, "name2": null, "name2_lang": null, "formOfWay": "Single Carriageway", "length": 29, "primary": "false", "trunkRoad": "false", "loop": "false", "startNode": "2B1A1BDE-9F29-4DF3-81F9-FB767A79C2D3", "endNode": "558E18F5-96D1-4F6D-9B1B-4089BC23C9C4", "structure": null, "nameTOID": "osgb4000000025360193", "numberTOID": null, "function": "Local Road", "layer": "roads"}, "geometry": {"type": "LineString", "coordinates": [[286836.0, 79124.0, 0.0], [286831.0, 79110.5, 0.0], [286826.0, 79097.0, 0.0]]}}, {"type": "Feature", "properties": {"fictitious": "false", "identifier": "7C7665AB-D146-42E0-A0E5-7706D1B28AA0", "class": "Unclassified", "roadNumber": null, "name1": "Lawn Drive", "name1_lang": null, "name2": null, "name2_lang": null, "formOfWay": "Single Carriageway", "length": 36, "primary": "false", "trunkRoad": "false", "loop": "false", "startNode": "2B1A1BDE-9F29-4DF3-81F9-FB767A79C2D3", "endNode": "35CF1911-4653-4A77-9038-7C31FAD2C4F6", "structure": null, "nameTOID": "osgb4000000025355093", "numberTOID": null, "function": "Minor Road", "layer": "roads"}, "geometry": {"type": "LineString", "coordinates": [[286836.0, 79124.0, 0.0], [286853.5, 79119.0, 0.0], [286871.0, 79114.0, 0.0]]}}, {"type": "Feature", "properties": {"fictitious": "false", "identifier": "A4C6AA7F-2870-4DA1-AC40-8EE365218EE1", "class": "Unclassified", "roadNumber": null, "name1": "Parkway Road", "name1_lang": null, "name2": null, "name2_lang": null, "formOfWay": "Single Carriageway", "length": 80, "primary": "false", "trunkRoad": "false", "loop": "false", "startNode": "35CF1911-4653-4A77-9038-7C31FAD2C4F6", "endNode": "FA45A371-4E30-40F6-BBF3-07D9F2F93A4C", "structure": null, "nameTOID": "osgb4000000025355092", "numberTOID": null, "function": "Minor Road", "layer": "roads"}, "geometry": {"type": "LineString", "coordinates": [[286871.0, 79114.0, 0.0], [286863.91000000003, 79074.87, 0.0], [286856.82, 79035.75, 0.0]]}}, {"type": "Feature", "properties": {"fictitious": "false", "identifier": "84A273DF-F357-48D8-8961-676C5A0162FC", "class": "Unclassified", "roadNumber": null, "name1": "Lawn Drive", "name1_lang": null, "name2": null, "name2_lang": null, "formOfWay": "Single Carriageway", "length": 37, "primary": "false", "trunkRoad": "false", "loop": "false", "startNode": "35CF1911-4653-4A77-9038-7C31FAD2C4F6", "endNode": "E8F5C2FA-8FCB-4E53-B2F4-D154653F34AF", "structure": null, "nameTOID": "osgb4000000025355093", "numberTOID": null, "function": "Minor Road", "layer": "roads"}, "geometry": {"type": "LineString", "coordinates": [[286871.0, 79114.0, 0.0], [286889.0, 79109.5, 0.0], [286907.0, 79105.0, 0.0]]}}, {"type": "Feature", "properties": {"fictitious": "false", "identifier": "0D4FAC85-A711-44E1-92C1-E3AFB63805DE", "class": "Unclassified", "roadNumber": null, "name1": "Parkway Road", "name1_lang": null, "name2": null, "name2_lang": null, "formOfWay": "Single Carriageway", "length": 77, "primary": "false", "trunkRoad": "false", "loop": "false", "startNode": "BFC91DC2-2178-420C-B53C-284E3AD649B2", "endNode": "35CF1911-4653-4A77-9038-7C31FAD2C4F6", "structure": null, "nameTOID": "osgb4000000025355092", "numberTOID": null, "function": "Minor Road", "layer": "roads"}, "geometry": {"type": "LineString", "coordinates": [[286883.0, 79190.0, 0.0], [286882.68, 79182.79000000001, 0.0], [286882.36, 79175.58, 0.0], [286876.68, 79144.79000000001, 0.0], [286871.0, 79114.0, 0.0]]}}, {"type": "Feature", "properties": {"fictitious": "false", "identifier": "39207CEB-D306-464A-8DBB-62CA79D29DFA", "class": "Unclassified", "roadNumber": null, "name1": "Parkway Road", "name1_lang": null, "name2": null, "name2_lang": null, "formOfWay": "Single Carriageway", "length": 37, "primary": "false", "trunkRoad": "false", "loop": "false", "startNode": "5D9F3D44-45C5-4B26-9C70-F065E6022A8B", "endNode": "BFC91DC2-2178-420C-B53C-284E3AD649B2", "structure": null, "nameTOID": "osgb4000000025355092", "numberTOID": null, "function": "Minor Road", "layer": "roads"}, "geometry": {"type": "LineString", "coordinates": [[286877.72000000003, 79226.43000000001, 0.0], [286880.36, 79208.21, 0.0], [286883.0, 79190.0, 0.0]]}}, {"type": "Feature", "properties": {"fictitious": "false", "identifier": "E63A6246-FEA6-4549-934A-C721DEFDAEF0", "class": "Unknown", "roadNumber": null, "name1": "Parkway Road", "name1_lang": null, "name2": null, "name2_lang": null, "formOfWay": "Single Carriageway", "length": 68, "primary": "false", "trunkRoad": "false", "loop": "false", "startNode": "5D9F3D44-45C5-4B26-9C70-F065E6022A8B", "endNode": "E7E2C389-2541-466E-940F-51378C2B5C26", "structure": null, "nameTOID": "osgb4000000025355092", "numberTOID": null, "function": "Restricted Local Access Road", "layer": "roads"}, "geometry": {"type": "LineString", "coordinates": [[286877.72000000003, 79226.43000000001, 0.0], [286892.74, 79226.47, 0.0], [286904.63, 79226.5, 0.0], [286911.5, 79226.52, 0.0], [286911.56, 79226.6, 0.0], [286915.92, 79231.8, 0.0], [286928.11, 79246.34, 0.0], [286933.32, 79252.56, 0.0]]}}, {"type": "Feature", "properties": {"fictitious": "false", "identifier": "44C58DD7-30D7-4DEF-A6D4-64DC082BE980", "class": "Unclassified", "roadNumber": null, "name1": "Millway", "name1_lang": null, "name2": null, "name2_lang": null, "formOfWay": "Single Carriageway", "length": 180, "primary": "false", "trunkRoad": "false", "loop": "false", "startNode": "BFC91DC2-2178-420C-B53C-284E3AD649B2", "endNode": "675275FB-79ED-4C27-A398-E0222AD9344A", "structure": null, "nameTOID": "osgb4000000025360199", "numberTOID": null, "function": "Local Road", "layer": "roads"}, "geometry": {"type": "LineString", "coordinates": [[286883.0, 79190.0, 0.0], [286911.57, 79194.31, 0.0], [286934.41000000003, 79207.04000000001, 0.0], [286937.32, 79210.51, 0.0], [286975.55, 79256.2, 0.0], [287003.97000000003, 79260.73, 0.0], [287005.13, 79261.84, 0.0], [287027.12, 79282.79000000001, 0.0]]}}, {"type": "Feature", "properties": {"fictitious": "false", "identifier": "41EA98CD-7CA3-43B9-B5B1-936AAA265BB5", "class": "Unclassified", "roadNumber": null, "name1": "Lawn Drive", "name1_lang": null, "name2": null, "name2_lang": null, "formOfWay": "Single Carriageway", "length": 49, "primary": "false", "trunkRoad": "false", "loop": "false", "startNode": "36A92F42-9482-4712-97C6-93BA926541E2", "endNode": "E8F5C2FA-8FCB-4E53-B2F4-D154653F34AF", "structure": null, "nameTOID": "osgb4000000025355093", "numberTOID": null, "function": "Local Road", "layer": "roads"}, "geometry": {"type": "LineString", "coordinates": [[286905.0, 79056.0, 0.0], [286905.0, 79062.5, 0.0], [286905.0, 79069.0, 0.0], [286906.0, 79087.0, 0.0], [286907.0, 79105.0, 0.0]]}}, {"type": "Feature", "properties": {"fictitious": "false", "identifier": "C3E42DCB-9249-4CFB-9B61-70CA39832419", "class": "Unclassified", "roadNumber": null, "name1": "Lawn Drive", "name1_lang": null, "name2": null, "name2_lang": null, "formOfWay": "Single Carriageway", "length": 100, "primary": "false", "trunkRoad": "false", "loop": "false", "startNode": "E8F5C2FA-8FCB-4E53-B2F4-D154653F34AF", "endNode": "AE2B961F-4C4A-4A0D-9B9C-4651A1C39317", "structure": null, "nameTOID": "osgb4000000025355093", "numberTOID": null, "function": "Minor Road", "layer": "roads"}, "geometry": {"type": "LineString", "coordinates": [[286907.0, 79105.0, 0.0], [286935.0, 79103.0, 0.0], [286956.26, 79108.1, 0.0], [286960.0, 79109.0, 0.0], [286995.0, 79139.0, 0.0]]}}, {"type": "Feature", "properties": {"fictitious": "false", "identifier": "AE73570E-88FD-4029-8543-8D893B1DAA99", "class": "Unclassified", "roadNumber": null, "name1": "Lawn Drive", "name1_lang": null, "name2": null, "name2_lang": null, "formOfWay": "Single Carriageway", "length": 134, "primary": "false", "trunkRoad": "false", "loop": "false", "startNode": "5EEA6346-4272-495C-BD14-DEC9F41674A0", "endNode": "76282E98-1276-43B3-83AC-75F63F98F406", "structure": null, "nameTOID": "osgb4000000025355093", "numberTOID": null, "function": "Local Road", "layer": "roads"}, "geometry": {"type": "LineString", "coordinates": [[287020.0, 79178.0, 0.0], [287014.5, 79185.5, 0.0], [287009.0, 79193.0, 0.0], [286962.01, 79159.71, 0.0], [286938.25, 79142.88, 0.0], [286910.56, 79136.23, 0.0]]}}, {"type": "Feature", "properties": {"fictitious": "false", "identifier": "2391A856-CEDC-499D-93CD-77795FED49FF", "class": "Unclassified", "roadNumber": null, "name1": "Lawn Drive", "name1_lang": null, "name2": null, "name2_lang": null, "formOfWay": "Single Carriageway", "length": 76, "primary": "false", "trunkRoad": "false", "loop": "false", "startNode": "0582B445-4570-4CD8-AF2D-C22E1F3F9864", "endNode": "AE2B961F-4C4A-4A0D-9B9C-4651A1C39317", "structure": null, "nameTOID": "osgb4000000025355093", "numberTOID": null, "function": "Local Road", "layer": "roads"}, "geometry": {"type": "LineString", "coordinates": [[286965.0, 79093.0, 0.0], [286987.5, 79109.5, 0.0], [287010.0, 79126.0, 0.0], [287002.5, 79132.5, 0.0], [286995.0, 79139.0, 0.0]]}}, {"type": "Feature", "properties": {"fictitious": "false", "identifier": "02F64149-4780-4C7A-A920-679FC5DF5380", "class": "Unclassified", "roadNumber": null, "name1": "Lawn Drive", "name1_lang": null, "name2": null, "name2_lang": null, "formOfWay": "Single Carriageway", "length": 46, "primary": "false", "trunkRoad": "false", "loop": "false", "startNode": "AE2B961F-4C4A-4A0D-9B9C-4651A1C39317", "endNode": "5EEA6346-4272-495C-BD14-DEC9F41674A0", "structure": null, "nameTOID": "osgb4000000025355093", "numberTOID": null, "function": "Minor Road", "layer": "roads"}, "geometry": {"type": "LineString", "coordinates": [[286995.0, 79139.0, 0.0], [287007.5, 79158.5, 0.0], [287020.0, 79178.0, 0.0]]}}, {"type": "Feature", "properties": {"fictitious": "false", "identifier": "B5EE12A5-29EB-4215-A482-2C0EB541E7E9", "class": "Unclassified", "roadNumber": null, "name1": "Lawn Drive", "name1_lang": null, "name2": null, "name2_lang": null, "formOfWay": "Single Carriageway", "length": 161, "primary": "false", "trunkRoad": "false", "loop": "false", "startNode": "5EEA6346-4272-495C-BD14-DEC9F41674A0", "endNode": "A4150DCD-268C-4E8D-AC6D-EF00075AA50B", "structure": null, "nameTOID": "osgb4000000025355093", "numberTOID": null, "function": "Minor Road", "layer": "roads"}, "geometry": {"type": "LineString", "coordinates": [[287020.0, 79178.0, 0.0], [287045.0, 79194.0, 0.0], [287061.0, 79213.0, 0.0], [287064.74, 79238.74, 0.0], [287070.0, 79275.0, 0.0], [287093.03, 79312.37, 0.0]]}}, {"type": "Feature", "properties": {"fictitious": "false", "identifier": "397AB894-A135-4A38-A379-16FCABF1AA2E", "class": "Unclassified", "roadNumber": null, "name1": "Parkway Road", "name1_lang": null, "name2": null, "name2_lang": null, "formOfWay": "Single Carriageway", "length": 245, "primary": "false", "trunkRoad": "false", "loop": "false", "startNode": "0AA2ED85-14C8-4160-9F26-FE43DBF90CA2", "endNode": "5D9F3D44-45C5-4B26-9C70-F065E6022A8B", "structure": null, "nameTOID": "osgb4000000025355092", "numberTOID": null, "function": "Minor Road", "layer": "roads"}, "geometry": {"type": "LineString", "coordinates": [[286935.0, 79442.0, 0.0], [286899.86, 79402.22, 0.0], [286896.75, 79398.69, 0.0], [286896.14, 79398.01, 0.0], [286864.72000000003, 79362.44, 0.0], [286863.95, 79360.91, 0.0], [286863.19, 79359.37, 0.0], [286858.0, 79340.0, 0.0], [286860.35000000003, 79323.04000000001, 0.0], [286865.45, 79286.22, 0.0], [286871.58, 79256.32, 0.0], [286872.3, 79252.85, 0.0], [286874.33, 79242.95, 0.0], [286877.72000000003, 79226.43000000001, 0.0]]}}, {"type": "Feature", "properties": {"fictitious": "false", "identifier": "DD958E80-C781-4A86-91A9-59DB6D621CE5", "class": "Classified Unnumbered", "roadNumber": null, "name1": "Clifford Street", "name1_lang": null, "name2": null, "name2_lang": null, "formOfWay": "Single Carriageway", "length": 98, "primary": "false", "trunkRoad": "false", "loop": "false", "startNode": "A4150DCD-268C-4E8D-AC6D-EF00075AA50B", "endNode": "BC281BED-3DA4-4CD5-B083-B2929EC9A5DF", "structure": null, "nameTOID": "osgb4000000025356951", "numberTOID": null, "function": "Minor Road", "layer": "roads"}, "geometry": {"type": "LineString", "coordinates": [[287093.03, 79312.37, 0.0], [287100.0, 79309.44867300952, 0.0]]}}, {"type": "Feature", "properties": {"fictitious": "false", "identifier": "A251BF67-0CB9-45DA-9E57-B89BC8389E7C", "class": "Unclassified", "roadNumber": null, "name1": "Glebelands", "name1_lang": null, "name2": null, "name2_lang": null, "formOfWay": "Single Carriageway", "length": 37, "primary": "false", "trunkRoad": "false", "loop": "false", "startNode": "2C2FD714-6DC8-4481-9720-4720E5E85BAF", "endNode": "DDB9438D-34F8-4E54-B56F-E9C5EDE08A6F", "structure": null, "nameTOID": "osgb4000000025363555", "numberTOID": null, "function": "Local Road", "layer": "roads"}, "geometry": {"type": "LineString", "coordinates": [[286973.35000000003, 79304.40000000001, 0.0], [286973.18, 79311.15000000001, 0.0], [286973.01, 79317.90000000001, 0.0], [286976.72000000003, 79328.89, 0.0], [286980.44, 79339.88, 0.0]]}}, {"type": "Feature", "properties": {"fictitious": "false", "identifier": "31B14CA8-D514-41DB-B60A-70FA07B85029", "class": "B Road", "roadNumber": "B3344", "name1": "Parade", "name1_lang": null, "name2": null, "name2_lang": null, "formOfWay": "Single Carriageway", "length": 39, "primary": "false", "trunkRoad": "false", "loop": "false", "startNode": "70E07CDC-FD65-4E64-A1F1-ED0E44B4229F", "endNode": "D5263840-D2C7-4D48-BC96-4358BF2CA358", "structure": null, "nameTOID": "osgb4000000025360192", "numberTOID": "osgb4000000025366224", "function": "B Road", "layer": "roads"}, "geometry": {"type": "LineString", "coordinates": [[286592.0, 79310.0, 0.0], [286604.0, 79325.5, 0.0], [286616.0, 79341.0, 0.0]]}}, {"type": "Feature", "properties": {"fictitious": "false", "identifier": "76397A20-18EF-4202-A224-7F2A5FF64D6D", "class": "Classified Unnumbered", "roadNumber": null, "name1": "Clifford Street", "name1_lang": null, "name2": null, "name2_lang": null, "formOfWay": "Single Carriageway", "length": 61, "primary": "false", "trunkRoad": "false", "loop": "false", "startNode": "F346530B-C4A1-4FFA-BF38-192EEA4C3A08", "endNode": "A4150DCD-268C-4E8D-AC6D-EF00075AA50B", "structure": null, "nameTOID": "osgb4000000025356951", "numberTOID": null, "function": "Local Road", "layer": "roads"}, "geometry": {"type": "LineString", "coordinates": [[287046.34, 79351.39, 0.0], [287056.64, 79342.45, 0.0], [287066.95, 79333.51, 0.0], [287079.99, 79322.94, 0.0], [287093.03, 79312.37, 0.0]]}}, {"type": "Feature", "properties": {"fictitious": "false", "identifier": "BCABA5D4-C0C8-4F65-B0AD-74BDE26E5AE5", "class": "Unclassified", "roadNumber": null, "name1": "Millstream Meadow", "name1_lang": null, "name2": null, "name2_lang": null, "formOfWay": "Single Carriageway", "length": 196, "primary": "false", "trunkRoad": "false", "loop": "false", "startNode": "49F576CA-F9EE-43B0-B166-6AA5A482018E", "endNode": "A4150DCD-268C-4E8D-AC6D-EF00075AA50B", "structure": null, "nameTOID": "osgb4000000025363554", "numberTOID": null, "function": "Local Road", "layer": "roads"}, "geometry": {"type": "LineString", "coordinates": [[287100.0, 79324.23469557961, 0.0], [287093.03, 79312.37, 0.0]]}}, {"type": "Feature", "properties": {"fictitious": "false", "identifier": "D78A61C4-36C6-4770-A403-DC6601DDE8E3", "class": "Unclassified", "roadNumber": null, "name1": "Glebelands", "name1_lang": null, "name2": null, "name2_lang": null, "formOfWay": "Single Carriageway", "length": 70, "primary": "false", "trunkRoad": "false", "loop": "false", "startNode": "F346530B-C4A1-4FFA-BF38-192EEA4C3A08", "endNode": "DDB9438D-34F8-4E54-B56F-E9C5EDE08A6F", "structure": null, "nameTOID": "osgb4000000025363555", "numberTOID": null, "function": "Local Road", "layer": "roads"}, "geometry": {"type": "LineString", "coordinates": [[287046.34, 79351.39, 0.0], [287026.64, 79339.88, 0.0], [287014.5, 79337.44, 0.0], [286998.92, 79334.3, 0.0], [286980.44, 79339.88, 0.0]]}}, {"type": "Feature", "properties": {"fictitious": "false", "identifier": "71C74DE5-128A-4300-BC8D-F2C2206F8A0C", "class": "Unclassified", "roadNumber": null, "name1": "Glebelands", "name1_lang": null, "name2": null, "name2_lang": null, "formOfWay": "Single Carriageway", "length": 93, "primary": "false", "trunkRoad": "false", "loop": "false", "startNode": "DDB9438D-34F8-4E54-B56F-E9C5EDE08A6F", "endNode": "A04B3075-8DFA-43ED-B773-6FF3B488783B", "structure": null, "nameTOID": "osgb4000000025363555", "numberTOID": null, "function": "Local Road", "layer": "roads"}, "geometry": {"type": "LineString", "coordinates": [[286980.44, 79339.88, 0.0], [286968.02, 79359.08, 0.0], [286955.60000000003, 79378.27, 0.0], [286947.0, 79380.0, 0.0], [286944.57, 79378.44, 0.0], [286934.76, 79372.14, 0.0], [286924.29, 79366.45, 0.0], [286913.81, 79360.76, 0.0]]}}, {"type": "Feature", "properties": {"fictitious": "false", "identifier": "26C6A1BE-C39A-41B7-9B9A-7BA07FC5E177", "class": "Unclassified", "roadNumber": null, "name1": "Old Way", "name1_lang": null, "name2": null, "name2_lang": null, "formOfWay": "Single Carriageway", "length": 97, "primary": "false", "trunkRoad": "false", "loop": "false", "startNode": "D5263840-D2C7-4D48-BC96-4358BF2CA358", "endNode": "ED1B62E8-9C42-4DE7-AB3E-E88F0BAFA13A", "structure": null, "nameTOID": "osgb4000000025354287", "numberTOID": null, "function": "Local Road", "layer": "roads"}, "geometry": {"type": "LineString", "coordinates": [[286616.0, 79341.0, 0.0], [286568.87, 79351.43000000001, 0.0], [286521.75, 79361.85, 0.0]]}}, {"type": "Feature", "properties": {"fictitious": "false", "identifier": "9E7ECD58-A944-4F3E-A4F0-BC130FB407F6", "class": "B Road", "roadNumber": "B3344", "name1": "Fore Street", "name1_lang": null, "name2": null, "name2_lang": null, "formOfWay": "Single Carriageway", "length": 153, "primary": "false", "trunkRoad": "false", "loop": "false", "startNode": "D5263840-D2C7-4D48-BC96-4358BF2CA358", "endNode": "89ACF252-C221-45BC-B575-3E1BC99D2D5E", "structure": null, "nameTOID": "osgb4000000025356948", "numberTOID": "osgb4000000025366224", "function": "B Road", "layer": "roads"}, "geometry": {"type": "LineString", "coordinates": [[286616.0, 79341.0, 0.0], [286627.02, 79355.53, 0.0], [286638.04, 79370.05, 0.0], [286651.31, 79387.12, 0.0], [286664.57, 79404.2, 0.0], [286665.44, 79405.41, 0.0], [286666.31, 79406.63, 0.0], [286669.62, 79411.28, 0.0], [286672.92, 79415.93000000001, 0.0], [286683.95, 79431.42, 0.0], [286694.98, 79446.92, 0.0], [286697.66000000003, 79450.37, 0.0], [286700.35000000003, 79453.81, 0.0], [286704.29, 79458.29000000001, 0.0], [286708.23, 79462.76, 0.0]]}}, {"type": "Feature", "properties": {"fictitious": "false", "identifier": "8D585557-141F-46F0-921F-7B541D0550A5", "class": "Unclassified", "roadNumber": null, "name1": "Old Way", "name1_lang": null, "name2": null, "name2_lang": null, "formOfWay": "Single Carriageway", "length": 77, "primary": "false", "trunkRoad": "false", "loop": "false", "startNode": "A568BC45-7086-46BE-8235-681BBF519BB7", "endNode": "FA127AA9-B8C6-4B57-BEA5-DC33AB972B1D", "structure": null, "nameTOID": "osgb4000000025354287", "numberTOID": null, "function": "Local Road", "layer": "roads"}, "geometry": {"type": "LineString", "coordinates": [[286460.0, 79348.0, 0.0], [286440.5, 79345.0, 0.0], [286421.0, 79342.0, 0.0], [286402.44, 79341.54000000001, 0.0], [286383.88, 79341.07, 0.0]]}}, {"type": "Feature", "properties": {"fictitious": "false", "identifier": "605C77C0-871E-49A8-92DC-0FB23EDD15E5", "class": "Unclassified", "roadNumber": null, "name1": "Old Way", "name1_lang": null, "name2": null, "name2_lang": null, "formOfWay": "Single Carriageway", "length": 112, "primary": "false", "trunkRoad": "false", "loop": "false", "startNode": "328FBF3C-F2E1-45EE-B496-509FD9D9FA03", "endNode": "A568BC45-7086-46BE-8235-681BBF519BB7", "structure": null, "nameTOID": "osgb4000000025354287", "numberTOID": null, "function": "Local Road", "layer": "roads"}, "geometry": {"type": "LineString", "coordinates": [[286366.41000000003, 79385.39, 0.0], [286421.78, 79378.40000000001, 0.0], [286443.82, 79375.62, 0.0], [286455.85000000003, 79365.16, 0.0], [286460.0, 79348.0, 0.0]]}}, {"type": "Feature", "properties": {"fictitious": "false", "identifier": "0D08AB0A-4040-4B8D-A1F2-62115212F12F", "class": "Unclassified", "roadNumber": null, "name1": "Old Way", "name1_lang": null, "name2": null, "name2_lang": null, "formOfWay": "Single Carriageway", "length": 63, "primary": "false", "trunkRoad": "false", "loop": "false", "startNode": "ED1B62E8-9C42-4DE7-AB3E-E88F0BAFA13A", "endNode": "A568BC45-7086-46BE-8235-681BBF519BB7", "structure": null, "nameTOID": "osgb4000000025354287", "numberTOID": null, "function": "Local Road", "layer": "roads"}, "geometry": {"type": "LineString", "coordinates": [[286521.75, 79361.85, 0.0], [286497.51, 79356.56, 0.0], [286473.26, 79351.28, 0.0], [286466.63, 79349.64, 0.0], [286460.0, 79348.0, 0.0]]}}, {"type": "Feature", "properties": {"fictitious": "false", "identifier": "9C90B621-F14D-4963-B6C8-0073A82D20DF", "class": "Classified Unnumbered", "roadNumber": null, "name1": "Clifford Street", "name1_lang": null, "name2": null, "name2_lang": null, "formOfWay": "Single Carriageway", "length": 16, "primary": "false", "trunkRoad": "false", "loop": "false", "startNode": "D6DF6295-CD1E-41DB-937F-DAAE93AC4BD2", "endNode": "F346530B-C4A1-4FFA-BF38-192EEA4C3A08", "structure": null, "nameTOID": "osgb4000000025356951", "numberTOID": null, "function": "Local Road", "layer": "roads"}, "geometry": {"type": "LineString", "coordinates": [[287041.0, 79367.0, 0.0], [287043.67, 79359.2, 0.0], [287046.34, 79351.39, 0.0]]}}, {"type": "Feature", "properties": {"fictitious": "false", "identifier": "68A52F80-F27D-459A-B069-06B7372EE8F0", "class": "Unclassified", "roadNumber": null, "name1": "Great Hill", "name1_lang": null, "name2": null, "name2_lang": null, "formOfWay": "Single Carriageway", "length": 57, "primary": "false", "trunkRoad": "false", "loop": "false", "startNode": "BCCE4ED6-6242-4BFD-942C-3FA71226E394", "endNode": "ED1B62E8-9C42-4DE7-AB3E-E88F0BAFA13A", "structure": null, "nameTOID": "osgb4000000025360195", "numberTOID": null, "function": "Local Road", "layer": "roads"}, "geometry": {"type": "LineString", "coordinates": [[286524.98, 79418.48, 0.0], [286523.36, 79407.86, 0.0], [286521.75, 79397.24, 0.0], [286521.75, 79379.55, 0.0], [286521.75, 79361.85, 0.0]]}}, {"type": "Feature", "properties": {"fictitious": "false", "identifier": "48A771D4-5FEE-433C-9525-B9C212DE3D48", "class": "Unclassified", "roadNumber": null, "name1": "Kits Close", "name1_lang": null, "name2": null, "name2_lang": null, "formOfWay": "Single Carriageway", "length": 143, "primary": "false", "trunkRoad": "false", "loop": "false", "startNode": "D6DF6295-CD1E-41DB-937F-DAAE93AC4BD2", "endNode": "0B6CAD67-9D18-4A21-A732-DBA92499013C", "structure": null, "nameTOID": "osgb4000000025363553", "numberTOID": null, "function": "Local Road", "layer": "roads"}, "geometry": {"type": "LineString", "coordinates": [[287041.0, 79367.0, 0.0], [287052.44, 79387.13, 0.0], [287051.92, 79414.68000000001, 0.0], [287065.08, 79430.49, 0.0], [287100.0, 79472.45680851064, 0.0]]}}, {"type": "Feature", "properties": {"fictitious": "false", "identifier": "D2C6B80C-9A0F-4AED-8F3A-CB6E0CA65621", "class": "Unclassified", "roadNumber": null, "name1": "Great Hill", "name1_lang": null, "name2": null, "name2_lang": null, "formOfWay": "Single Carriageway", "length": 39, "primary": "false", "trunkRoad": "false", "loop": "false", "startNode": "BCCE4ED6-6242-4BFD-942C-3FA71226E394", "endNode": "120F6BB9-5CA6-4F12-95D3-6FB32922271D", "structure": null, "nameTOID": "osgb4000000025360195", "numberTOID": null, "function": "Local Road", "layer": "roads"}, "geometry": {"type": "LineString", "coordinates": [[286524.98, 79418.48, 0.0], [286544.45, 79416.69, 0.0], [286563.93, 79414.90000000001, 0.0]]}}, {"type": "Feature", "properties": {"fictitious": "false", "identifier": "FCC59A0B-B112-44B3-8387-2B7C62AE4607", "class": "Not Classified", "roadNumber": null, "name1": "Clifford Street", "name1_lang": null, "name2": null, "name2_lang": null, "formOfWay": "Single Carriageway", "length": 97, "primary": "false", "trunkRoad": "false", "loop": "false", "startNode": "0AA2ED85-14C8-4160-9F26-FE43DBF90CA2", "endNode": "575F3A9A-49D4-4DDC-A1DC-2154E82CEF45", "structure": null, "nameTOID": "osgb4000000025356951", "numberTOID": null, "function": "Local Road", "layer": "roads"}, "geometry": {"type": "LineString", "coordinates": [[286935.0, 79442.0, 0.0], [286960.0, 79429.0, 0.0], [286985.0, 79416.0, 0.0], [286991.09, 79435.56, 0.0], [286997.17, 79455.12, 0.0]]}}, {"type": "Feature", "properties": {"fictitious": "false", "identifier": "D9A9A01C-4BA2-412F-98AF-3554B840582C", "class": "Unknown", "roadNumber": null, "name1": null, "name1_lang": null, "name2": null, "name2_lang": null, "formOfWay": "Single Carriageway", "length": 86, "primary": "false", "trunkRoad": "false", "loop": "false", "startNode": "89ACF252-C221-45BC-B575-3E1BC99D2D5E", "endNode": "C023B54A-5D3E-4E84-A322-2EA71DD5F6DB", "structure": null, "nameTOID": null, "numberTOID": null, "function": "Restricted Local Access Road", "layer": "roads"}, "geometry": {"type": "LineString", "coordinates": [[286708.23, 79462.76, 0.0], [286738.59, 79444.27, 0.0], [286740.25, 79437.11, 0.0], [286741.34, 79432.41, 0.0], [286775.74, 79416.12, 0.0]]}}, {"type": "Feature", "properties": {"fictitious": "false", "identifier": "9CF74233-3FED-4876-BDF2-EA5352A5299B", "class": "Unclassified", "roadNumber": null, "name1": "Great Hill", "name1_lang": null, "name2": null, "name2_lang": null, "formOfWay": "Single Carriageway", "length": 73, "primary": "false", "trunkRoad": "false", "loop": "false", "startNode": "7BFD5179-6AED-4E0B-95F3-26C90549726F", "endNode": "BCCE4ED6-6242-4BFD-942C-3FA71226E394", "structure": null, "nameTOID": "osgb4000000025360195", "numberTOID": null, "function": "Local Road", "layer": "roads"}, "geometry": {"type": "LineString", "coordinates": [[286546.17, 79486.26, 0.0], [286537.93, 79474.5, 0.0], [286529.69, 79462.75, 0.0], [286528.54, 79452.22, 0.0], [286527.39, 79441.7, 0.0], [286526.18, 79430.09, 0.0], [286524.98, 79418.48, 0.0]]}}, {"type": "Feature", "properties": {"fictitious": "false", "identifier": "7BB25E8A-2278-446D-A3F3-D3C6EEF970C5", "class": "Not Classified", "roadNumber": null, "name1": "Coach House Mews", "name1_lang": null, "name2": null, "name2_lang": null, "formOfWay": "Single Carriageway", "length": 125, "primary": "false", "trunkRoad": "false", "loop": "false", "startNode": "4DAB8663-B9BF-4D52-A6D3-60B4CDFDBD27", "endNode": "8A91887B-85DC-429E-AC14-9F2EC668CEDA", "structure": null, "nameTOID": "osgb5000005156297823", "numberTOID": null, "function": "Restricted Local Access Road", "layer": "roads"}, "geometry": {"type": "LineString", "coordinates": [[286771.57, 79512.86, 0.0], [286781.7, 79495.43000000001, 0.0], [286791.82, 79478.0, 0.0], [286803.15, 79457.82, 0.0], [286820.28, 79448.95, 0.0], [286857.97000000003, 79429.45, 0.0]]}}, {"type": "Feature", "properties": {"fictitious": "false", "identifier": "DC89EDD4-8695-4A67-BDE5-069BEE77E747", "class": "Classified Unnumbered", "roadNumber": null, "name1": "Clifford Street", "name1_lang": null, "name2": null, "name2_lang": null, "formOfWay": "Single Carriageway", "length": 23, "primary": "false", "trunkRoad": "false", "loop": "false", "startNode": "E2C6EE0F-221B-4CA6-AC37-C977A9DAB48A", "endNode": "0AA2ED85-14C8-4160-9F26-FE43DBF90CA2", "structure": null, "nameTOID": "osgb4000000025356951", "numberTOID": null, "function": "Minor Road", "layer": "roads"}, "geometry": {"type": "LineString", "coordinates": [[286918.0, 79458.0, 0.0], [286926.5, 79450.0, 0.0], [286935.0, 79442.0, 0.0]]}}, {"type": "Feature", "properties": {"fictitious": "false", "identifier": "90873777-9B83-42B1-B040-70D19F8086AB", "class": "Not Classified", "roadNumber": null, "name1": "Clifford Close", "name1_lang": null, "name2": null, "name2_lang": null, "formOfWay": "Single Carriageway", "length": 57, "primary": "false", "trunkRoad": "false", "loop": "false", "startNode": "E2C6EE0F-221B-4CA6-AC37-C977A9DAB48A", "endNode": "CB2D0E7C-70E5-47B2-B7A9-6A248D9DB4BF", "structure": null, "nameTOID": "osgb4000000025412488", "numberTOID": null, "function": "Local Road", "layer": "roads"}, "geometry": {"type": "LineString", "coordinates": [[286918.0, 79458.0, 0.0], [286933.0, 79476.0, 0.0], [286930.74, 79480.52, 0.0], [286918.0, 79506.0, 0.0]]}}, {"type": "Feature", "properties": {"fictitious": "false", "identifier": "F5A9B6CA-15D6-490B-8314-561012C44D0F", "class": "Not Classified", "roadNumber": null, "name1": "Weavers Road", "name1_lang": null, "name2": null, "name2_lang": null, "formOfWay": "Single Carriageway", "length": 216, "primary": "false", "trunkRoad": "false", "loop": "false", "startNode": "88E5C950-5B87-4800-A21D-6454CD49B5BC", "endNode": "E45B8299-1DF8-4155-ACFC-6FEA51B5D190", "structure": null, "nameTOID": "osgb5000005271436598", "numberTOID": null, "function": "Local Road", "layer": "roads"}, "geometry": {"type": "LineString", "coordinates": [[286100.0, 78883.49691088262, 0.0], [286104.97000000003, 78881.54000000001, 0.0]]}}, {"type": "Feature", "properties": {"fictitious": "false", "identifier": "2A2B5F79-F435-4635-A5FE-EEC892C246F2", "class": "Not Classified", "roadNumber": null, "name1": "Spinners Square", "name1_lang": null, "name2": null, "name2_lang": null, "formOfWay": "Single Carriageway", "length": 41, "primary": "false", "trunkRoad": "false", "loop": "false", "startNode": "6A7E1FF8-937F-4058-9B6D-19B50DCFB2E3", "endNode": "1ABE9D3E-EFBF-4B77-B198-8964FFE1D5F9", "structure": null, "nameTOID": "osgb5000005274226153", "numberTOID": null, "function": "Local Road", "layer": "roads"}, "geometry": {"type": "LineString", "coordinates": [[286163.11, 78816.15000000001, 0.0], [286179.81, 78828.16, 0.0], [286196.52, 78840.17, 0.0]]}}, {"type": "Feature", "properties": {"fictitious": "false", "identifier": "B9ACE141-9211-4932-B41B-2916FB54D72B", "class": "Not Classified", "roadNumber": null, "name1": "Weavers Road", "name1_lang": null, "name2": null, "name2_lang": null, "formOfWay": "Single Carriageway", "length": 53, "primary": "false", "trunkRoad": "false", "loop": "false", "startNode": "6A7E1FF8-937F-4058-9B6D-19B50DCFB2E3", "endNode": "5EE320B5-7351-40A8-A112-4DD10EF86CB1", "structure": null, "nameTOID": "osgb5000005271436598", "numberTOID": null, "function": "Local Road", "layer": "roads"}, "geometry": {"type": "LineString", "coordinates": [[286163.11, 78816.15000000001, 0.0], [286159.33, 78820.90000000001, 0.0], [286155.55, 78825.65000000001, 0.0], [286142.59, 78841.37, 0.0], [286129.63, 78857.09, 0.0]]}}, {"type": "Feature", "properties": {"fictitious": "false", "identifier": "CA00B4C2-EB19-418F-B13D-F61DBD32D4DC", "class": "Unknown", "roadNumber": null, "name1": null, "name1_lang": null, "name2": null, "name2_lang": null, "formOfWay": "Single Carriageway", "length": 52, "primary": "false", "trunkRoad": "false", "loop": "false", "startNode": "88BD98F1-1CC0-42E8-9555-3927F3740AC5", "endNode": "C23EDF69-78CD-430D-826A-751E08C6EFB7", "structure": null, "nameTOID": null, "numberTOID": null, "function": "Restricted Local Access Road", "layer": "roads"}, "geometry": {"type": "LineString", "coordinates": [[286318.68, 78836.05, 0.0], [286322.19, 78830.31, 0.0], [286325.69, 78824.58, 0.0], [286329.23, 78820.93000000001, 0.0], [286332.77, 78817.28, 0.0], [286344.33, 78825.51, 0.0], [286355.89, 78833.74, 0.0]]}}, {"type": "Feature", "properties": {"fictitious": "false", "identifier": "C32BE268-D34B-4535-A456-FA3352656930", "class": "Unknown", "roadNumber": null, "name1": "Rock Road", "name1_lang": null, "name2": null, "name2_lang": null, "formOfWay": "Single Carriageway", "length": 64, "primary": "false", "trunkRoad": "false", "loop": "false", "startNode": "4EA855DE-6765-45DB-B078-7685C4E0C794", "endNode": "31847F0C-890B-4FB5-90DE-83A688378847", "structure": null, "nameTOID": "osgb4000000025356946", "numberTOID": null, "function": "Local Road", "layer": "roads"}, "geometry": {"type": "LineString", "coordinates": [[286701.21, 78871.23, 0.0], [286724.0, 78859.0, 0.0], [286727.68, 78853.8, 0.0], [286744.63, 78829.86, 0.0], [286746.31, 78827.49, 0.0]]}}, {"type": "Feature", "properties": {"fictitious": "false", "identifier": "D9CEC8AC-312B-4407-A308-E7838A625B81", "class": "Unknown", "roadNumber": null, "name1": null, "name1_lang": null, "name2": null, "name2_lang": null, "formOfWay": "Single Carriageway", "length": 37, "primary": "false", "trunkRoad": "false", "loop": "false", "startNode": "E106DF8D-350C-4A22-B6A9-6258CEA151B2", "endNode": "C23EDF69-78CD-430D-826A-751E08C6EFB7", "structure": null, "nameTOID": null, "numberTOID": null, "function": "Restricted Local Access Road", "layer": "roads"}, "geometry": {"type": "LineString", "coordinates": [[286351.19, 78870.47, 0.0], [286353.54, 78852.11, 0.0], [286355.89, 78833.74, 0.0]]}}, {"type": "Feature", "properties": {"fictitious": "false", "identifier": "11BDD849-4846-454F-B930-B49D2A7B9D40", "class": "B Road", "roadNumber": "B3344", "name1": null, "name1_lang": null, "name2": null, "name2_lang": null, "formOfWay": "Single Carriageway", "length": 47, "primary": "false", "trunkRoad": "false", "loop": "false", "startNode": "88BD98F1-1CC0-42E8-9555-3927F3740AC5", "endNode": "E106DF8D-350C-4A22-B6A9-6258CEA151B2", "structure": null, "nameTOID": null, "numberTOID": "osgb4000000025366224", "function": "B Road", "layer": "roads"}, "geometry": {"type": "LineString", "coordinates": [[286318.68, 78836.05, 0.0], [286334.94, 78853.26, 0.0], [286351.19, 78870.47, 0.0]]}}, {"type": "Feature", "properties": {"fictitious": "false", "identifier": "A01B22C3-4CC7-4B64-B7A6-ADE3BBAC80E9", "class": "Unknown", "roadNumber": null, "name1": "Spinners Square", "name1_lang": null, "name2": null, "name2_lang": null, "formOfWay": "Single Carriageway", "length": 60, "primary": "false", "trunkRoad": "false", "loop": "false", "startNode": "9303F8B5-8F41-4106-81C9-5A4E6DC615B4", "endNode": "1ABE9D3E-EFBF-4B77-B198-8964FFE1D5F9", "structure": null, "nameTOID": "osgb5000005274226153", "numberTOID": null, "function": "Secondary Access Road", "layer": "roads"}, "geometry": {"type": "LineString", "coordinates": [[286173.82, 78895.35, 0.0], [286185.17, 78867.76, 0.0], [286196.52, 78840.17, 0.0]]}}, {"type": "Feature", "properties": {"fictitious": "false", "identifier": "091A0E28-3D4D-4D71-B7E1-CA24E17BB762", "class": "Not Classified", "roadNumber": null, "name1": "Spinners Square", "name1_lang": null, "name2": null, "name2_lang": null, "formOfWay": "Single Carriageway", "length": 149, "primary": "false", "trunkRoad": "false", "loop": "false", "startNode": "1ABE9D3E-EFBF-4B77-B198-8964FFE1D5F9", "endNode": "9303F8B5-8F41-4106-81C9-5A4E6DC615B4", "structure": null, "nameTOID": "osgb5000005274226153", "numberTOID": null, "function": "Local Road", "layer": "roads"}, "geometry": {"type": "LineString", "coordinates": [[286196.52, 78840.17, 0.0], [286217.65, 78848.25, 0.0], [286238.78, 78856.33, 0.0], [286238.31, 78857.54000000001, 0.0], [286237.85000000003, 78858.74, 0.0], [286228.08, 78884.0, 0.0], [286218.32, 78909.25, 0.0], [286196.07, 78902.3, 0.0], [286173.82, 78895.35, 0.0]]}}, {"type": "Feature", "properties": {"fictitious": "false", "identifier": "A199EAC4-2637-45D3-9606-F05F882D0CD9", "class": "Not Classified", "roadNumber": null, "name1": "Spinners Square", "name1_lang": null, "name2": null, "name2_lang": null, "formOfWay": "Single Carriageway", "length": 58, "primary": "false", "trunkRoad": "false", "loop": "false", "startNode": "9303F8B5-8F41-4106-81C9-5A4E6DC615B4", "endNode": "5EE320B5-7351-40A8-A112-4DD10EF86CB1", "structure": null, "nameTOID": "osgb5000005274226153", "numberTOID": null, "function": "Local Road", "layer": "roads"}, "geometry": {"type": "LineString", "coordinates": [[286173.82, 78895.35, 0.0], [286154.71, 78878.84, 0.0], [286135.60000000003, 78862.33, 0.0], [286132.61, 78859.71, 0.0], [286129.63, 78857.09, 0.0]]}}, {"type": "Feature", "properties": {"fictitious": "false", "identifier": "7A6F0156-A32A-4454-A2E4-3347F5963F04", "class": "Not Classified", "roadNumber": null, "name1": "Weavers Road", "name1_lang": null, "name2": null, "name2_lang": null, "formOfWay": "Single Carriageway", "length": 35, "primary": "false", "trunkRoad": "false", "loop": "false", "startNode": "5EE320B5-7351-40A8-A112-4DD10EF86CB1", "endNode": "E45B8299-1DF8-4155-ACFC-6FEA51B5D190", "structure": null, "nameTOID": "osgb5000005271436598", "numberTOID": null, "function": "Local Road", "layer": "roads"}, "geometry": {"type": "LineString", "coordinates": [[286129.63, 78857.09, 0.0], [286117.3, 78869.32, 0.0], [286104.97000000003, 78881.54000000001, 0.0]]}}, {"type": "Feature", "properties": {"fictitious": "false", "identifier": "BDCC2823-C85A-46CC-B4AA-6CB31A493FBC", "class": "B Road", "roadNumber": "B3344", "name1": null, "name1_lang": null, "name2": null, "name2_lang": null, "formOfWay": "Single Carriageway", "length": 22, "primary": "false", "trunkRoad": "false", "loop": "false", "startNode": "E106DF8D-350C-4A22-B6A9-6258CEA151B2", "endNode": "68F8E6DE-DDAA-4203-B0FA-83A28017CDEF", "structure": null, "nameTOID": null, "numberTOID": "osgb4000000025366224", "function": "B Road", "layer": "roads"}, "geometry": {"type": "LineString", "coordinates": [[286351.19, 78870.47, 0.0], [286358.44, 78878.69, 0.0], [286365.69, 78886.92, 0.0]]}}, {"type": "Feature", "properties": {"fictitious": "false", "identifier": "B17FF85C-3E9A-4D56-9857-80AE8966A312", "class": "Unclassified", "roadNumber": null, "name1": "Parkway Road", "name1_lang": null, "name2": null, "name2_lang": null, "formOfWay": "Single Carriageway", "length": 244, "primary": "false", "trunkRoad": "false", "loop": "false", "startNode": "FA45A371-4E30-40F6-BBF3-07D9F2F93A4C", "endNode": "4EA855DE-6765-45DB-B078-7685C4E0C794", "structure": null, "nameTOID": "osgb4000000025355092", "numberTOID": null, "function": "Minor Road", "layer": "roads"}, "geometry": {"type": "LineString", "coordinates": [[286856.82, 79035.75, 0.0], [286847.24, 78999.05, 0.0], [286826.0, 78980.0, 0.0], [286817.08, 78935.76, 0.0], [286807.88, 78930.64, 0.0], [286796.29, 78924.18000000001, 0.0], [286788.03, 78919.58, 0.0], [286784.69, 78917.72, 0.0], [286701.21, 78871.23, 0.0]]}}, {"type": "Feature", "properties": {"fictitious": "false", "identifier": "6D7E8D1E-8B4F-4E4F-BFB0-317D8C6AADE8", "class": "Unknown", "roadNumber": null, "name1": "Rock Road", "name1_lang": null, "name2": null, "name2_lang": null, "formOfWay": "Single Carriageway", "length": 257, "primary": "false", "trunkRoad": "false", "loop": "false", "startNode": "1ECDACE1-A78C-47B5-A977-92153D41E023", "endNode": "4EA855DE-6765-45DB-B078-7685C4E0C794", "structure": null, "nameTOID": "osgb4000000025356946", "numberTOID": null, "function": "Minor Road", "layer": "roads"}, "geometry": {"type": "LineString", "coordinates": [[286517.0, 79039.0, 0.0], [286556.44, 78982.38, 0.0], [286576.0, 78978.0, 0.0], [286591.33, 78962.38, 0.0], [286669.04, 78883.22, 0.0], [286677.02, 78878.61, 0.0], [286685.0, 78874.0, 0.0], [286693.10000000003, 78872.61, 0.0], [286701.21, 78871.23, 0.0]]}}, {"type": "Feature", "properties": {"fictitious": "false", "identifier": "490B8083-10BB-4197-9328-6E6BBE62DA44", "class": "Unknown", "roadNumber": null, "name1": null, "name1_lang": null, "name2": null, "name2_lang": null, "formOfWay": "Single Carriageway", "length": 79, "primary": "false", "trunkRoad": "false", "loop": "false", "startNode": "68F8E6DE-DDAA-4203-B0FA-83A28017CDEF", "endNode": "F2840BA4-2A97-4026-AE40-4A1E76B7FC6B", "structure": null, "nameTOID": null, "numberTOID": null, "function": "Restricted Local Access Road", "layer": "roads"}, "geometry": {"type": "LineString", "coordinates": [[286365.69, 78886.92, 0.0], [286359.45, 78897.38, 0.0], [286364.76, 78905.89, 0.0], [286369.92, 78914.17, 0.0], [286374.02, 78920.74, 0.0], [286380.07, 78930.44, 0.0], [286359.56, 78949.92, 0.0]]}}, {"type": "Feature", "properties": {"fictitious": "false", "identifier": "EA17ADBE-7907-4378-A1FC-CCC80C7A10FA", "class": "B Road", "roadNumber": "B3344", "name1": null, "name1_lang": null, "name2": null, "name2_lang": null, "formOfWay": "Single Carriageway", "length": 132, "primary": "false", "trunkRoad": "false", "loop": "false", "startNode": "68F8E6DE-DDAA-4203-B0FA-83A28017CDEF", "endNode": "6E2DF8D1-FC02-4656-A679-ED403AACE70D", "structure": null, "nameTOID": null, "numberTOID": "osgb4000000025366224", "function": "B Road", "layer": "roads"}, "geometry": {"type": "LineString", "coordinates": [[286365.69, 78886.92, 0.0], [286400.0, 78943.03, 0.0], [286401.09, 78944.81, 0.0], [286427.03, 79002.96, 0.0]]}}, {"type": "Feature", "properties": {"fictitious": "false", "identifier": "87BB90BD-CF3E-443A-B8B0-1EDD0C941E74", "class": "Unclassified", "roadNumber": null, "name1": "Palace Meadow", "name1_lang": null, "name2": null, "name2_lang": null, "formOfWay": "Single Carriageway", "length": 128, "primary": "false", "trunkRoad": "false", "loop": "false", "startNode": "2FBE32D5-CBBB-49C1-9E59-CCE4DC36D291", "endNode": "AC52DEAF-DCC6-4C98-8FDB-480DA0E39C67", "structure": null, "nameTOID": "osgb4000000025356947", "numberTOID": null, "function": "Local Road", "layer": "roads"}, "geometry": {"type": "LineString", "coordinates": [[286645.0, 78978.0, 0.0], [286672.33, 78978.98, 0.0], [286699.65, 78979.96, 0.0], [286709.69, 78977.12, 0.0], [286719.72000000003, 78974.28, 0.0], [286723.3, 78957.17, 0.0], [286726.87, 78940.06, 0.0], [286728.93, 78935.03, 0.0], [286731.0, 78930.0, 0.0], [286733.5, 78927.5, 0.0], [286736.0, 78925.0, 0.0]]}}, {"type": "Feature", "properties": {"fictitious": "false", "identifier": "53C0F6F4-2D5B-4883-82D0-EF9E8B4D29B4", "class": "Unclassified", "roadNumber": null, "name1": "Palace Meadow", "name1_lang": null, "name2": null, "name2_lang": null, "formOfWay": "Single Carriageway", "length": 36, "primary": "false", "trunkRoad": "false", "loop": "false", "startNode": "2FBE32D5-CBBB-49C1-9E59-CCE4DC36D291", "endNode": "D9A5E3FD-1625-4F9F-BB0F-550BCA39A90B", "structure": null, "nameTOID": "osgb4000000025356947", "numberTOID": null, "function": "Local Road", "layer": "roads"}, "geometry": {"type": "LineString", "coordinates": [[286645.0, 78978.0, 0.0], [286645.94, 78966.76, 0.0], [286646.87, 78955.52, 0.0], [286647.23, 78951.3, 0.0], [286647.58, 78947.08, 0.0], [286647.79, 78944.54000000001, 0.0], [286648.0, 78942.0, 0.0]]}}, {"type": "Feature", "properties": {"fictitious": "false", "identifier": "E6F636F4-165C-4FB7-B3D9-0F81EB398770", "class": "Unclassified", "roadNumber": null, "name1": "Troarn Way", "name1_lang": null, "name2": null, "name2_lang": null, "formOfWay": "Single Carriageway", "length": 88, "primary": "false", "trunkRoad": "false", "loop": "false", "startNode": "7C75D023-4CDB-4994-A8F8-AD8344E02872", "endNode": "A835D1FA-7658-495C-AF2E-22D67C3F26C1", "structure": null, "nameTOID": "osgb4000000025360193", "numberTOID": null, "function": "Local Road", "layer": "roads"}, "geometry": {"type": "LineString", "coordinates": [[286805.0, 79031.0, 0.0], [286808.89, 79010.56, 0.0], [286800.26, 78996.31, 0.0], [286780.84, 78964.27, 0.0], [286777.92, 78958.64, 0.0], [286775.0, 78953.0, 0.0]]}}, {"type": "Feature", "properties": {"fictitious": "false", "identifier": "3D484708-3E22-4D52-9318-D60DFD728D4A", "class": "Unclassified", "roadNumber": null, "name1": "Palace Meadow", "name1_lang": null, "name2": null, "name2_lang": null, "formOfWay": "Single Carriageway", "length": 18, "primary": "false", "trunkRoad": "false", "loop": "false", "startNode": "9CCB5312-2763-4BDC-91D7-16C33A8FDD4E", "endNode": "2FBE32D5-CBBB-49C1-9E59-CCE4DC36D291", "structure": null, "nameTOID": "osgb4000000025356947", "numberTOID": null, "function": "Local Road", "layer": "roads"}, "geometry": {"type": "LineString", "coordinates": [[286641.2, 78995.94, 0.0], [286643.10000000003, 78986.97, 0.0], [286645.0, 78978.0, 0.0]]}}, {"type": "Feature", "properties": {"fictitious": "false", "identifier": "D6DCA92C-2024-49AC-8C84-2F54A5DEE907", "class": "Unknown", "roadNumber": null, "name1": "Rock Road", "name1_lang": null, "name2": null, "name2_lang": null, "formOfWay": "Single Carriageway", "length": 65, "primary": "false", "trunkRoad": "false", "loop": "false", "startNode": "CBEBFEFB-8E6F-4BDE-A424-F44743B494F0", "endNode": "1ECDACE1-A78C-47B5-A977-92153D41E023", "structure": null, "nameTOID": "osgb4000000025356946", "numberTOID": null, "function": "Local Road", "layer": "roads"}, "geometry": {"type": "LineString", "coordinates": [[286475.0, 78990.0, 0.0], [286496.0, 79014.5, 0.0], [286517.0, 79039.0, 0.0]]}}, {"type": "Feature", "properties": {"fictitious": "false", "identifier": "14F58CAE-8911-48DA-BDE2-4081ADD5038C", "class": "Unclassified", "roadNumber": null, "name1": "Palace Meadow", "name1_lang": null, "name2": null, "name2_lang": null, "formOfWay": "Single Carriageway", "length": 37, "primary": "false", "trunkRoad": "false", "loop": "false", "startNode": "9CCB5312-2763-4BDC-91D7-16C33A8FDD4E", "endNode": "477000AB-5855-4380-B9F0-2282CD53C735", "structure": null, "nameTOID": "osgb4000000025356947", "numberTOID": null, "function": "Local Road", "layer": "roads"}, "geometry": {"type": "LineString", "coordinates": [[286641.2, 78995.94, 0.0], [286626.41000000003, 78994.78, 0.0], [286611.61, 78993.61, 0.0], [286607.87, 78993.61, 0.0], [286604.13, 78993.61, 0.0]]}}, {"type": "Feature", "properties": {"fictitious": "false", "identifier": "6BD56340-2A78-4232-B3EE-932A072C8990", "class": "Unclassified", "roadNumber": null, "name1": "Palace Meadow", "name1_lang": null, "name2": null, "name2_lang": null, "formOfWay": "Single Carriageway", "length": 63, "primary": "false", "trunkRoad": "false", "loop": "false", "startNode": "9EE90C19-81AE-4B92-ABAB-78992BAC1CC6", "endNode": "9CCB5312-2763-4BDC-91D7-16C33A8FDD4E", "structure": null, "nameTOID": "osgb4000000025356947", "numberTOID": null, "function": "Local Road", "layer": "roads"}, "geometry": {"type": "LineString", "coordinates": [[286635.0, 79059.0, 0.0], [286638.10000000003, 79027.47, 0.0], [286641.2, 78995.94, 0.0]]}}, {"type": "Feature", "properties": {"fictitious": "false", "identifier": "B68D7678-8FF8-4EA5-B63F-B4A94659B526", "class": "B Road", "roadNumber": "B3344", "name1": null, "name1_lang": null, "name2": null, "name2_lang": null, "formOfWay": "Single Carriageway", "length": 30, "primary": "false", "trunkRoad": "false", "loop": "false", "startNode": "6E2DF8D1-FC02-4656-A679-ED403AACE70D", "endNode": "F1FF2A12-373D-47F8-89FD-196E544DF6C2", "structure": null, "nameTOID": null, "numberTOID": "osgb4000000025366224", "function": "B Road", "layer": "roads"}, "geometry": {"type": "LineString", "coordinates": [[286427.03, 79002.96, 0.0], [286435.61, 79015.51, 0.0], [286444.2, 79028.06, 0.0]]}}, {"type": "Feature", "properties": {"fictitious": "false", "identifier": "2F1F4669-4981-49E0-931D-FD4D835B760E", "class": "Unknown", "roadNumber": null, "name1": null, "name1_lang": null, "name2": null, "name2_lang": null, "formOfWay": "Single Carriageway", "length": 51, "primary": "false", "trunkRoad": "false", "loop": "false", "startNode": "6E2DF8D1-FC02-4656-A679-ED403AACE70D", "endNode": "CC65BE4D-AD6A-44CE-ACF4-D1575DC09734", "structure": null, "nameTOID": null, "numberTOID": null, "function": "Restricted Local Access Road", "layer": "roads"}, "geometry": {"type": "LineString", "coordinates": [[286427.03, 79002.96, 0.0], [286406.72000000003, 79018.26, 0.0], [286395.36, 79026.82, 0.0], [286391.87, 79024.44, 0.0], [286389.05, 79022.51, 0.0], [286386.12, 79020.51, 0.0]]}}, {"type": "Feature", "properties": {"fictitious": "false", "identifier": "EA507945-E0D5-4AFE-8673-75D444D479BC", "class": "Unknown", "roadNumber": null, "name1": "Lower Trindle Close", "name1_lang": null, "name2": null, "name2_lang": null, "formOfWay": "Single Carriageway", "length": 81, "primary": "false", "trunkRoad": "false", "loop": "false", "startNode": "811C0406-3308-4D84-8D1F-56D0468378FB", "endNode": "B1577F2D-DE7B-4B4E-AF70-EDD9C85E7BAE", "structure": null, "nameTOID": "osgb5000005101801899", "numberTOID": null, "function": "Restricted Local Access Road", "layer": "roads"}, "geometry": {"type": "LineString", "coordinates": [[286181.58, 79009.47, 0.0], [286188.53, 79011.15000000001, 0.0], [286192.54, 79012.12, 0.0], [286199.96, 79013.92, 0.0], [286210.32, 79016.42, 0.0], [286216.87, 79025.36, 0.0], [286240.81, 79058.0, 0.0], [286240.91000000003, 79058.14, 0.0]]}}, {"type": "Feature", "properties": {"fictitious": "false", "identifier": "2AF74234-9C46-4D9D-B2FA-EC1CA29956D7", "class": "Unclassified", "roadNumber": null, "name1": "Calvados Close", "name1_lang": null, "name2": null, "name2_lang": null, "formOfWay": "Single Carriageway", "length": 50, "primary": "false", "trunkRoad": "false", "loop": "false", "startNode": "7C75D023-4CDB-4994-A8F8-AD8344E02872", "endNode": "DA0C40CC-D43C-40BB-B8EF-2083C9679B70", "structure": null, "nameTOID": "osgb4000000025365567", "numberTOID": null, "function": "Local Road", "layer": "roads"}, "geometry": {"type": "LineString", "coordinates": [[286805.0, 79031.0, 0.0], [286788.91000000003, 79035.85, 0.0], [286772.81, 79040.71, 0.0], [286768.31, 79045.75, 0.0], [286763.81, 79050.79000000001, 0.0], [286762.98, 79051.86, 0.0], [286762.16000000003, 79052.92, 0.0]]}}, {"type": "Feature", "properties": {"fictitious": "false", "identifier": "BF60429C-0146-4B92-B689-F965BC81ACD1", "class": "Unknown", "roadNumber": null, "name1": null, "name1_lang": null, "name2": null, "name2_lang": null, "formOfWay": "Single Carriageway", "length": 72, "primary": "false", "trunkRoad": "false", "loop": "false", "startNode": "FA45A371-4E30-40F6-BBF3-07D9F2F93A4C", "endNode": "E2E735ED-3075-4729-B032-3F22C5A5DB5F", "structure": null, "nameTOID": null, "numberTOID": null, "function": "Restricted Local Access Road", "layer": "roads"}, "geometry": {"type": "LineString", "coordinates": [[286856.82, 79035.75, 0.0], [286861.61, 79036.98, 0.0], [286865.45, 79037.97, 0.0], [286867.46, 79038.48, 0.0], [286883.65, 79042.64, 0.0], [286910.49, 79049.54000000001, 0.0], [286913.54, 79049.97, 0.0], [286917.5, 79050.54000000001, 0.0], [286918.65, 79050.71, 0.0], [286926.81, 79051.88, 0.0]]}}, {"type": "Feature", "properties": {"fictitious": "false", "identifier": "34EFE75D-C641-4AA0-9198-9CE279A02952", "class": "Unknown", "roadNumber": null, "name1": null, "name1_lang": null, "name2": null, "name2_lang": null, "formOfWay": "Single Carriageway", "length": 336, "primary": "false", "trunkRoad": "false", "loop": "false", "startNode": "A55A9E3F-A27D-4C92-94F3-0510F2F50194", "endNode": "E7A556B4-7FD8-43A4-B404-864A55B889F1", "structure": null, "nameTOID": null, "numberTOID": null, "function": "Restricted Local Access Road", "layer": "roads"}, "geometry": {"type": "LineString", "coordinates": [[286100.0, 79372.07630882926, 0.0], [286130.38, 79371.71, 0.0]]}}, {"type": "Feature", "properties": {"fictitious": "false", "identifier": "C159B90D-9665-4FBE-AAB8-5BC4A67856CD", "class": "Unclassified", "roadNumber": null, "name1": "Old Way", "name1_lang": null, "name2": null, "name2_lang": null, "formOfWay": "Single Carriageway", "length": 53, "primary": "false", "trunkRoad": "false", "loop": "false", "startNode": "1044AF4B-14B7-43BE-909B-4EE6F4578AF3", "endNode": "1A512191-6CAD-4859-88B2-C6DD54EF408D", "structure": null, "nameTOID": "osgb4000000025354287", "numberTOID": null, "function": "Local Road", "layer": "roads"}, "geometry": {"type": "LineString", "coordinates": [[286134.89, 79215.75, 0.0], [286113.78, 79199.51, 0.0], [286100.0, 79188.91401515149, 0.0]]}}, {"type": "Feature", "properties": {"fictitious": "false", "identifier": "A1B37A65-8AF7-49EF-82CB-42526EED1194", "class": "Unclassified", "roadNumber": null, "name1": "Lower Trindle Close", "name1_lang": null, "name2": null, "name2_lang": null, "formOfWay": "Single Carriageway", "length": 90, "primary": "false", "trunkRoad": "false", "loop": "false", "startNode": "1A512191-6CAD-4859-88B2-C6DD54EF408D", "endNode": "8D5FA400-48B4-4516-9D67-63274DB5D38C", "structure": null, "nameTOID": "osgb5000005101801899", "numberTOID": null, "function": "Local Road", "layer": "roads"}, "geometry": {"type": "LineString", "coordinates": [[286100.0, 79172.60221864952, 0.0], [286105.10000000003, 79165.19, 0.0], [286124.49, 79136.98, 0.0], [286126.73, 79133.73, 0.0], [286118.8, 79126.35, 0.0], [286130.41000000003, 79110.85, 0.0]]}}, {"type": "Feature", "properties": {"fictitious": "false", "identifier": "F22BD1A6-21CA-46A6-B12A-C1331C8FEE45", "class": "Unclassified", "roadNumber": null, "name1": "Lower Trindle Close", "name1_lang": null, "name2": null, "name2_lang": null, "formOfWay": "Single Carriageway", "length": 44, "primary": "false", "trunkRoad": "false", "loop": "false", "startNode": "8D5FA400-48B4-4516-9D67-63274DB5D38C", "endNode": "8E1C0219-9F36-4755-AED1-A312AA6B4734", "structure": null, "nameTOID": "osgb5000005101801899", "numberTOID": null, "function": "Local Road", "layer": "roads"}, "geometry": {"type": "LineString", "coordinates": [[286130.41000000003, 79110.85, 0.0], [286112.12, 79098.34, 0.0], [286100.0, 79090.06131147541, 0.0]]}}, {"type": "Feature", "properties": {"fictitious": "false", "identifier": "3A409A43-6DE1-4B03-ACB0-F23B02C18EE9", "class": "Unclassified", "roadNumber": null, "name1": "Lower Trindle Close", "name1_lang": null, "name2": null, "name2_lang": null, "formOfWay": "Single Carriageway", "length": 55, "primary": "false", "trunkRoad": "false", "loop": "false", "startNode": "8D5FA400-48B4-4516-9D67-63274DB5D38C", "endNode": "8FD920D7-E5DF-46E8-94A0-8C5BA58094EE", "structure": null, "nameTOID": "osgb5000005101801899", "numberTOID": null, "function": "Local Road", "layer": "roads"}, "geometry": {"type": "LineString", "coordinates": [[286130.41000000003, 79110.85, 0.0], [286144.87, 79099.92, 0.0], [286154.2, 79098.55, 0.0], [286181.46, 79094.56, 0.0]]}}, {"type": "Feature", "properties": {"fictitious": "false", "identifier": "D445349D-9604-4F4F-974A-4D8E994AC8A0", "class": "Unclassified", "roadNumber": null, "name1": "Old Way", "name1_lang": null, "name2": null, "name2_lang": null, "formOfWay": "Single Carriageway", "length": 79, "primary": "false", "trunkRoad": "false", "loop": "false", "startNode": "82A1B1A0-B9A2-4FB5-ADB0-196025C39629", "endNode": "1044AF4B-14B7-43BE-909B-4EE6F4578AF3", "structure": null, "nameTOID": "osgb4000000025354287", "numberTOID": null, "function": "Local Road", "layer": "roads"}, "geometry": {"type": "LineString", "coordinates": [[286198.0, 79264.0, 0.0], [286166.44, 79239.88, 0.0], [286134.89, 79215.75, 0.0]]}}, {"type": "Feature", "properties": {"fictitious": "false", "identifier": "84E0940A-9886-437B-855B-8945086E8455", "class": "Unclassified", "roadNumber": null, "name1": "Twindle Beer", "name1_lang": null, "name2": null, "name2_lang": null, "formOfWay": "Single Carriageway", "length": 38, "primary": "false", "trunkRoad": "false", "loop": "false", "startNode": "1044AF4B-14B7-43BE-909B-4EE6F4578AF3", "endNode": "93CFE1B8-2000-49C3-8740-7451DE49BDCC", "structure": null, "nameTOID": "osgb4000000025365566", "numberTOID": null, "function": "Local Road", "layer": "roads"}, "geometry": {"type": "LineString", "coordinates": [[286134.89, 79215.75, 0.0], [286145.87, 79200.41, 0.0], [286156.85000000003, 79185.07, 0.0]]}}, {"type": "Feature", "properties": {"fictitious": "false", "identifier": "CFC64469-3965-4C8F-9B03-650304BA0D4D", "class": "Unknown", "roadNumber": null, "name1": "Lower Trindle Close", "name1_lang": null, "name2": null, "name2_lang": null, "formOfWay": "Single Carriageway", "length": 47, "primary": "false", "trunkRoad": "false", "loop": "false", "startNode": "6BA91382-5AE4-4F4A-AF92-AD72AC35A82E", "endNode": "A0344906-FCE2-4FDF-882A-4D2AE285BB31", "structure": null, "nameTOID": "osgb5000005101801899", "numberTOID": null, "function": "Restricted Local Access Road", "layer": "roads"}, "geometry": {"type": "LineString", "coordinates": [[286182.05, 79062.51, 0.0], [286158.65, 79064.22, 0.0], [286149.60000000003, 79064.89, 0.0], [286143.26, 79051.96, 0.0]]}}, {"type": "Feature", "properties": {"fictitious": "false", "identifier": "BD911963-D952-404F-98B1-4457ADC14564", "class": "Unclassified", "roadNumber": null, "name1": "Lower Trindle Close", "name1_lang": null, "name2": null, "name2_lang": null, "formOfWay": "Single Carriageway", "length": 32, "primary": "false", "trunkRoad": "false", "loop": "false", "startNode": "8FD920D7-E5DF-46E8-94A0-8C5BA58094EE", "endNode": "6BA91382-5AE4-4F4A-AF92-AD72AC35A82E", "structure": null, "nameTOID": "osgb5000005101801899", "numberTOID": null, "function": "Local Road", "layer": "roads"}, "geometry": {"type": "LineString", "coordinates": [[286181.46, 79094.56, 0.0], [286181.75, 79078.54000000001, 0.0], [286182.05, 79062.51, 0.0]]}}, {"type": "Feature", "properties": {"fictitious": "false", "identifier": "12AE2533-C540-427F-A835-73C26F9BFEAF", "class": "Unclassified", "roadNumber": null, "name1": "Lower Trindle Close", "name1_lang": null, "name2": null, "name2_lang": null, "formOfWay": "Single Carriageway", "length": 105, "primary": "false", "trunkRoad": "false", "loop": "false", "startNode": "8FD920D7-E5DF-46E8-94A0-8C5BA58094EE", "endNode": "B1577F2D-DE7B-4B4E-AF70-EDD9C85E7BAE", "structure": null, "nameTOID": "osgb5000005101801899", "numberTOID": null, "function": "Local Road", "layer": "roads"}, "geometry": {"type": "LineString", "coordinates": [[286181.46, 79094.56, 0.0], [286213.48, 79115.58, 0.0], [286217.08, 79110.28, 0.0], [286242.18, 79073.27, 0.0], [286241.91000000003, 79070.02, 0.0], [286241.63, 79066.77, 0.0], [286241.27, 79062.45, 0.0], [286240.91000000003, 79058.14, 0.0]]}}, {"type": "Feature", "properties": {"fictitious": "false", "identifier": "52F240D3-DE0A-41D3-AFD7-34F958369F4D", "class": "Unknown", "roadNumber": null, "name1": "Beechwood Road", "name1_lang": null, "name2": null, "name2_lang": null, "formOfWay": "Single Carriageway", "length": 55, "primary": "false", "trunkRoad": "false", "loop": "false", "startNode": "82A1B1A0-B9A2-4FB5-ADB0-196025C39629", "endNode": "67CE1340-1204-4397-82DF-853502DEAAF1", "structure": null, "nameTOID": "osgb4000000025360194", "numberTOID": null, "function": "Local Road", "layer": "roads"}, "geometry": {"type": "LineString", "coordinates": [[286198.0, 79264.0, 0.0], [286211.05, 79247.90000000001, 0.0], [286224.11, 79231.8, 0.0], [286228.75, 79226.91, 0.0], [286233.39, 79222.03, 0.0]]}}, {"type": "Feature", "properties": {"fictitious": "false", "identifier": "AFF1427B-4589-4073-A1E5-46C241F2A1ED", "class": "Unclassified", "roadNumber": null, "name1": "Old Way", "name1_lang": null, "name2": null, "name2_lang": null, "formOfWay": "Single Carriageway", "length": 204, "primary": "false", "trunkRoad": "false", "loop": "false", "startNode": "FA127AA9-B8C6-4B57-BEA5-DC33AB972B1D", "endNode": "82A1B1A0-B9A2-4FB5-ADB0-196025C39629", "structure": null, "nameTOID": "osgb4000000025354287", "numberTOID": null, "function": "Local Road", "layer": "roads"}, "geometry": {"type": "LineString", "coordinates": [[286383.88, 79341.07, 0.0], [286351.0, 79338.0, 0.0], [286334.53, 79330.31, 0.0], [286288.15, 79308.64, 0.0], [286241.64, 79288.81, 0.0], [286217.13, 79278.36, 0.0], [286198.0, 79264.0, 0.0]]}}, {"type": "Feature", "properties": {"fictitious": "false", "identifier": "D7A696E5-FA5F-4EC5-A131-4741EAF851B9", "class": "Unknown", "roadNumber": null, "name1": "Beechwood Road", "name1_lang": null, "name2": null, "name2_lang": null, "formOfWay": "Single Carriageway", "length": 132, "primary": "false", "trunkRoad": "false", "loop": "false", "startNode": "67CE1340-1204-4397-82DF-853502DEAAF1", "endNode": "C3A6BCF1-8231-4F1E-849A-C39E0EAA7987", "structure": null, "nameTOID": "osgb4000000025360194", "numberTOID": null, "function": "Local Road", "layer": "roads"}, "geometry": {"type": "LineString", "coordinates": [[286233.39, 79222.03, 0.0], [286235.74, 79217.09, 0.0], [286238.08, 79212.15000000001, 0.0], [286243.96, 79201.43000000001, 0.0], [286249.85000000003, 79190.72, 0.0], [286250.42, 79189.72, 0.0], [286251.0, 79188.73, 0.0], [286257.19, 79175.15000000001, 0.0], [286263.39, 79161.57, 0.0], [286281.35000000003, 79142.08, 0.0], [286299.32, 79122.59, 0.0], [286303.66000000003, 79118.8, 0.0], [286308.0, 79115.0, 0.0]]}}, {"type": "Feature", "properties": {"fictitious": "false", "identifier": "A4DE7592-353B-4EEC-8933-0C5770D91D53", "class": "Unknown", "roadNumber": null, "name1": "Beechwood Road", "name1_lang": null, "name2": null, "name2_lang": null, "formOfWay": "Single Carriageway", "length": 68, "primary": "false", "trunkRoad": "false", "loop": "false", "startNode": "67CE1340-1204-4397-82DF-853502DEAAF1", "endNode": "19609746-E549-4354-A67D-C8059BE53645", "structure": null, "nameTOID": "osgb4000000025360194", "numberTOID": null, "function": "Local Road", "layer": "roads"}, "geometry": {"type": "LineString", "coordinates": [[286233.39, 79222.03, 0.0], [286247.98, 79229.58, 0.0], [286262.58, 79237.13, 0.0], [286272.0, 79242.0, 0.0], [286269.78, 79248.36, 0.0], [286264.07, 79264.74, 0.0]]}}, {"type": "Feature", "properties": {"fictitious": "false", "identifier": "BD77529A-C8DD-41FA-BA05-4E4D7D753D8B", "class": "Unclassified", "roadNumber": null, "name1": "Moor View", "name1_lang": null, "name2": null, "name2_lang": null, "formOfWay": "Single Carriageway", "length": 198, "primary": "false", "trunkRoad": "false", "loop": "false", "startNode": "FA127AA9-B8C6-4B57-BEA5-DC33AB972B1D", "endNode": "31548D13-7901-4B40-AB61-BC76914E5C20", "structure": null, "nameTOID": "osgb4000000025363550", "numberTOID": null, "function": "Local Road", "layer": "roads"}, "geometry": {"type": "LineString", "coordinates": [[286383.88, 79341.07, 0.0], [286387.65, 79307.61, 0.0], [286391.42, 79274.15000000001, 0.0], [286362.21, 79267.07, 0.0], [286333.0, 79260.0, 0.0], [286336.17, 79252.39, 0.0], [286339.35000000003, 79244.77, 0.0], [286350.0, 79223.0, 0.0], [286352.57, 79223.88, 0.0], [286378.06, 79232.65000000001, 0.0]]}}, {"type": "Feature", "properties": {"fictitious": "false", "identifier": "7CB3F90F-7176-4472-9B5F-F8969EFD7FB8", "class": "Not Classified", "roadNumber": null, "name1": "Coburg Crescent", "name1_lang": null, "name2": null, "name2_lang": null, "formOfWay": "Single Carriageway", "length": 88, "primary": "false", "trunkRoad": "false", "loop": "false", "startNode": "72C24CFE-E89C-478C-BE63-E1164E570776", "endNode": "69433C7E-F433-4E36-A586-31D889D762FE", "structure": null, "nameTOID": "osgb5000005156800623", "numberTOID": null, "function": "Local Road", "layer": "roads"}, "geometry": {"type": "LineString", "coordinates": [[286402.83, 79157.49, 0.0], [286375.51, 79149.47, 0.0], [286370.54, 79141.39, 0.0], [286350.66000000003, 79109.06, 0.0], [286347.94, 79103.5, 0.0], [286345.22000000003, 79097.94, 0.0]]}}, {"type": "Feature", "properties": {"fictitious": "false", "identifier": "9B446E81-E936-4605-974B-063C9C5C4A8D", "class": "Not Classified", "roadNumber": null, "name1": "Coburg Crescent", "name1_lang": null, "name2": null, "name2_lang": null, "formOfWay": "Single Carriageway", "length": 167, "primary": "false", "trunkRoad": "false", "loop": "false", "startNode": "F1FF2A12-373D-47F8-89FD-196E544DF6C2", "endNode": "72C24CFE-E89C-478C-BE63-E1164E570776", "structure": null, "nameTOID": "osgb5000005156800623", "numberTOID": null, "function": "Local Road", "layer": "roads"}, "geometry": {"type": "LineString", "coordinates": [[286444.2, 79028.06, 0.0], [286409.26, 79046.37, 0.0], [286401.39, 79057.08, 0.0], [286401.85000000003, 79072.6, 0.0], [286407.44, 79086.6, 0.0], [286424.42, 79129.17, 0.0], [286417.82, 79147.54000000001, 0.0], [286402.83, 79157.49, 0.0]]}}, {"type": "Feature", "properties": {"fictitious": "false", "identifier": "BA593944-CADB-4580-9B07-64FA97A59CF3", "class": "Not Classified", "roadNumber": null, "name1": "Fairpark Close", "name1_lang": null, "name2": null, "name2_lang": null, "formOfWay": "Single Carriageway", "length": 72, "primary": "false", "trunkRoad": "false", "loop": "false", "startNode": "72C24CFE-E89C-478C-BE63-E1164E570776", "endNode": "35481DDB-2F59-4F1C-8C00-5D7E29EB8884", "structure": null, "nameTOID": "osgb5000005211162832", "numberTOID": null, "function": "Local Road", "layer": "roads"}, "geometry": {"type": "LineString", "coordinates": [[286402.83, 79157.49, 0.0], [286408.11, 79165.69, 0.0], [286413.39, 79173.89, 0.0], [286426.43, 79190.46, 0.0], [286439.47000000003, 79207.03, 0.0], [286436.69, 79211.52, 0.0], [286433.92, 79216.01, 0.0]]}}, {"type": "Feature", "properties": {"fictitious": "false", "identifier": "FFDFABED-1908-496E-A8C5-167E091FCE83", "class": "Unknown", "roadNumber": null, "name1": null, "name1_lang": null, "name2": null, "name2_lang": null, "formOfWay": "Single Carriageway", "length": 40, "primary": "false", "trunkRoad": "false", "loop": "false", "startNode": "35481DDB-2F59-4F1C-8C00-5D7E29EB8884", "endNode": "8FF81049-6EFC-44EF-AEEE-5C0FA74F341D", "structure": null, "nameTOID": null, "numberTOID": null, "function": "Restricted Local Access Road", "layer": "roads"}, "geometry": {"type": "LineString", "coordinates": [[286433.92, 79216.01, 0.0], [286445.08, 79232.81, 0.0], [286456.24, 79249.61, 0.0]]}}, {"type": "Feature", "properties": {"fictitious": "false", "identifier": "454B94C7-6ED1-4242-B450-3AEC8BCE3429", "class": "B Road", "roadNumber": "B3344", "name1": null, "name1_lang": null, "name2": null, "name2_lang": null, "formOfWay": "Single Carriageway", "length": 69, "primary": "false", "trunkRoad": "false", "loop": "false", "startNode": "F1FF2A12-373D-47F8-89FD-196E544DF6C2", "endNode": "D5612872-4E83-44BB-BF71-10599F6C0A37", "structure": null, "nameTOID": null, "numberTOID": "osgb4000000025366224", "function": "B Road", "layer": "roads"}, "geometry": {"type": "LineString", "coordinates": [[286444.2, 79028.06, 0.0], [286463.21, 79056.95, 0.0], [286482.23, 79085.85, 0.0]]}}, {"type": "Feature", "properties": {"fictitious": "false", "identifier": "094BCFAD-EBF0-4EA3-8DCD-C9A411F2F639", "class": "B Road", "roadNumber": "B3344", "name1": "Parade", "name1_lang": null, "name2": null, "name2_lang": null, "formOfWay": "Single Carriageway", "length": 251, "primary": "false", "trunkRoad": "false", "loop": "false", "startNode": "D5612872-4E83-44BB-BF71-10599F6C0A37", "endNode": "70E07CDC-FD65-4E64-A1F1-ED0E44B4229F", "structure": null, "nameTOID": "osgb4000000025360192", "numberTOID": "osgb4000000025366224", "function": "B Road", "layer": "roads"}, "geometry": {"type": "LineString", "coordinates": [[286482.23, 79085.85, 0.0], [286496.27, 79132.93000000001, 0.0], [286505.65, 79153.13, 0.0], [286535.72000000003, 79217.90000000001, 0.0], [286563.86, 79263.95, 0.0], [286592.0, 79310.0, 0.0]]}}, {"type": "Feature", "properties": {"fictitious": "false", "identifier": "C3B68BE4-D4C3-4238-B633-017D887887F2", "class": "Unknown", "roadNumber": null, "name1": "Rock Road", "name1_lang": null, "name2": null, "name2_lang": null, "formOfWay": "Single Carriageway", "length": 58, "primary": "false", "trunkRoad": "false", "loop": "false", "startNode": "D5612872-4E83-44BB-BF71-10599F6C0A37", "endNode": "1ECDACE1-A78C-47B5-A977-92153D41E023", "structure": null, "nameTOID": "osgb4000000025356946", "numberTOID": null, "function": "Minor Road", "layer": "roads"}, "geometry": {"type": "LineString", "coordinates": [[286482.23, 79085.85, 0.0], [286499.62, 79062.42, 0.0], [286517.0, 79039.0, 0.0]]}}, {"type": "Feature", "properties": {"fictitious": "false", "identifier": "855C5289-5727-4AB6-9C81-E68A8D3D6771", "class": "Unclassified", "roadNumber": null, "name1": "Palace Meadow", "name1_lang": null, "name2": null, "name2_lang": null, "formOfWay": "Single Carriageway", "length": 110, "primary": "false", "trunkRoad": "false", "loop": "false", "startNode": "D3F8A73C-1253-4D9B-97BB-F552B1B4587D", "endNode": "9EE90C19-81AE-4B92-ABAB-78992BAC1CC6", "structure": null, "nameTOID": "osgb4000000025356947", "numberTOID": null, "function": "Local Road", "layer": "roads"}, "geometry": {"type": "LineString", "coordinates": [[286563.03, 79109.0, 0.0], [286564.0, 79078.0, 0.0], [286570.0, 79066.0, 0.0], [286580.41000000003, 79064.88, 0.0], [286635.0, 79059.0, 0.0]]}}, {"type": "Feature", "properties": {"fictitious": "false", "identifier": "C4BBE1F6-F080-4579-8CC5-F6756426688E", "class": "Unknown", "roadNumber": null, "name1": "Palace Gardens", "name1_lang": null, "name2": null, "name2_lang": null, "formOfWay": "Single Carriageway", "length": 73, "primary": "false", "trunkRoad": "false", "loop": "false", "startNode": "B3DD5459-E89F-42AF-97ED-D74EDCD1DEE2", "endNode": "9186A56A-DFC8-4CCB-9261-912A8A97D8B0", "structure": null, "nameTOID": "osgb4000000025432975", "numberTOID": null, "function": "Local Road", "layer": "roads"}, "geometry": {"type": "LineString", "coordinates": [[286634.57, 79141.02, 0.0], [286621.15, 79145.95, 0.0], [286607.74, 79150.88, 0.0], [286598.05, 79156.87, 0.0], [286594.99, 79158.76, 0.0], [286591.42, 79151.84, 0.0], [286584.35000000003, 79143.86, 0.0], [286577.28, 79135.88, 0.0]]}}, {"type": "Feature", "properties": {"fictitious": "false", "identifier": "B81979FB-5BD0-47D4-A371-2EF6CD3BC6E9", "class": "Unclassified", "roadNumber": null, "name1": "Lawn Drive", "name1_lang": null, "name2": null, "name2_lang": null, "formOfWay": "Single Carriageway", "length": 77, "primary": "false", "trunkRoad": "false", "loop": "false", "startNode": "70E07CDC-FD65-4E64-A1F1-ED0E44B4229F", "endNode": "396D767C-AE8C-455E-8891-711C7EC9D2E5", "structure": null, "nameTOID": "osgb4000000025355093", "numberTOID": null, "function": "Minor Road", "layer": "roads"}, "geometry": {"type": "LineString", "coordinates": [[286592.0, 79310.0, 0.0], [286621.5, 79285.5, 0.0], [286651.0, 79261.0, 0.0]]}}, {"type": "Feature", "properties": {"fictitious": "false", "identifier": "EA079B93-B658-411F-BB7C-AED3C7D4E164", "class": "Unclassified", "roadNumber": null, "name1": "Palace Meadow", "name1_lang": null, "name2": null, "name2_lang": null, "formOfWay": "Single Carriageway", "length": 71, "primary": "false", "trunkRoad": "false", "loop": "false", "startNode": "16A962D0-9DC3-4387-8132-DD3E62955172", "endNode": "B3DD5459-E89F-42AF-97ED-D74EDCD1DEE2", "structure": null, "nameTOID": "osgb4000000025356947", "numberTOID": null, "function": "Local Road", "layer": "roads"}, "geometry": {"type": "LineString", "coordinates": [[286632.0, 79071.0, 0.0], [286628.85000000003, 79106.38, 0.0], [286628.0, 79116.0, 0.0], [286634.57, 79141.02, 0.0]]}}, {"type": "Feature", "properties": {"fictitious": "false", "identifier": "F71F0EF0-015D-49B2-9090-74E0477BF69D", "class": "A Road", "roadNumber": "A38", "name1": null, "name1_lang": null, "name2": null, "name2_lang": null, "formOfWay": "Collapsed Dual Carriageway", "length": 3698, "primary": "true", "trunkRoad": "true", "loop": "false", "startNode": "69BFE45D-3248-49B7-BB72-B6F14976C9D0", "endNode": "136D7951-7F51-49AA-ADDE-5E235F1ACE59", "structure": null, "nameTOID": null, "numberTOID": "osgb4000000018053883", "function": "A Road", "layer": "roads"}, "geometry": {"type": "LineString", "coordinates": [[286194.0659085892, 79550.0, 0.0], [286100.0, 79475.15581453835, 0.0]]}}, {"type": "Feature", "properties": {"fictitious": "false", "identifier": "8AB0E39B-DDEB-4422-BF28-1FB95E86603C", "class": "Unclassified", "roadNumber": null, "name1": "Parr's Lane", "name1_lang": null, "name2": null, "name2_lang": null, "formOfWay": "Single Carriageway", "length": 742, "primary": "false", "trunkRoad": "false", "loop": "false", "startNode": "EDE4C60F-4523-48E0-A225-D585CB9BB3DB", "endNode": "66B96169-9C68-4F14-8C3F-2E38790D8DCA", "structure": null, "nameTOID": "osgb4000000025355091", "numberTOID": null, "function": "Restricted Local Access Road", "layer": "roads"}, "geometry": {"type": "LineString", "coordinates": [[286118.0, 79520.0, 0.0], [286154.1111111111, 79550.0, 0.0]]}}, {"type": "Feature", "properties": {"fictitious": "false", "identifier": "8E90DED1-52BE-4960-BC15-F48D8AF587A4", "class": "Classified Unnumbered", "roadNumber": null, "name1": "Clifford Street", "name1_lang": null, "name2": null, "name2_lang": null, "formOfWay": "Single Carriageway", "length": 137, "primary": "false", "trunkRoad": "false", "loop": "false", "startNode": "FF7927F9-EF90-4840-BF22-694BEA59F54F", "endNode": "E2C6EE0F-221B-4CA6-AC37-C977A9DAB48A", "structure": null, "nameTOID": "osgb4000000025356951", "numberTOID": null, "function": "Minor Road", "layer": "roads"}, "geometry": {"type": "LineString", "coordinates": [[286873.3961728395, 79550.0, 0.0], [286878.74, 79532.95, 0.0], [286886.02, 79515.51, 0.0], [286893.31, 79498.07, 0.0], [286905.65, 79478.03, 0.0], [286918.0, 79458.0, 0.0]]}}, {"type": "Feature", "properties": {"fictitious": "false", "identifier": "54DFDCD2-8697-43DF-961C-F5570B5624CE", "class": "B Road", "roadNumber": "B3344", "name1": "Fore Street", "name1_lang": null, "name2": null, "name2_lang": null, "formOfWay": "Single Carriageway", "length": 81, "primary": "false", "trunkRoad": "false", "loop": "false", "startNode": "89ACF252-C221-45BC-B575-3E1BC99D2D5E", "endNode": "4DAB8663-B9BF-4D52-A6D3-60B4CDFDBD27", "structure": null, "nameTOID": "osgb4000000025356948", "numberTOID": "osgb4000000025366224", "function": "B Road", "layer": "roads"}, "geometry": {"type": "LineString", "coordinates": [[286708.23, 79462.76, 0.0], [286716.92, 79470.39, 0.0], [286725.60000000003, 79478.01, 0.0], [286748.58, 79495.44, 0.0], [286771.57, 79512.86, 0.0]]}}, {"type": "Feature", "properties": {"fictitious": "false", "identifier": "B3374E85-F47E-4059-B07A-F69A1CF83507", "class": "Unclassified", "roadNumber": null, "name1": "Great Hill", "name1_lang": null, "name2": null, "name2_lang": null, "formOfWay": "Single Carriageway", "length": 63, "primary": "false", "trunkRoad": "false", "loop": "false", "startNode": "7BFD5179-6AED-4E0B-95F3-26C90549726F", "endNode": "B0378828-CB4E-46E6-AEA2-DD3BD86FE87B", "structure": null, "nameTOID": "osgb4000000025360195", "numberTOID": null, "function": "Local Road", "layer": "roads"}, "geometry": {"type": "LineString", "coordinates": [[286546.17, 79486.26, 0.0], [286528.4, 79511.96, 0.0], [286528.4, 79512.09, 0.0], [286527.31, 79543.44, 0.0]]}}, {"type": "Feature", "properties": {"fictitious": "false", "identifier": "C064D39B-C171-469E-8542-49FE3934670C", "class": "Unclassified", "roadNumber": null, "name1": "Great Hill", "name1_lang": null, "name2": null, "name2_lang": null, "formOfWay": "Single Carriageway", "length": 76, "primary": "false", "trunkRoad": "false", "loop": "false", "startNode": "F4A7F94E-17D8-4802-AA3F-37B511A43E03", "endNode": "7BFD5179-6AED-4E0B-95F3-26C90549726F", "structure": null, "nameTOID": "osgb4000000025360195", "numberTOID": null, "function": "Local Road", "layer": "roads"}, "geometry": {"type": "LineString", "coordinates": [[286619.0, 79507.0, 0.0], [286595.5, 79502.5, 0.0], [286572.0, 79498.0, 0.0], [286559.08, 79492.13, 0.0], [286546.17, 79486.26, 0.0]]}}, {"type": "Feature", "properties": {"fictitious": "false", "identifier": "37F90126-F1C2-4696-B7CF-0A4955F286E6", "class": "Unclassified", "roadNumber": null, "name1": "Church View", "name1_lang": null, "name2": null, "name2_lang": null, "formOfWay": "Single Carriageway", "length": 64, "primary": "false", "trunkRoad": "false", "loop": "false", "startNode": "F4A7F94E-17D8-4802-AA3F-37B511A43E03", "endNode": "9BA57059-5C47-41AE-917F-F52FD27D4428", "structure": null, "nameTOID": "osgb4000000025365569", "numberTOID": null, "function": "Local Road", "layer": "roads"}, "geometry": {"type": "LineString", "coordinates": [[286619.0, 79507.0, 0.0], [286606.3, 79536.13, 0.0], [286602.0, 79546.0, 0.0], [286596.82645914395, 79550.0, 0.0]]}}, {"type": "Feature", "properties": {"fictitious": "false", "identifier": "587CD8C6-A5B0-407D-838E-734208BE0C38", "class": "B Road", "roadNumber": "B3344", "name1": "Fore Street", "name1_lang": null, "name2": null, "name2_lang": null, "formOfWay": "Single Carriageway", "length": 69, "primary": "false", "trunkRoad": "false", "loop": "false", "startNode": "4DAB8663-B9BF-4D52-A6D3-60B4CDFDBD27", "endNode": "985EF1FA-8D39-4939-87E2-1A6F8555ED32", "structure": null, "nameTOID": "osgb4000000025356948", "numberTOID": "osgb4000000025366224", "function": "B Road", "layer": "roads"}, "geometry": {"type": "LineString", "coordinates": [[286771.57, 79512.86, 0.0], [286781.47000000003, 79521.37, 0.0], [286791.37, 79529.88, 0.0], [286808.07, 79543.26, 0.0], [286816.482406577, 79550.0, 0.0]]}}, {"type": "Feature", "properties": {"fictitious": "false", "identifier": "E80BDD58-C91E-4D3F-8006-6E931D4FC9B5", "class": "Unclassified", "roadNumber": null, "name1": "Chestnut Crescent", "name1_lang": null, "name2": null, "name2_lang": null, "formOfWay": "Single Carriageway", "length": 93, "primary": "false", "trunkRoad": "false", "loop": "false", "startNode": "57E3F882-3495-4752-BF70-0807AE40C0BA", "endNode": "E9781A76-6F52-47A6-ADA9-0DBAA0592FB7", "structure": null, "nameTOID": "osgb4000000025412487", "numberTOID": null, "function": "Local Road", "layer": "roads"}, "geometry": {"type": "LineString", "coordinates": [[287063.60000000003, 79549.61, 0.0], [287041.63, 79532.88, 0.0], [287029.09, 79530.06, 0.0], [287027.68, 79529.74, 0.0], [286989.68, 79537.76, 0.0], [286985.55, 79542.26, 0.0], [286981.43, 79546.77, 0.0]]}}, {"type": "Feature", "properties": {"fictitious": "false", "identifier": "B32AC0FF-B1D3-4C83-9F3A-4C5ACD27BCD0", "class": "Unclassified", "roadNumber": null, "name1": "The Gardens", "name1_lang": null, "name2": null, "name2_lang": null, "formOfWay": "Single Carriageway", "length": 105, "primary": "false", "trunkRoad": "false", "loop": "false", "startNode": "40CAD0B1-A374-408E-BEE6-2870E770E1DA", "endNode": "92B8C507-C8C4-4D23-AC8A-AEB49853F21D", "structure": null, "nameTOID": "osgb4000000025360196", "numberTOID": null, "function": "Local Road", "layer": "roads"}, "geometry": {"type": "LineString", "coordinates": [[286669.3333333333, 79550.0, 0.0], [286672.0, 79545.0, 0.0]]}}, {"type": "Feature", "properties": {"fictitious": "false", "identifier": "2F6D9E18-D2BA-4492-9257-EC5992BB0F65", "class": "Unknown", "roadNumber": null, "name1": null, "name1_lang": null, "name2": null, "name2_lang": null, "formOfWay": "Single Carriageway", "length": 31, "primary": "false", "trunkRoad": "false", "loop": "false", "startNode": "E9781A76-6F52-47A6-ADA9-0DBAA0592FB7", "endNode": "864E9C2D-77A5-4A27-8818-BDEA1AF87C49", "structure": null, "nameTOID": null, "numberTOID": null, "function": "Restricted Local Access Road", "layer": "roads"}, "geometry": {"type": "LineString", "coordinates": [[286981.43, 79546.77, 0.0], [286979.0325536993, 79550.0, 0.0]]}}, {"type": "Feature", "properties": {"fictitious": "false", "identifier": "24272575-D588-4139-AC2A-A7A12B1F96BC", "class": "Unclassified", "roadNumber": null, "name1": "Chestnut Crescent", "name1_lang": null, "name2": null, "name2_lang": null, "formOfWay": "Single Carriageway", "length": 34, "primary": "false", "trunkRoad": "false", "loop": "false", "startNode": "57E3F882-3495-4752-BF70-0807AE40C0BA", "endNode": "E2661634-218A-47CC-A668-56D0F2993718", "structure": null, "nameTOID": "osgb4000000025412487", "numberTOID": null, "function": "Local Road", "layer": "roads"}, "geometry": {"type": "LineString", "coordinates": [[287063.60000000003, 79549.61, 0.0], [287063.76425955415, 79550.0, 0.0]]}}, {"type": "Feature", "properties": {"name1": "Kate Brook", "identifier": "54CD7EC6-7C05-4A49-B203-9D13CBC52113", "startNode": "64129DD0-4101-4C11-B79B-16D8BCA50FB6", "endNode": "3D062F9D-12B7-4DF7-85B6-6F54DABF2D60", "form": "inlandRiver", "flow": "in direction", "fictitious": "false", "length": 1935, "name2": null, "layer": "rivers"}, "geometry": {"type": "LineString", "coordinates": [[287100.0, 79159.73866562624, 0.0], [287076.10000000003, 79144.8, 0.0], [287036.94, 79085.67, 0.0], [286992.10000000003, 79056.63, 0.0], [286955.45, 79065.77, 0.0], [286956.77, 78992.22, 0.0], [286927.83, 78992.54000000001, 0.0], [286884.67, 78964.03, 0.0], [286853.87, 78975.53, 0.0], [286842.46, 78968.36, 0.0], [286835.84, 78921.68000000001, 0.0], [286806.26, 78892.04000000001, 0.0], [286791.3, 78854.01, 0.0], [286743.58, 78826.76, 0.0], [286735.72000000003, 78789.61, 0.0], [286714.13, 78777.31, 0.0], [286683.92, 78703.16, 0.0], [286580.68, 78594.58, 0.0], [286547.04, 78608.59, 0.0], [286482.49, 78610.86, 0.0], [286447.2, 78562.62, 0.0], [286355.54, 78553.57, 0.0], [286352.45218181814, 78550.0, 0.0]]}}, {"type": "Feature", "properties": {"name1": "Kate Brook", "identifier": "0B064B42-3CD5-439B-8A13-37161B8F82DC", "startNode": "F52C468F-9B59-4BEE-8CD3-6414094AE9F5", "endNode": "64129DD0-4101-4C11-B79B-16D8BCA50FB6", "form": "inlandRiver", "flow": "in direction", "fictitious": "false", "length": 35, "name2": null, "layer": "rivers"}, "geometry": {"type": "LineString", "coordinates": [[287086.72000000003, 79338.63, 0.0], [287100.0, 79321.38731822478, 0.0]]}}, {"type": "Feature", "properties": {"name1": "Kate Brook", "identifier": "B2843291-5A90-49FC-8305-AFECA65E0FE5", "startNode": "939B9D5F-F996-4696-A02C-A6C6D3998492", "endNode": "501EB00F-2162-4E19-8B9E-9748F543B81B", "form": "inlandRiver", "flow": "in direction", "fictitious": "false", "length": 510, "name2": null, "layer": "rivers"}, "geometry": {"type": "LineString", "coordinates": [[287100.0, 79412.9129642341, 0.0], [287097.07, 79408.6, 0.0]]}}, {"type": "Feature", "properties": {"uuid": "0bf0564e-1a57-447e-9d5a-87927e43432f", "layer": "buildings"}, "geometry": {"type": "Polygon", "coordinates": [[[286201.6329058748, 78575.70863862563], [286195.29373599397, 78581.14964321247], [286202.3167193271, 78589.70984126112], [286208.65588551806, 78584.26885386437], [286201.6329058748, 78575.70863862563]]]}}, {"type": "Feature", "properties": {"uuid": "b1f2c3bb-8f57-40f8-a7d7-ae517526bb4b", "layer": "buildings"}, "geometry": {"type": "Polygon", "coordinates": [[[286217.42270271457, 78550.0], [286221.2865377712, 78553.68962481275], [286224.82899501786, 78550.0], [286217.42270271457, 78550.0]]]}}, {"type": "Feature", "properties": {"uuid": "65d60268-8856-46ab-9290-582737a16367", "layer": "buildings"}, "geometry": {"type": "Polygon", "coordinates": [[[286447.3588975241, 78556.74231784893], [286446.0863238768, 78568.13426308034], [286451.41800631105, 78568.77638524983], [286452.6905912729, 78557.38444310907], [286447.3588975241, 78556.74231784893]]]}}, {"type": "Feature", "properties": {"uuid": "69f7f5d4-7fbc-4129-9c6e-cd448d082c98", "layer": "buildings"}, "geometry": {"type": "Polygon", "coordinates": [[[286596.88808221434, 78708.81599003024], [286589.3687674597, 78712.3878959151], [286592.16560130933, 78718.76699651079], [286599.6849085274, 78715.19509868781], [286596.88808221434, 78708.81599003024]]]}}, {"type": "Feature", "properties": {"uuid": "1f435f81-93e3-4ed9-ae0e-68685188e323", "layer": "buildings"}, "geometry": {"type": "Polygon", "coordinates": [[[286602.6676256582, 78695.05407794059], [286597.7812833254, 78697.43260964085], [286602.5501015177, 78707.17828327409], [286607.42824543937, 78704.42113567199], [286602.6676256582, 78695.05407794059]]]}}, {"type": "Feature", "properties": {"uuid": "920aa41f-bbce-48b2-8921-648116a0876b", "layer": "buildings"}, "geometry": {"type": "Polygon", "coordinates": [[[286642.67196025804, 78788.50966925488], [286634.4999014881, 78797.01991566288], [286637.99041663366, 78800.35357199871], [286646.54212177976, 78791.8351257189], [286642.67196025804, 78788.50966925488]]]}}, {"type": "Feature", "properties": {"uuid": "7901b861-af5c-4c63-aaa4-4dcf8b841123", "layer": "buildings"}, "geometry": {"type": "Polygon", "coordinates": [[[286649.26515194826, 78794.80659616366], [286640.37474663375, 78805.22633082024], [286646.95154403977, 78810.76600066276], [286656.21341013716, 78799.95946062953], [286649.26515194826, 78794.80659616366]]]}}, {"type": "Feature", "properties": {"uuid": "b2f84e93-28a2-488d-9437-c1c50433f50d", "layer": "buildings"}, "geometry": {"type": "Polygon", "coordinates": [[[286100.0, 78795.04833259272], [286102.9793213351, 78807.7858011391], [286109.02897115226, 78806.51795108608], [286106.05880721915, 78792.18820721199], [286100.0, 78793.39077493393], [286100.0, 78795.04833259272]]]}}, {"type": "Feature", "properties": {"uuid": "d422d80c-01e5-4f4d-a07f-3104eeb8066f", "layer": "buildings"}, "geometry": {"type": "Polygon", "coordinates": [[[286145.13668900187, 79367.0798588382], [286136.5044800003, 79371.81248743652], [286138.88081778924, 79376.30592168134], [286147.1334163801, 79371.58154825936], [286145.13668900187, 79367.0798588382]]]}}, {"type": "Feature", "properties": {"uuid": "f1610b3c-2459-4059-8400-a36a86c4717c", "layer": "buildings"}, "geometry": {"type": "Polygon", "coordinates": [[[286148.4708857564, 79363.21985621471], [286146.29195494653, 79367.81227098306], [286152.8192648011, 79371.07926260258], [286154.9981997625, 79366.48685354608], [286148.4708857564, 79363.21985621471]]]}}, {"type": "Feature", "properties": {"uuid": "24a851af-1d3b-43b3-b5ae-b0e9e80611b7", "layer": "buildings"}, "geometry": {"type": "Polygon", "coordinates": [[[286181.91864853585, 79346.96424340067], [286173.4179460733, 79357.75407944253], [286186.92615126795, 79367.68710052018], [286195.0472579838, 79356.90555103123], [286181.91864853585, 79346.96424340067]]]}}, {"type": "Feature", "properties": {"uuid": "887ac984-674f-4b6a-8834-82a100a854ec", "layer": "buildings"}, "geometry": {"type": "Polygon", "coordinates": [[[286188.6714696506, 78713.49725983836], [286173.3112824692, 78723.30087453267], [286178.4194210215, 78731.14478322424], [286193.7795937138, 78721.34119755437], [286188.6714696506, 78713.49725983836]]]}}, {"type": "Feature", "properties": {"uuid": "0680e4a1-23fd-47ea-8086-63f7a7b8eb1d", "layer": "buildings"}, "geometry": {"type": "Polygon", "coordinates": [[[286208.4403328852, 79361.53854222657], [286204.3797656938, 79366.9293025413], [286222.1621715185, 79381.31463676019], [286226.23096421245, 79376.30248183201], [286208.4403328852, 79361.53854222657]]]}}, {"type": "Feature", "properties": {"uuid": "5782b0a5-4b82-4293-b062-a8d0374867c3", "layer": "buildings"}, "geometry": {"type": "Polygon", "coordinates": [[[286233.9569491611, 78717.43856334325], [286209.1054083775, 78727.4480838305], [286211.5148335032, 78733.45659937005], [286236.3663496061, 78723.4471008133], [286233.9569491611, 78717.43856334325]]]}}, {"type": "Feature", "properties": {"uuid": "de84d933-e045-48d8-8d2d-af53c53b60c3", "layer": "buildings"}, "geometry": {"type": "Polygon", "coordinates": [[[286244.65786438715, 78755.46520150325], [286238.59991037834, 78756.35428306786], [286240.4143462664, 78769.95166653657], [286246.85193310585, 78769.05434919836], [286244.65786438715, 78755.46520150325]]]}}, {"type": "Feature", "properties": {"uuid": "6f8d7806-4195-4d88-b53f-24ca7cad3c1c", "layer": "buildings"}, "geometry": {"type": "Polygon", "coordinates": [[[286270.8190008932, 79278.37243485154], [286256.68136384233, 79291.93592435273], [286265.60960160295, 79300.83240153207], [286279.37584069284, 79287.65577966225], [286270.8190008932, 79278.37243485154]]]}}, {"type": "Feature", "properties": {"uuid": "fc5009d7-6bed-4cb7-8ebc-0558258dcd04", "layer": "buildings"}, "geometry": {"type": "Polygon", "coordinates": [[[286261.8998988401, 78744.86342014189], [286237.2883857693, 78748.42795350071], [286238.1545180184, 78753.33355315618], [286262.766008412, 78749.76902635818], [286261.8998988401, 78744.86342014189]]]}}, {"type": "Feature", "properties": {"uuid": "5498ce97-7e89-4dde-b418-182fbecb761f", "layer": "buildings"}, "geometry": {"type": "Polygon", "coordinates": [[[286269.829740975, 78760.22213361613], [286259.5874347162, 78760.82318813284], [286259.7517615638, 78768.39559890243], [286269.9940530256, 78767.794545035], [286269.829740975, 78760.22213361613]]]}}, {"type": "Feature", "properties": {"uuid": "49a2b043-1699-4e60-b5b2-cc51d60aa32d", "layer": "buildings"}, "geometry": {"type": "Polygon", "coordinates": [[[286316.696328248, 79257.30258276878], [286302.11319589947, 79267.84555851092], [286310.3314496218, 79279.03012511606], [286324.5349536087, 79268.49542850011], [286316.696328248, 79257.30258276878]]]}}, {"type": "Feature", "properties": {"uuid": "e1528b90-218d-4d7f-a26c-0aebb8e90b29", "layer": "buildings"}, "geometry": {"type": "Polygon", "coordinates": [[[286292.0783931746, 78700.2676265274], [286287.99256343924, 78704.52310151738], [286304.6379516169, 78718.9353033909], [286307.60946449626, 78715.84043042341], [286292.0783931746, 78700.2676265274]]]}}, {"type": "Feature", "properties": {"uuid": "66d1fb3b-49bd-4d8f-a0c3-a303d6daa063", "layer": "buildings"}, "geometry": {"type": "Polygon", "coordinates": [[[286304.37779967417, 78759.47259725403], [286290.80079065694, 78763.93391766769], [286292.03009087645, 78768.07403304934], [286305.97852569394, 78763.22586307165], [286304.37779967417, 78759.47259725403]]]}}, {"type": "Feature", "properties": {"uuid": "c4fe1d1a-48ce-4366-a77c-9d14edef45b9", "layer": "buildings"}, "geometry": {"type": "Polygon", "coordinates": [[[286313.6958799476, 78681.23730662058], [286306.1767029539, 78684.8096422872], [286310.5582163614, 78694.18470371407], [286318.07738244894, 78690.6123802868], [286313.6958799476, 78681.23730662058]]]}}, {"type": "Feature", "properties": {"uuid": "2daa731b-d540-49d3-8352-8340f37df9c3", "layer": "buildings"}, "geometry": {"type": "Polygon", "coordinates": [[[286344.0682531504, 78680.57862212815], [286323.9465557656, 78681.01498094067], [286319.81141406554, 78682.9986876554], [286323.4089614351, 78691.25435363161], [286344.4725382246, 78681.70626901023], [286344.0682531504, 78680.57862212815]]]}}, {"type": "Feature", "properties": {"uuid": "ceba1564-5e6f-4436-bb3c-7e3fce51093b", "layer": "buildings"}, "geometry": {"type": "Polygon", "coordinates": [[[286353.63350530824, 78683.7804565755], [286327.69190228503, 78696.08591401187], [286331.2812177411, 78703.96293934406], [286357.23099816206, 78692.03614255416], [286353.63350530824, 78683.7804565755]]]}}, {"type": "Feature", "properties": {"uuid": "26421d7c-c759-4a03-92dc-9dc88fed1b52", "layer": "buildings"}, "geometry": {"type": "Polygon", "coordinates": [[[286393.6203254198, 79231.77228601984], [286385.0861739027, 79241.0476475546], [286390.1278535393, 79245.86227722108], [286399.0334131189, 79236.20011677349], [286393.6203254198, 79231.77228601984]]]}}, {"type": "Feature", "properties": {"uuid": "d65faff3-3acf-4011-a622-162d318846e0", "layer": "buildings"}, "geometry": {"type": "Polygon", "coordinates": [[[286414.74141150503, 79207.452224657], [286405.4643638068, 79217.50122472469], [286413.27823416376, 79227.55852139613], [286424.5107910253, 79220.11853213291], [286417.83578107314, 79210.03652178173], [286414.74141150503, 79207.452224657]]]}}, {"type": "Feature", "properties": {"uuid": "eabaa413-a75b-4fed-ae43-0a516a35708c", "layer": "buildings"}, "geometry": {"type": "Polygon", "coordinates": [[[286432.6594426981, 79193.0495203853], [286423.31669543165, 79200.06980205057], [286432.7064507045, 79212.74436954377], [286442.0491867455, 79205.72412108825], [286432.6594426981, 79193.0495203853]]]}}, {"type": "Feature", "properties": {"uuid": "3ef0382c-b8ce-4def-8a9a-96705db79c68", "layer": "buildings"}, "geometry": {"type": "Polygon", "coordinates": [[[286442.19344654353, 78984.51675836564], [286435.49952648254, 78991.10109858023], [286444.0565150176, 79000.38522351458], [286451.13006504416, 78993.79268069583], [286442.19344654353, 78984.51675836564]]]}}, {"type": "Feature", "properties": {"uuid": "3c58752b-eed6-46e9-8f47-6b3aad1e3023", "layer": "buildings"}, "geometry": {"type": "Polygon", "coordinates": [[[286464.8565766224, 78978.72280046719], [286452.8969823799, 78987.6938901555], [286456.0324700086, 78992.17134171125], [286468.3716915117, 78983.19204280555], [286464.8565766224, 78978.72280046719]]]}}, {"type": "Feature", "properties": {"uuid": "5f1f275f-e49b-4f2f-a38a-56bfb392027d", "layer": "buildings"}, "geometry": {"type": "Polygon", "coordinates": [[[286462.15579394554, 78994.31137379276], [286456.9557811425, 78999.72696692191], [286460.06665200915, 79003.06860079567], [286465.6544977966, 78998.02339374452], [286462.15579394554, 78994.31137379276]]]}}, {"type": "Feature", "properties": {"uuid": "0e76a112-0a14-4de0-9fbd-310bb54a0910", "layer": "buildings"}, "geometry": {"type": "Polygon", "coordinates": [[[286483.7340364552, 78955.96567042737], [286472.8886566359, 78963.77626438596], [286475.6363056358, 78967.88336558701], [286486.4816806297, 78960.07278322277], [286483.7340364552, 78955.96567042737]]]}}, {"type": "Feature", "properties": {"uuid": "300bb3d8-e3cb-466e-89d8-e822c8cb469d", "layer": "buildings"}, "geometry": {"type": "Polygon", "coordinates": [[[286489.7483538534, 78970.60796946927], [286483.75622135337, 78974.52558224305], [286488.85545434535, 78981.99078931249], [286494.8393821191, 78977.69458274296], [286489.7483538534, 78970.60796946927]]]}}, {"type": "Feature", "properties": {"uuid": "f5b69901-f3c7-4eac-b7e4-a2def14f72ad", "layer": "buildings"}, "geometry": {"type": "Polygon", "coordinates": [[[286490.5470855535, 79042.55897011963], [286487.19603244273, 79045.66177326627], [286491.8581682362, 79050.48490477446], [286495.2092208118, 79047.38210743034], [286490.5470855535, 79042.55897011963]]]}}, {"type": "Feature", "properties": {"uuid": "3c328bed-1ed8-4568-abab-58bad33b4ab4", "layer": "buildings"}, "geometry": {"type": "Polygon", "coordinates": [[[286498.9546862997, 78939.72706508485], [286493.74638110114, 78944.76406708619], [286499.19246473705, 78950.70667745141], [286504.4007688614, 78945.66968649923], [286498.9546862997, 78939.72706508485]]]}}, {"type": "Feature", "properties": {"uuid": "2f738132-b514-49df-86e0-653e8a10549f", "layer": "buildings"}, "geometry": {"type": "Polygon", "coordinates": [[[286515.42855660414, 79104.13933691164], [286510.1794119154, 79107.28319296162], [286512.15131640557, 79110.64944887269], [286517.3922606575, 79107.12700105197], [286515.42855660414, 79104.13933691164]]]}}, {"type": "Feature", "properties": {"uuid": "8fe5875f-d0e5-4335-96b9-6ec4993ac95f", "layer": "buildings"}, "geometry": {"type": "Polygon", "coordinates": [[[286535.94532403233, 79437.7626498479], [286525.71252870327, 79438.74172673072], [286526.6602773816, 79447.43243232623], [286536.9012528798, 79446.83192958578], [286535.94532403233, 79437.7626498479]]]}}, {"type": "Feature", "properties": {"uuid": "cb1b29be-3bce-4134-81e6-9dbf24088c87", "layer": "buildings"}, "geometry": {"type": "Polygon", "coordinates": [[[286521.32040556544, 78937.7276119494], [286506.0668878369, 78952.45172891763], [286509.56558639527, 78956.16380745996], [286524.8191024026, 78941.43971097568], [286521.32040556544, 78937.7276119494]]]}}, {"type": "Feature", "properties": {"uuid": "7d96bfe5-6e0f-4c61-b946-81c622a5c440", "layer": "buildings"}, "geometry": {"type": "Polygon", "coordinates": [[[286564.071107041, 79421.24622863176], [286558.9615816837, 79430.82559232455], [286568.1785176067, 79435.54981441464], [286573.296248958, 79426.34904142839], [286564.071107041, 79421.24622863176]]]}}, {"type": "Feature", "properties": {"uuid": "1cde53f3-ae54-40d8-8d29-d995ae45d2e1", "layer": "buildings"}, "geometry": {"type": "Polygon", "coordinates": [[[286591.60172101355, 79412.3178227683], [286585.32875419495, 79420.78610179716], [286585.61003291025, 79416.23500694204], [286575.35260696226, 79416.07826893826], [286574.8474279966, 79427.83046563293], [286585.1048310428, 79427.98720146652], [286585.3943024872, 79423.81468567826], [286593.88479618425, 79430.06968022388], [286601.24741279776, 79419.30534379923], [286591.60172101355, 79412.3178227683]]]}}, {"type": "Feature", "properties": {"uuid": "76667a4f-575f-4628-bdfd-5e882a7c1cf4", "layer": "buildings"}, "geometry": {"type": "Polygon", "coordinates": [[[286604.7375504983, 79422.63857083267], [286594.6767680153, 79431.5675393948], [286599.3548568722, 79437.1475416116], [286609.79523623094, 79428.21037732685], [286604.7375504983, 79422.63857083267]]]}}, {"type": "Feature", "properties": {"uuid": "ea32dfcb-87ff-49f2-8122-f8007959d29b", "layer": "buildings"}, "geometry": {"type": "Polygon", "coordinates": [[[286627.15321049956, 79405.48852138338], [286612.52895066247, 79414.13746358381], [286616.505172068, 79422.38393830953], [286632.63143959484, 79412.94502333013], [286627.15321049956, 79405.48852138338]]]}}, {"type": "Feature", "properties": {"uuid": "772a53ee-2954-47c4-98e5-3c15b8097e3d", "layer": "buildings"}, "geometry": {"type": "Polygon", "coordinates": [[[286662.37135424605, 79418.36171816589], [286656.04096484726, 79424.1798902858], [286670.4382434888, 79440.1547189762], [286670.1516838542, 79426.90469581698], [286662.37135424605, 79418.36171816589]]]}}, {"type": "Feature", "properties": {"uuid": "6b781885-a852-464a-b435-0787a1a7dbb8", "layer": "buildings"}, "geometry": {"type": "Polygon", "coordinates": [[[286637.35045166593, 79420.41794387592], [286627.5954973435, 79425.93148576192], [286636.2906820308, 79441.65084118638], [286646.0456150866, 79436.13733115353], [286637.35045166593, 79420.41794387592]]]}}, {"type": "Feature", "properties": {"uuid": "485570ab-4f54-43ff-b185-c30a98de9a8b", "layer": "buildings"}, "geometry": {"type": "Polygon", "coordinates": [[[286669.7668748394, 79409.11175518882], [286666.7873755637, 79411.82744955862], [286669.9060611268, 79415.54750660394], [286669.7668748394, 79409.11175518882]]]}}, {"type": "Feature", "properties": {"uuid": "c943c687-dab3-42c2-b5d6-0f03742465ec", "layer": "buildings"}, "geometry": {"type": "Polygon", "coordinates": [[[286637.287805459, 79399.96674666082], [286630.93284915556, 79404.64924702182], [286636.4110735713, 79412.1057539391], [286642.76602525165, 79407.42326667634], [286637.287805459, 79399.96674666082]]]}}, {"type": "Feature", "properties": {"uuid": "7c9d7d2d-0100-4268-85ca-aa88d619bfa2", "layer": "buildings"}, "geometry": {"type": "Polygon", "coordinates": [[[286652.64445000957, 79354.94167085865], [286598.43729094975, 79394.74731776703], [286602.3562024594, 79400.34379230562], [286656.95112386753, 79360.90859384468], [286652.64445000957, 79354.94167085865]]]}}, {"type": "Feature", "properties": {"uuid": "9ff00d3b-37ef-44c8-a15e-8f95c34262cf", "layer": "buildings"}, "geometry": {"type": "Polygon", "coordinates": [[[286658.1279345427, 79380.19958068768], [286643.92410430615, 79390.73313840659], [286649.40232358006, 79398.1896783991], [286663.60614355095, 79387.65615005439], [286658.1279345427, 79380.19958068768]]]}}, {"type": "Feature", "properties": {"uuid": "e8a75fe2-bf57-44cb-bc24-e1887e62cb9e", "layer": "buildings"}, "geometry": {"type": "Polygon", "coordinates": [[[286668.17254717497, 79370.51350112047], [286661.4379239967, 79375.20419814796], [286666.91613313294, 79382.66077804624], [286669.16100448347, 79381.09721632063], [286668.96450576815, 79372.0113879606], [286668.17254717497, 79370.51350112047]]]}}, {"type": "Feature", "properties": {"uuid": "c7fe9b4d-4266-479e-9a1d-2967c1953dcc", "layer": "buildings"}, "geometry": {"type": "Polygon", "coordinates": [[[286668.0638852689, 79330.3678076257], [286649.0724118602, 79347.82258739488], [286654.5097238327, 79353.38630578038], [286668.2849468751, 79340.58944416992], [286668.0638852689, 79330.3678076257]]]}}, {"type": "Feature", "properties": {"uuid": "37ddb068-1492-46d7-8fb4-41b6d62d9699", "layer": "buildings"}, "geometry": {"type": "Polygon", "coordinates": [[[286554.37895415444, 79550.0], [286554.90977478673, 79541.88584281661], [286561.8597739966, 79529.61562779624], [286563.0477245707, 79531.86236648378], [286577.67976702715, 79523.59203027812], [286572.94436640624, 79515.36217716831], [286558.6837053814, 79523.24575533133], [286561.45559487666, 79528.48814936393], [286554.16136746603, 79524.85863396392], [286547.2277720034, 79537.88600017203], [286546.1873526838, 79542.45343105108], [286539.3383012464, 79541.84424402588], [286538.9702370682, 79550.0], [286554.37895415444, 79550.0]]]}}, {"type": "Feature", "properties": {"uuid": "201d979a-3edf-46f3-9ac0-9e905e950e86", "layer": "buildings"}, "geometry": {"type": "Polygon", "coordinates": [[[286588.1253811391, 79550.0], [286587.95886995643, 79542.30666439739], [286578.4690687767, 79542.51206597104], [286578.6311478928, 79550.0], [286588.1253811391, 79550.0]]]}}, {"type": "Feature", "properties": {"uuid": "efebe5f0-d555-4f35-942e-bba739dd6a4b", "layer": "buildings"}, "geometry": {"type": "Polygon", "coordinates": [[[286502.6480314518, 79550.0], [286500.57070583495, 79540.41136216783], [286489.61173327564, 79542.92119999608], [286491.37650835584, 79550.0], [286502.6480314518, 79550.0]]]}}, {"type": "Feature", "properties": {"uuid": "d8e45abf-1c44-4db6-8950-e82967128f4b", "layer": "buildings"}, "geometry": {"type": "Polygon", "coordinates": [[[286597.32577936107, 79536.42281135515], [286590.18726237986, 79539.98598387316], [286595.3267850643, 79549.34328883572], [286602.0775080801, 79545.40977986279], [286597.32577936107, 79536.42281135515]]]}}, {"type": "Feature", "properties": {"uuid": "f58c6ea8-e8dd-40be-a33f-6a8c7ac64d8c", "layer": "buildings"}, "geometry": {"type": "Polygon", "coordinates": [[[286605.8516019587, 79526.76974470253], [286600.6847637197, 79533.6989230109], [286609.5710413517, 79540.70271977654], [286614.7378837735, 79533.77355958513], [286605.8516019587, 79526.76974470253]]]}}, {"type": "Feature", "properties": {"uuid": "0ac806f3-c71e-446a-8ec4-b96f441c5a2d", "layer": "buildings"}, "geometry": {"type": "Polygon", "coordinates": [[[286513.22267898556, 79528.3963128987], [286505.2840209086, 79530.08322389165], [286506.9499807552, 79536.86450893397], [286514.50903629756, 79535.18582329067], [286513.22267898556, 79528.3963128987]]]}}, {"type": "Feature", "properties": {"uuid": "c8d76894-d911-45b7-9cf5-c61d1b22f865", "layer": "buildings"}, "geometry": {"type": "Polygon", "coordinates": [[[286527.6005262119, 79508.39027010216], [286521.27859076764, 79514.58708127367], [286529.4304164821, 79522.74291141043], [286535.74415380234, 79516.16755333956], [286527.6005262119, 79508.39027010216]]]}}, {"type": "Feature", "properties": {"uuid": "e93d7b81-2eb4-4a09-8f71-2625c597eff4", "layer": "buildings"}, "geometry": {"type": "Polygon", "coordinates": [[[286593.6008258278, 79504.68899519715], [286586.08267273364, 79508.26040854491], [286590.8508312964, 79518.00454872209], [286598.3689731891, 79514.43314841168], [286593.6008258278, 79504.68899519715]]]}}, {"type": "Feature", "properties": {"uuid": "8c1d1da1-309c-4812-8a0f-dd272d295e96", "layer": "buildings"}, "geometry": {"type": "Polygon", "coordinates": [[[286611.5073139777, 79507.33144350373], [286605.09516757994, 79509.36391901405], [286607.54476688453, 79517.2645278798], [286613.9650959308, 79515.61062435864], [286611.5073139777, 79507.33144350373]]]}}, {"type": "Feature", "properties": {"uuid": "7d28c3fe-a6e0-4c90-afb7-95a56974acd6", "layer": "buildings"}, "geometry": {"type": "Polygon", "coordinates": [[[286518.23610443145, 79496.85197350921], [286512.30195910804, 79503.41915549102], [286521.2130046797, 79511.55854898476], [286527.1471512136, 79504.99138727871], [286518.23610443145, 79496.85197350921]]]}}, {"type": "Feature", "properties": {"uuid": "bb60fd39-d1c8-4ab4-b761-2730c83984b3", "layer": "buildings"}, "geometry": {"type": "Polygon", "coordinates": [[[286552.2275764824, 79488.16229209924], [286541.72183984914, 79494.0709350621], [286546.4655048685, 79502.67936293877], [286556.97942457953, 79497.1493063343], [286552.2275764824, 79488.16229209924]]]}}, {"type": "Feature", "properties": {"uuid": "b190ade3-6362-4ea9-8a5d-53cd57cd83c7", "layer": "buildings"}, "geometry": {"type": "Polygon", "coordinates": [[[286562.7005553108, 79480.73938936723], [286555.9333835765, 79483.91585811332], [286561.1303873578, 79495.92320789082], [286567.897546249, 79492.7467526239], [286562.7005553108, 79480.73938936723]]]}}, {"type": "Feature", "properties": {"uuid": "f0493c75-fb35-40b7-8d93-841f47594a8d", "layer": "buildings"}, "geometry": {"type": "Polygon", "coordinates": [[[286514.92878458253, 79484.42499115117], [286506.6186621185, 79486.49870119785], [286509.5136090693, 79497.41962496561], [286517.8237150634, 79495.34592320668], [286514.92878458253, 79484.42499115117]]]}}, {"type": "Feature", "properties": {"uuid": "8b6e9156-ca38-41e5-b696-e8e01f425694", "layer": "buildings"}, "geometry": {"type": "Polygon", "coordinates": [[[286581.614831248, 79477.29999814642], [286566.56208031974, 79483.68576557422], [286570.175120199, 79492.69745040548], [286585.2278489044, 79486.31170346728], [286581.614831248, 79477.29999814642]]]}}, {"type": "Feature", "properties": {"uuid": "636708af-7765-4092-85c8-83b52aae3b9d", "layer": "buildings"}, "geometry": {"type": "Polygon", "coordinates": [[[286600.1003774435, 79471.59747239223], [286591.0801707961, 79475.95889673181], [286597.0936414189, 79490.59984387842], [286606.509807332, 79486.98736360433], [286600.1003774435, 79471.59747239223]]]}}, {"type": "Feature", "properties": {"uuid": "af46dc8f-08a2-477a-b7c6-35466146d3a9", "layer": "buildings"}, "geometry": {"type": "Polygon", "coordinates": [[[286542.7238326854, 79470.18822885817], [286530.6341014274, 79473.10123470903], [286534.4111562647, 79489.6842848431], [286546.88044688606, 79486.76307689148], [286542.7238326854, 79470.18822885817]]]}}, {"type": "Feature", "properties": {"uuid": "88b6768a-cf41-43bc-befd-cdb073679dba", "layer": "buildings"}, "geometry": {"type": "Polygon", "coordinates": [[[286512.32325250347, 79469.3315516341], [286504.4009035093, 79471.77561873503], [286508.071453383, 79483.43726668053], [286516.37338264985, 79480.98498909266], [286512.32325250347, 79469.3315516341]]]}}, {"type": "Feature", "properties": {"uuid": "eedda3c4-4ef6-4b0e-8765-03ad10632bc1", "layer": "buildings"}, "geometry": {"type": "Polygon", "coordinates": [[[286593.04641712806, 79461.5239581766], [286583.32435925154, 79468.55182278462], [286588.01062241435, 79474.51034427475], [286597.7326749237, 79467.48249610837], [286593.04641712806, 79461.5239581766]]]}}, {"type": "Feature", "properties": {"uuid": "448f6bae-7e15-41dd-8cc2-693ad40327d7", "layer": "buildings"}, "geometry": {"type": "Polygon", "coordinates": [[[286625.2876664657, 79459.6900492165], [286617.4062126887, 79464.02679797588], [286620.5822419679, 79470.39677616919], [286628.4636884398, 79466.06003716183], [286625.2876664657, 79459.6900492165]]]}}, {"type": "Feature", "properties": {"uuid": "93285d93-a6f7-4694-a928-7d928a01dac3", "layer": "buildings"}, "geometry": {"type": "Polygon", "coordinates": [[[286543.93075271323, 79455.76968924791], [286541.8990642866, 79467.17610914208], [286550.2829945965, 79468.50957741303], [286551.9351022485, 79457.11138250952], [286543.93075271323, 79455.76968924791]]]}}, {"type": "Feature", "properties": {"uuid": "6063f43e-c1fd-4da3-9560-b5d4a7411be5", "layer": "buildings"}, "geometry": {"type": "Polygon", "coordinates": [[[286494.9871662555, 79457.96585664112], [286494.82897131005, 79468.19547313132], [286507.7516852069, 79468.67306758475], [286507.9099052746, 79458.44345331998], [286494.9871662555, 79457.96585664112]]]}}, {"type": "Feature", "properties": {"uuid": "32afd762-ca94-4613-9d14-3aeb5094d8bc", "layer": "buildings"}, "geometry": {"type": "Polygon", "coordinates": [[[286585.65379921504, 79453.3515031322], [286578.9521310683, 79459.55652040071], [286583.6220195808, 79464.75790878956], [286590.3318793838, 79458.93147392283], [286585.65379921504, 79453.3515031322]]]}}, {"type": "Feature", "properties": {"uuid": "a1bc0ca7-6cd3-4a65-affd-c12235fcdb48", "layer": "buildings"}, "geometry": {"type": "Polygon", "coordinates": [[[286620.9400776354, 79451.83041171488], [286613.4218303411, 79455.40181826183], [286616.58967805683, 79461.39323468175], [286624.107918612, 79457.82183649548], [286620.9400776354, 79451.83041171488]]]}}, {"type": "Feature", "properties": {"uuid": "bb3e9aab-6222-42e1-b262-ab9c3a6bc7de", "layer": "buildings"}, "geometry": {"type": "Polygon", "coordinates": [[[286569.22453284834, 79448.78338558241], [286563.2574886299, 79453.83628269532], [286569.8909461435, 79462.02514051311], [286576.2375851163, 79456.96404218025], [286569.22453284834, 79448.78338558241]]]}}, {"type": "Feature", "properties": {"uuid": "e87ce7f3-3aee-4975-8c0d-b89c4f1d4b68", "layer": "buildings"}, "geometry": {"type": "Polygon", "coordinates": [[[286615.8168950901, 79443.23004993002], [286607.9272314783, 79447.18825466686], [286611.8706704673, 79453.92039108629], [286619.3725367243, 79449.59183942672], [286615.8168950901, 79443.23004993002]]]}}, {"type": "Feature", "properties": {"uuid": "bfcbacb0-5530-4dea-9dc1-56c3b3e2f0af", "layer": "buildings"}, "geometry": {"type": "Polygon", "coordinates": [[[286514.390129906, 79442.01691656662], [286504.3049349198, 79449.81031924908], [286509.38730281114, 79456.51771514086], [286519.47249173885, 79448.72433193619], [286514.390129906, 79442.01691656662]]]}}, {"type": "Feature", "properties": {"uuid": "50538d84-4761-45d0-bc03-a389f2080816", "layer": "buildings"}, "geometry": {"type": "Polygon", "coordinates": [[[286541.27611291787, 79438.40472512029], [286537.239866726, 79444.9308535714], [286546.48138839804, 79450.79073776823], [286547.2078005573, 79449.26001643189], [286554.14712519397, 79454.03350853681], [286552.06882165174, 79445.74603640556], [286541.27611291787, 79438.40472512029]]]}}, {"type": "Feature", "properties": {"uuid": "5e8914e9-38de-4a0f-991d-7173c0bcfae0", "layer": "buildings"}, "geometry": {"type": "Polygon", "coordinates": [[[286477.71661443793, 79449.6287616757], [286474.3002245803, 79449.70277519128], [286474.05185143393, 79455.76813371835], [286477.47643870267, 79456.07269067387], [286477.71661443793, 79449.6287616757]]]}}, {"type": "Feature", "properties": {"uuid": "79d23010-5be8-4487-814d-759c3a315ab2", "layer": "buildings"}, "geometry": {"type": "Polygon", "coordinates": [[[286612.19571214035, 79433.83967870258], [286601.68160903006, 79439.36968435213], [286605.23727058823, 79445.73146964016], [286615.7513641993, 79440.20147745352], [286612.19571214035, 79433.83967870258]]]}}, {"type": "Feature", "properties": {"uuid": "2a8ef2f7-4b91-4ad8-bf21-38ec906ff7eb", "layer": "buildings"}, "geometry": {"type": "Polygon", "coordinates": [[[286569.3910693693, 79438.93231079803], [286559.9174714387, 79439.89488678213], [286560.84877245646, 79447.82845229853], [286569.94275714934, 79446.87409583753], [286569.3910693693, 79438.93231079803]]]}}, {"type": "Feature", "properties": {"uuid": "6eef1a91-5a7e-44f8-9e3d-4e4003629605", "layer": "buildings"}, "geometry": {"type": "Polygon", "coordinates": [[[286672.81389783445, 79550.0], [286672.7307122592, 79546.15370539043], [286669.62289782165, 79550.0], [286672.81389783445, 79550.0]]]}}, {"type": "Feature", "properties": {"uuid": "593f8580-ef4a-40c2-b07b-3031149a5a2f", "layer": "buildings"}, "geometry": {"type": "Polygon", "coordinates": [[[286632.56010645477, 79550.0], [286628.68988796615, 79546.72763851291], [286637.58715145604, 79536.68786628995], [286633.70113562676, 79532.60577534887], [286621.0816720947, 79546.13477146719], [286625.6588052595, 79550.0], [286632.56010645477, 79550.0]]]}}, {"type": "Feature", "properties": {"uuid": "e854bb3f-d986-4955-a87b-6f65241eea73", "layer": "buildings"}, "geometry": {"type": "Polygon", "coordinates": [[[286652.9504409568, 79550.0], [286644.17125308694, 79542.60529627372], [286640.0940180863, 79547.23839556519], [286643.4698050654, 79550.0], [286652.9504409568, 79550.0]]]}}, {"type": "Feature", "properties": {"uuid": "e22d7e16-39e5-4ce5-b910-89a6cf4ab4e7", "layer": "buildings"}, "geometry": {"type": "Polygon", "coordinates": [[[286648.3660365433, 79525.84990337718], [286642.42357831856, 79532.03833241799], [286652.9018684131, 79542.41643556193], [286658.8525147205, 79536.6065952876], [286648.3660365433, 79525.84990337718]]]}}, {"type": "Feature", "properties": {"uuid": "2019654f-7068-4aff-aeb1-0fc5a829bca9", "layer": "buildings"}, "geometry": {"type": "Polygon", "coordinates": [[[286672.0102236654, 79512.83996789128], [286658.2027056555, 79524.12215590395], [286664.8113621083, 79531.17532094577], [286672.280407059, 79525.33264412332], [286672.0102236654, 79512.83996789128]]]}}, {"type": "Feature", "properties": {"uuid": "cb4d12d8-d373-4065-be6a-c679aa65895a", "layer": "buildings"}, "geometry": {"type": "Polygon", "coordinates": [[[286644.89814358036, 79488.4292671784], [286623.2092181788, 79504.04828764003], [286614.1480927781, 79506.51681256693], [286616.64682775235, 79516.68882702323], [286625.70793643774, 79514.22031057527], [286650.7804265489, 79497.01315806751], [286644.89814358036, 79488.4292671784]]]}}, {"type": "Feature", "properties": {"uuid": "6367affc-9064-4318-89a2-180edb86f247", "layer": "buildings"}, "geometry": {"type": "Polygon", "coordinates": [[[286671.53535538545, 79490.88307125648], [286668.9109359339, 79492.45481090643], [286671.2621961078, 79495.81266221887], [286671.6417914343, 79495.80445259152], [286671.53535538545, 79490.88307125648]]]}}, {"type": "Feature", "properties": {"uuid": "2e66b72d-2983-47d0-9d94-944ce2ed3306", "layer": "buildings"}, "geometry": {"type": "Polygon", "coordinates": [[[286662.11391311395, 79476.69450757842], [286649.7591895623, 79484.91540475804], [286654.86589990306, 79492.75859260262], [286667.2206121092, 79484.53771928436], [286662.11391311395, 79476.69450757842]]]}}, {"type": "Feature", "properties": {"uuid": "d4a2a434-08d0-4508-a046-eef28ef5ccf8", "layer": "buildings"}, "geometry": {"type": "Polygon", "coordinates": [[[286670.91311323224, 79462.1118268944], [286662.7175345252, 79469.48527115086], [286671.273358822, 79478.76888224002], [286670.91311323224, 79462.1118268944]]]}}, {"type": "Feature", "properties": {"uuid": "9ee91ea3-7d91-421d-a276-a117c5968b30", "layer": "buildings"}, "geometry": {"type": "Polygon", "coordinates": [[[286629.2720259904, 79468.31503010806], [286621.3905823483, 79472.65176614586], [286624.95438919775, 79479.3920918461], [286632.83582526696, 79475.05536643756], [286629.2720259904, 79468.31503010806]]]}}, {"type": "Feature", "properties": {"uuid": "1e23ef6a-a5ac-426b-aad9-87e5aab5ab40", "layer": "buildings"}, "geometry": {"type": "Polygon", "coordinates": [[[286651.4717393944, 79458.74485216281], [286639.4638270709, 79465.44331039069], [286643.8113770746, 79473.302941551], [286655.8192762404, 79466.60450279311], [286651.4717393944, 79458.74485216281]]]}}, {"type": "Feature", "properties": {"uuid": "df78d5c7-4b09-4642-b6a0-bc7f7155f9c7", "layer": "buildings"}, "geometry": {"type": "Polygon", "coordinates": [[[286647.21717045817, 79437.6269845673], [286637.4622390761, 79443.1404909204], [286646.5369650185, 79458.85159792905], [286656.2918755225, 79453.33812414136], [286647.21717045817, 79437.6269845673]]]}}, {"type": "Feature", "properties": {"uuid": "f1fdb62b-f386-4ff1-9fdd-32aae554c062", "layer": "buildings"}, "geometry": {"type": "Polygon", "coordinates": [[[286972.278677035, 78749.57247617724], [286970.0579383661, 78752.27194450199], [286977.4100631421, 78758.55293976935], [286979.6389670767, 78756.23209820228], [286972.278677035, 78749.57247617724]]]}}, {"type": "Feature", "properties": {"uuid": "f5f4913a-e112-45be-a011-9fa63b4d09aa", "layer": "buildings"}, "geometry": {"type": "Polygon", "coordinates": [[[287033.0675909766, 78732.73123464291], [287030.9855456332, 78741.86725159528], [287035.56582074007, 78742.90492381726], [287037.6560336722, 78734.14753267664], [287033.0675909766, 78732.73123464291]]]}}, {"type": "Feature", "properties": {"uuid": "58a15acb-1531-40a1-b33f-d25c95facec9", "layer": "buildings"}, "geometry": {"type": "Polygon", "coordinates": [[[287033.9209270726, 78719.45489954841], [287033.26771090704, 78724.39336105136], [287040.1340647443, 78725.7605684665], [287040.7872871209, 78720.82210932631], [287033.9209270726, 78719.45489954841]]]}}, {"type": "Feature", "properties": {"uuid": "7c4f2fbc-5a73-4dcd-978b-596775c3be4d", "layer": "buildings"}, "geometry": {"type": "Polygon", "coordinates": [[[286996.1313879147, 78710.79952688972], [286995.46187938086, 78714.98075582433], [287004.6143279284, 78716.67743159537], [287005.27568096895, 78712.11758191304], [286996.1313879147, 78710.79952688972]]]}}, {"type": "Feature", "properties": {"uuid": "f505f3f9-c74f-45e9-9816-3c40f43eef38", "layer": "buildings"}, "geometry": {"type": "Polygon", "coordinates": [[[287050.9855874949, 78665.29743060356], [287035.4197313935, 78665.63288629835], [287033.70914513053, 78674.38220858577], [287022.6420396089, 78671.96912982097], [287023.65042577474, 78665.88655420294], [287015.67767046025, 78666.0584087559], [287012.5709282445, 78680.5198639229], [287046.5151623041, 78686.9854751055], [287050.9855874949, 78665.29743060356]]]}}, {"type": "Feature", "properties": {"uuid": "75fc6a84-6602-415d-84fc-ae302a459529", "layer": "buildings"}, "geometry": {"type": "Polygon", "coordinates": [[[287006.02515859983, 79099.22032192457], [286997.09378715453, 79107.74586925699], [287002.1513339598, 79113.31838214188], [287011.46232676576, 79104.78466775085], [287006.02515859983, 79099.22032192457]]]}}, {"type": "Feature", "properties": {"uuid": "20801c96-7943-43eb-ab29-f7b812d5082e", "layer": "buildings"}, "geometry": {"type": "Polygon", "coordinates": [[[287100.0, 79073.58245284623], [287099.27838006144, 79073.34787827262], [287094.29803835996, 79088.98485047356], [287100.0, 79092.60122862532], [287100.0, 79073.58245284623]]]}}, {"type": "Feature", "properties": {"uuid": "a6234ef3-008c-4743-b8a1-4ea84860348b", "layer": "buildings"}, "geometry": {"type": "Polygon", "coordinates": [[[286984.63150303497, 79075.81895340091], [286979.8025141313, 79080.8471448464], [286991.0483934592, 79091.58904126874], [286995.87738250603, 79086.5608704325], [286984.63150303497, 79075.81895340091]]]}}, {"type": "Feature", "properties": {"uuid": "41a54b8a-dd55-41b1-bd1b-29239e024330", "layer": "buildings"}, "geometry": {"type": "Polygon", "coordinates": [[[286981.7455180411, 79065.2755207558], [286980.3004953185, 79068.71565053056], [286986.43165942165, 79071.23484990571], [286987.8848494552, 79068.17332157862], [286981.7455180411, 79065.2755207558]]]}}, {"type": "Feature", "properties": {"uuid": "d5747d64-0b94-4f25-a66f-a3c7fde8e745", "layer": "buildings"}, "geometry": {"type": "Polygon", "coordinates": [[[286982.4435151156, 79044.80661826854], [286974.3693196759, 79057.85910394866], [286987.448074565, 79065.5313213024], [286995.14266223426, 79052.48706117441], [286982.4435151156, 79044.80661826854]]]}}, {"type": "Feature", "properties": {"uuid": "3423a091-e036-4ee0-b37b-6e5b6f83009f", "layer": "buildings"}, "geometry": {"type": "Polygon", "coordinates": [[[286967.1317732554, 79021.6526870268], [286957.50639870926, 79033.2236052352], [286964.84999215114, 79039.1256349074], [286974.47537110304, 79027.55474329344], [286967.1317732554, 79021.6526870268]]]}}, {"type": "Feature", "properties": {"uuid": "4c9a0e42-eb79-420f-b800-52c986db2110", "layer": "buildings"}, "geometry": {"type": "Polygon", "coordinates": [[[287009.026407394, 78868.47859493381], [287006.5321759966, 78876.1081278396], [287010.3612233566, 78877.54072879298], [287012.8554594968, 78869.9111999507], [287009.026407394, 78868.47859493381]]]}}, {"type": "Feature", "properties": {"uuid": "e4537106-7fe7-4a67-a10e-a036c374cd76", "layer": "buildings"}, "geometry": {"type": "Polygon", "coordinates": [[[287018.7011772825, 78859.17910324459], [287014.25975273876, 78864.57788978709], [287018.5092550485, 78867.89537786337], [287022.95884226036, 78862.87521106389], [287018.7011772825, 78859.17910324459]]]}}, {"type": "Feature", "properties": {"uuid": "69f7f5d4-7fbc-4129-9c6e-cd448d082c98", "layer": "buildings"}, "geometry": {"type": "Polygon", "coordinates": [[[286596.88808221434, 78708.81599003024], [286589.3687674597, 78712.3878959151], [286592.16560130933, 78718.76699651079], [286599.6849085274, 78715.19509868781], [286596.88808221434, 78708.81599003024]]]}}, {"type": "Feature", "properties": {"uuid": "1f435f81-93e3-4ed9-ae0e-68685188e323", "layer": "buildings"}, "geometry": {"type": "Polygon", "coordinates": [[[286602.6676256582, 78695.05407794059], [286597.7812833254, 78697.43260964085], [286602.5501015177, 78707.17828327409], [286607.42824543937, 78704.42113567199], [286602.6676256582, 78695.05407794059]]]}}, {"type": "Feature", "properties": {"uuid": "920aa41f-bbce-48b2-8921-648116a0876b", "layer": "buildings"}, "geometry": {"type": "Polygon", "coordinates": [[[286642.67196025804, 78788.50966925488], [286634.4999014881, 78797.01991566288], [286637.99041663366, 78800.35357199871], [286646.54212177976, 78791.8351257189], [286642.67196025804, 78788.50966925488]]]}}, {"type": "Feature", "properties": {"uuid": "7901b861-af5c-4c63-aaa4-4dcf8b841123", "layer": "buildings"}, "geometry": {"type": "Polygon", "coordinates": [[[286649.26515194826, 78794.80659616366], [286640.37474663375, 78805.22633082024], [286646.95154403977, 78810.76600066276], [286656.21341013716, 78799.95946062953], [286649.26515194826, 78794.80659616366]]]}}, {"type": "Feature", "properties": {"uuid": "c65a4667-66ec-48a6-a145-e8385c6fb97e", "layer": "buildings"}, "geometry": {"type": "Polygon", "coordinates": [[[286682.52580572735, 78699.38779469553], [286668.503206905, 78700.8273830791], [286669.9696327816, 78715.94772200129], [286683.99219132937, 78714.50814021393], [286682.52580572735, 78699.38779469553]]]}}, {"type": "Feature", "properties": {"uuid": "6180dd57-4431-4df2-83fd-eaf7256a5e09", "layer": "buildings"}, "geometry": {"type": "Polygon", "coordinates": [[[286695.499484814, 78702.13773654326], [286687.56770429306, 78704.20321306726], [286691.3037983653, 78718.89567756801], [286699.2437423117, 78717.20883518245], [286695.499484814, 78702.13773654326]]]}}, {"type": "Feature", "properties": {"uuid": "669f1413-403e-40f9-829c-cb096df51b14", "layer": "buildings"}, "geometry": {"type": "Polygon", "coordinates": [[[286720.29492840474, 78777.3615295641], [286707.19550764683, 78786.3569659185], [286710.33088687155, 78790.83473663635], [286723.43030126684, 78781.83931552773], [286720.29492840474, 78777.3615295641]]]}}, {"type": "Feature", "properties": {"uuid": "31202224-3045-41d8-8497-46006689bb0e", "layer": "buildings"}, "geometry": {"type": "Polygon", "coordinates": [[[286741.9529022092, 78724.99818015826], [286712.7738540931, 78745.70512659545], [286717.08911576454, 78752.05142423583], [286746.2681438504, 78731.344526017], [286741.9529022092, 78724.99818015826]]]}}, {"type": "Feature", "properties": {"uuid": "e8f66fa3-b84e-4d7c-a6d6-803f1420f36f", "layer": "buildings"}, "geometry": {"type": "Polygon", "coordinates": [[[286725.4676427575, 78788.23480627226], [286715.72776977404, 78794.50603488306], [286721.2228418935, 78802.72074563659], [286730.9545231129, 78796.07091889394], [286725.4676427575, 78788.23480627226]]]}}, {"type": "Feature", "properties": {"uuid": "fce3398b-f1f7-4297-b3cb-176c42bce35e", "layer": "buildings"}, "geometry": {"type": "Polygon", "coordinates": [[[286722.55967893696, 78759.13034279301], [286717.3182485404, 78762.65280047193], [286730.247581475, 78780.93439030138], [286735.4808193662, 78777.03333824754], [286722.55967893696, 78759.13034279301]]]}}, {"type": "Feature", "properties": {"uuid": "36402902-10c8-42b1-9ccc-bb31984e82f0", "layer": "buildings"}, "geometry": {"type": "Polygon", "coordinates": [[[286756.5841529673, 78734.15202262058], [286747.23197327065, 78740.79367118329], [286762.10039358394, 78760.92749848633], [286743.02467615646, 78774.59754368081], [286749.2871989523, 78783.17452536605], [286777.33540422935, 78762.8711500963], [286756.5841529673, 78734.15202262058]]]}}, {"type": "Feature", "properties": {"uuid": "ef179e22-3f06-4236-8e0c-a0326144f7c4", "layer": "buildings"}, "geometry": {"type": "Polygon", "coordinates": [[[286777.2796202947, 79006.43308532829], [286764.87451171933, 79012.38278457758], [286776.0276375183, 79036.3836163785], [286788.4408785397, 79030.81256983345], [286777.2796202947, 79006.43308532829]]]}}, {"type": "Feature", "properties": {"uuid": "2df387d3-11ad-4d90-8cdc-5fc4fee3c2cf", "layer": "buildings"}, "geometry": {"type": "Polygon", "coordinates": [[[286792.18466674024, 79045.88277828021], [286784.2942716245, 79049.84098953113], [286793.4427892858, 79068.96091414522], [286801.3331615399, 79065.00273019538], [286792.18466674024, 79045.88277828021]]]}}, {"type": "Feature", "properties": {"uuid": "39553def-4838-4a3b-a7c2-31a31a0f4986", "layer": "buildings"}, "geometry": {"type": "Polygon", "coordinates": [[[286795.5535478075, 79078.76345502594], [286791.7900071308, 79080.35984792485], [286795.3865510848, 79088.61517913133], [286799.5297115294, 79087.01059119168], [286795.5535478075, 79078.76345502594]]]}}, {"type": "Feature", "properties": {"uuid": "0d86c6e0-2798-4628-93f2-8579944e8f5e", "layer": "buildings"}, "geometry": {"type": "Polygon", "coordinates": [[[286811.9136391091, 79062.50155638173], [286805.11307064025, 79064.16353697443], [286817.7855673389, 79123.35718916493], [286824.5778859126, 79121.31664667846], [286811.9136391091, 79062.50155638173]]]}}, {"type": "Feature", "properties": {"uuid": "71d39594-ea0c-4acb-bd0d-27fbc2fa334c", "layer": "buildings"}, "geometry": {"type": "Polygon", "coordinates": [[[286847.5602934637, 78848.85591176717], [286843.79657096113, 78850.45233039878], [286848.18515459367, 78860.20611961168], [286851.94069752045, 78858.23109369026], [286847.5602934637, 78848.85591176717]]]}}, {"type": "Feature", "properties": {"uuid": "4410a8fe-61dd-4bd9-944b-13f8e6d4d74b", "layer": "buildings"}, "geometry": {"type": "Polygon", "coordinates": [[[286854.060453694, 78903.63989419315], [286846.97811768844, 78909.85337451773], [286854.7670340991, 78918.77607411976], [286861.84936652234, 78912.56261470536], [286854.060453694, 78903.63989419315]]]}}, {"type": "Feature", "properties": {"uuid": "e526e959-bd12-454b-a0ab-691c3c0b8b43", "layer": "buildings"}, "geometry": {"type": "Polygon", "coordinates": [[[286873.66648389027, 79072.91022220446], [286860.898155416, 79079.62501059502], [286862.8780131218, 79083.37000516782], [286875.64633467153, 79076.6552261207], [286873.66648389027, 79072.91022220446]]]}}, {"type": "Feature", "properties": {"uuid": "07667a61-4cf5-4939-ad2e-6288111243ca", "layer": "buildings"}, "geometry": {"type": "Polygon", "coordinates": [[[286873.90489504783, 78960.78673133801], [286872.57432324655, 78969.52743568728], [286885.9105136383, 78971.51227516166], [286885.935027732, 78972.64809012826], [286880.30590751534, 78975.7998351962], [286887.8049233602, 78988.89530385236], [286899.8060738833, 78981.81825548012], [286892.3070791272, 78968.72275283892], [286887.049412773, 78971.48769462606], [286888.3881791035, 78963.1256036842], [286873.90489504783, 78960.78673133801]]]}}, {"type": "Feature", "properties": {"uuid": "37362610-ce9e-40bc-9332-604c6cf3818c", "layer": "buildings"}, "geometry": {"type": "Polygon", "coordinates": [[[286880.4997468686, 79072.76272483708], [286877.51994566317, 79075.47846182523], [286882.94910683425, 79080.66410819179], [286885.9289076958, 79077.9483769509], [286880.4997468686, 79072.76272483708]]]}}, {"type": "Feature", "properties": {"uuid": "f791af80-f9cb-4f1b-89ad-07b184200ffd", "layer": "buildings"}, "geometry": {"type": "Polygon", "coordinates": [[[286887.95334898477, 79066.16268326435], [286884.60208577034, 79069.26521090942], [286906.29415170936, 79088.8720611746], [286909.26578955486, 79085.77775088314], [286887.95334898477, 79066.16268326435]]]}}, {"type": "Feature", "properties": {"uuid": "f687708e-4528-4766-8433-668c2108a4fa", "layer": "buildings"}, "geometry": {"type": "Polygon", "coordinates": [[[286902.17262656445, 78915.48016630451], [286893.5471936097, 78920.59051195701], [286901.0380793706, 78933.30753040605], [286909.663497829, 78928.19720888467], [286902.17262656445, 78915.48016630451]]]}}, {"type": "Feature", "properties": {"uuid": "248db7bd-e19e-4d26-a78f-c3f802a07b58", "layer": "buildings"}, "geometry": {"type": "Polygon", "coordinates": [[[286916.93613921956, 79106.82348677135], [286911.75212859176, 79112.9956907987], [286905.5637829109, 79107.82643313514], [286902.2288778589, 79111.68611558538], [286925.00238914904, 79128.61814430673], [286931.24358253134, 79118.63545737223], [286916.93613921956, 79106.82348677135]]]}}, {"type": "Feature", "properties": {"uuid": "d8d9abf7-f7dd-4ac6-91a6-4e633ffbbbee", "layer": "buildings"}, "geometry": {"type": "Polygon", "coordinates": [[[286903.70860800263, 78986.65818460184], [286897.7162024918, 78990.57530246157], [286905.9580757314, 79002.89716721911], [286911.9504726528, 78998.98006762713], [286903.70860800263, 78986.65818460184]]]}}, {"type": "Feature", "properties": {"uuid": "3ec8b3f9-a95a-43e0-93d2-170a91ef303f", "layer": "buildings"}, "geometry": {"type": "Polygon", "coordinates": [[[286912.40264503064, 78931.92594684861], [286903.02612937917, 78937.4312523606], [286911.70488973684, 78952.39530569152], [286921.08138663246, 78946.89003065196], [286912.40264503064, 78931.92594684861]]]}}, {"type": "Feature", "properties": {"uuid": "3ea44b96-fdd4-4d4e-9e51-ebe877a2c2a1", "layer": "buildings"}, "geometry": {"type": "Polygon", "coordinates": [[[286914.06438932044, 78956.13221860741], [286904.32462250197, 78962.40290098035], [286914.158576827, 78978.09951848548], [286923.8983249298, 78971.82887237682], [286914.06438932044, 78956.13221860741]]]}}, {"type": "Feature", "properties": {"uuid": "12f0cfd1-e0f1-45e8-b2c2-4eb86127907e", "layer": "buildings"}, "geometry": {"type": "Polygon", "coordinates": [[[286915.9101677279, 79006.47020727122], [286908.4401048591, 79012.3130753611], [286922.8866869153, 79030.5614610234], [286929.2015143834, 79023.98600224775], [286915.9101677279, 79006.47020727122]]]}}, {"type": "Feature", "properties": {"uuid": "994307eb-9200-4f0f-8e12-9bc7572154d4", "layer": "buildings"}, "geometry": {"type": "Polygon", "coordinates": [[[286927.0579148304, 78977.44241831836], [286918.06926902465, 78983.31806547244], [286927.49083984003, 78997.50842191989], [286936.4631352608, 78990.87559907665], [286927.0579148304, 78977.44241831836]]]}}, {"type": "Feature", "properties": {"uuid": "1afd1780-434e-4682-abb5-0aa97de995df", "layer": "buildings"}, "geometry": {"type": "Polygon", "coordinates": [[[286939.6962083534, 78999.89655895918], [286936.8796895947, 79010.18434670445], [286943.3742391918, 79011.93813298267], [286946.1907694862, 79001.65035256644], [286939.6962083534, 78999.89655895918]]]}}, {"type": "Feature", "properties": {"uuid": "b3a76f82-ef92-4bba-85a1-9e52b8a42976", "layer": "buildings"}, "geometry": {"type": "Polygon", "coordinates": [[[286954.3916774287, 79012.07925294968], [286946.97875098966, 79020.57226960178], [286953.9590780124, 79027.2396904029], [286961.75163512805, 79018.73850627732], [286954.3916774287, 79012.07925294968]]]}}, {"type": "Feature", "properties": {"uuid": "7052b43a-f0e8-410c-82e8-48def43f4fee", "layer": "buildings"}, "geometry": {"type": "Polygon", "coordinates": [[[286973.3775232174, 79099.92433305996], [286957.71098513965, 79113.14046486869], [286963.93193473894, 79119.82415415408], [286979.21884408133, 79106.61624442026], [286973.3775232174, 79099.92433305996]]]}}, {"type": "Feature", "properties": {"uuid": "84024571-4cb6-436b-87f0-ccd4051a24d7", "layer": "buildings"}, "geometry": {"type": "Polygon", "coordinates": [[[287087.66557100683, 79274.72282215743], [287077.34646598605, 79289.33798874819], [287086.5957750614, 79295.57756629417], [287096.5352818556, 79280.97061426874], [287087.66557100683, 79274.72282215743]]]}}, {"type": "Feature", "properties": {"uuid": "c4591547-c1c3-4623-bbcc-93209d9eb4ac", "layer": "buildings"}, "geometry": {"type": "Polygon", "coordinates": [[[287100.0, 79279.30948527734], [287098.3762395067, 79278.27964258508], [287096.5434383466, 79281.34919685108], [287100.0, 79283.7009230144], [287100.0, 79279.30948527734]]]}}, {"type": "Feature", "properties": {"uuid": "97fbf367-690b-47c2-a9bd-52f6cb08f5e0", "layer": "buildings"}, "geometry": {"type": "Polygon", "coordinates": [[[287100.0, 79262.71553999196], [287095.7641583233, 79262.80679697261], [287096.3232130227, 79271.12745756714], [287100.0, 79271.04824504328], [287100.0, 79262.71553999196]]]}}, {"type": "Feature", "properties": {"uuid": "43eac993-88dc-427f-a967-91c30ee80a9c", "layer": "buildings"}, "geometry": {"type": "Polygon", "coordinates": [[[287075.1345964029, 79257.19113960015], [287069.97503550013, 79264.498761758], [287078.06924732483, 79270.00573057352], [287082.84920175484, 79262.70630380057], [287075.1345964029, 79257.19113960015]]]}}, {"type": "Feature", "properties": {"uuid": "a6349cab-d038-47ad-86db-34fa01a9c72c", "layer": "buildings"}, "geometry": {"type": "Polygon", "coordinates": [[[287082.0943453915, 79245.29959425388], [287077.3633223458, 79254.87055268747], [287085.8045234494, 79258.85502723191], [287090.1559450307, 79249.29226310627], [287082.0943453915, 79245.29959425388]]]}}, {"type": "Feature", "properties": {"uuid": "d4790a73-6687-471b-9777-e784c009b43f", "layer": "buildings"}, "geometry": {"type": "Polygon", "coordinates": [[[287100.0, 79193.78083731], [287099.97391817544, 79193.78139917317], [287100.0, 79194.41411426803], [287100.0, 79193.78083731]]]}}, {"type": "Feature", "properties": {"uuid": "b948d641-705e-43c8-91f5-8e9176bad50b", "layer": "buildings"}, "geometry": {"type": "Polygon", "coordinates": [[[287090.43015756214, 79209.1375762544], [287079.8009199535, 79209.36659907104], [287081.26170138386, 79241.90868594428], [287091.89087300515, 79241.67966512789], [287090.43015756214, 79209.1375762544]]]}}, {"type": "Feature", "properties": {"uuid": "772f4535-6398-4520-8a4b-608cdd86da7a", "layer": "buildings"}, "geometry": {"type": "Polygon", "coordinates": [[[287076.89887604234, 79198.0662133242], [287065.63276233687, 79203.99045015022], [287068.40429280873, 79209.23341680976], [287079.6703979602, 79203.30919152568], [287076.89887604234, 79198.0662133242]]]}}, {"type": "Feature", "properties": {"uuid": "ce5c9914-ce53-4d14-a91b-dee983aab051", "layer": "buildings"}, "geometry": {"type": "Polygon", "coordinates": [[[287100.0, 79150.66675809484], [287070.97237995337, 79169.78651669723], [287075.6909597187, 79177.26016095691], [287100.0, 79161.05215082012], [287100.0, 79150.66675809484]]]}}, {"type": "Feature", "properties": {"uuid": "8eea1840-be4f-49ed-b865-9dba7191579e", "layer": "buildings"}, "geometry": {"type": "Polygon", "coordinates": [[[287091.9744150193, 79139.79012963694], [287080.7407879754, 79147.2287634745], [287083.0919246292, 79150.58701497782], [287094.3337039687, 79143.52698324286], [287091.9744150193, 79139.79012963694]]]}}, {"type": "Feature", "properties": {"uuid": "f4b32a8c-cf4d-4e4f-80b1-dda68e93b75a", "layer": "buildings"}, "geometry": {"type": "Polygon", "coordinates": [[[287100.0, 79133.9382171542], [287096.4564557341, 79136.28465006949], [287099.1953635301, 79140.0133298054], [287100.0, 79139.50800772337], [287100.0, 79133.9382171542]]]}}, {"type": "Feature", "properties": {"uuid": "57fb2a3b-b153-4a76-884e-8cd02d73cbae", "layer": "buildings"}, "geometry": {"type": "Polygon", "coordinates": [[[287090.3950881415, 79119.3706188616], [287082.9086906457, 79124.45592484731], [287086.43948541745, 79129.68262205608], [287093.9258785144, 79124.59732599655], [287090.3950881415, 79119.3706188616]]]}}, {"type": "Feature", "properties": {"uuid": "60bce7a0-d5a9-44d8-9b6d-7306db3ab703", "layer": "buildings"}, "geometry": {"type": "Polygon", "coordinates": [[[287100.0, 79111.91187343225], [287098.14693574543, 79108.97681431132], [287090.2890502057, 79114.448891918], [287093.81984381954, 79119.67560398098], [287100.0, 79115.67378505097], [287100.0, 79111.91187343225]]]}}, {"type": "Feature", "properties": {"uuid": "57427f4c-fbaa-4f21-a71d-f5291cc6238a", "layer": "buildings"}, "geometry": {"type": "Polygon", "coordinates": [[[286941.74691780587, 79165.37620524806], [286941.47773528413, 79188.10799914494], [286950.96816811006, 79187.90326374673], [286951.2455586088, 79165.55006198664], [286941.74691780587, 79165.37620524806]]]}}, {"type": "Feature", "properties": {"uuid": "22481532-b346-4b7b-bf7a-156d4854b9f9", "layer": "buildings"}, "geometry": {"type": "Polygon", "coordinates": [[[286960.7521526038, 79130.87707112983], [286951.98424330493, 79146.97450170852], [286961.59724171064, 79152.44866891191], [286970.3651701545, 79136.35127181985], [286960.7521526038, 79130.87707112983]]]}}, {"type": "Feature", "properties": {"uuid": "aea4f610-3d73-48f9-829e-b21270760694", "layer": "buildings"}, "geometry": {"type": "Polygon", "coordinates": [[[286985.63593889924, 79263.28684794935], [286958.96536997356, 79294.54156969866], [286965.54122253286, 79300.08109084747], [286991.44441316865, 79268.46422451761], [286985.63593889924, 79263.28684794935]]]}}, {"type": "Feature", "properties": {"uuid": "ff9dcf00-3229-47dd-8a71-5242252cdcbb", "layer": "buildings"}, "geometry": {"type": "Polygon", "coordinates": [[[286961.5444819053, 79202.82572444272], [286957.4993666726, 79208.97320769564], [286976.82308927085, 79224.4644795993], [286981.2559938277, 79218.6874299382], [286961.5444819053, 79202.82572444272]]]}}, {"type": "Feature", "properties": {"uuid": "053f98ff-730c-4128-8b17-2b8c0b7aa2b5", "layer": "buildings"}, "geometry": {"type": "Polygon", "coordinates": [[[286981.0398803877, 79296.71674854119], [286971.7782799756, 79307.52170604045], [286999.00397281675, 79337.23501463872], [287003.800081771, 79330.6927609854], [287000.3264750567, 79328.11637617068], [286983.21552735916, 79309.54757209992], [286988.4157456116, 79304.13282666804], [286981.0398803877, 79296.71674854119]]]}}, {"type": "Feature", "properties": {"uuid": "2e72c932-01b7-4625-b366-0c31f65decef", "layer": "buildings"}, "geometry": {"type": "Polygon", "coordinates": [[[286973.37349927955, 79117.34789484987], [286964.42587904085, 79125.11628368392], [286977.6677838286, 79140.36023471292], [286986.62356031314, 79132.97048400217], [286973.37349927955, 79117.34789484987]]]}}, {"type": "Feature", "properties": {"uuid": "30fdd014-16e9-40d7-947f-2d539684cec5", "layer": "buildings"}, "geometry": {"type": "Polygon", "coordinates": [[[286974.7046937635, 79249.50845899011], [286970.2554923192, 79254.52831244483], [286974.5047170138, 79257.84550944885], [286978.9539194648, 79252.82566279426], [286974.7046937635, 79249.50845899011]]]}}, {"type": "Feature", "properties": {"uuid": "cf36a2f4-3845-4afd-a2fa-8892d804b3f9", "layer": "buildings"}, "geometry": {"type": "Polygon", "coordinates": [[[286970.8674189779, 79177.24735673136], [286968.34074279154, 79183.3621100277], [286997.04880914, 79193.72719291522], [286999.1958955548, 79187.62065203808], [286970.8674189779, 79177.24735673136]]]}}, {"type": "Feature", "properties": {"uuid": "0d95785c-d6c3-47d2-ba3b-b2da852507c3", "layer": "buildings"}, "geometry": {"type": "Polygon", "coordinates": [[[286979.0760856068, 79152.82922165681], [286968.9733307095, 79159.86493072935], [286975.6473170059, 79169.94770173205], [286973.4920844021, 79175.67568314404], [286981.5375483083, 79178.91106467228], [286983.32949886634, 79173.94845789584], [286990.0564954071, 79168.87942396017], [286979.0760856068, 79152.82922165681]]]}}, {"type": "Feature", "properties": {"uuid": "fe3f89bf-e01d-488d-b9a0-f8c97325d3a8", "layer": "buildings"}, "geometry": {"type": "Polygon", "coordinates": [[[286993.6282076765, 79281.6737032446], [286983.6236643761, 79293.25220474551], [286988.6565614842, 79297.68875847256], [286998.6774338498, 79286.86744099596], [286993.6282076765, 79281.6737032446]]]}}, {"type": "Feature", "properties": {"uuid": "e8ecbc3c-3573-47dc-8eff-12afd945c13b", "layer": "buildings"}, "geometry": {"type": "Polygon", "coordinates": [[[287005.44112222927, 79230.66507176231], [286983.6072459414, 79257.27043433444], [286993.6730984313, 79266.14360552307], [287001.44085907826, 79256.50710142989], [286993.709827238, 79250.23487721829], [286998.1427270727, 79244.45786991285], [287005.48598589725, 79250.3597079381], [287015.08656055725, 79237.65358591161], [287005.44112222927, 79230.66507176231]]]}}, {"type": "Feature", "properties": {"uuid": "549d7cdb-81a8-4c89-b41a-ce4f5f77fc33", "layer": "buildings"}, "geometry": {"type": "Polygon", "coordinates": [[[286994.2731314487, 79135.45691353054], [286987.19095903344, 79141.66993711074], [287004.33506996377, 79161.75372920246], [287011.40907137445, 79155.16216044061], [286994.2731314487, 79135.45691353054]]]}}, {"type": "Feature", "properties": {"uuid": "8d19379b-c59f-4e0f-82c6-e4ae31be3568", "layer": "buildings"}, "geometry": {"type": "Polygon", "coordinates": [[[287011.5313871606, 79196.06627662902], [286991.8688875019, 79217.70103271131], [286999.6162949983, 79224.730468203], [287019.27879815723, 79203.09577015546], [287011.5313871606, 79196.06627662902]]]}}, {"type": "Feature", "properties": {"uuid": "f7c1bd83-ce10-4fdf-a2a8-e5eb83d851ed", "layer": "buildings"}, "geometry": {"type": "Polygon", "coordinates": [[[287007.5962136072, 79295.38656185794], [287002.3714773433, 79299.66555230366], [287011.3473685918, 79310.83472224162], [287016.5721004023, 79306.55574965366], [287007.5962136072, 79295.38656185794]]]}}, {"type": "Feature", "properties": {"uuid": "47c49f45-bac8-4c83-90b4-b30099d443bd", "layer": "buildings"}, "geometry": {"type": "Polygon", "coordinates": [[[287009.4412438577, 79275.27258589587], [287005.7349280489, 79279.51884899207], [287009.60449924576, 79282.8442423878], [287013.6904263265, 79278.58980008427], [287009.4412438577, 79275.27258589587]]]}}, {"type": "Feature", "properties": {"uuid": "604b471e-af2f-48ab-b1de-584f974766da", "layer": "buildings"}, "geometry": {"type": "Polygon", "coordinates": [[[287014.4986221753, 79280.84492751857], [287006.7308758904, 79290.48136828645], [287013.29851829575, 79295.64237028232], [287020.6866581638, 79286.01413293148], [287014.4986221753, 79280.84492751857]]]}}, {"type": "Feature", "properties": {"uuid": "344d5bd6-3256-46e2-ba25-7a75f7ab86b6", "layer": "buildings"}, "geometry": {"type": "Polygon", "coordinates": [[[287013.78473714076, 79159.65615160993], [287006.7107391233, 79166.2477116684], [287014.10306806985, 79174.42119520262], [287021.18522543326, 79168.20824603722], [287013.78473714076, 79159.65615160993]]]}}, {"type": "Feature", "properties": {"uuid": "c8066310-5063-47b4-923c-00cacd057f3a", "layer": "buildings"}, "geometry": {"type": "Polygon", "coordinates": [[[287022.76444236527, 79259.07743180505], [287013.510851983, 79270.2609707198], [287019.31929017673, 79275.43837002007], [287028.9524947448, 79264.2466689132], [287022.76444236527, 79259.07743180505]]]}}, {"type": "Feature", "properties": {"uuid": "5bbcda18-e6b4-482a-a2e5-6c9486783197", "layer": "buildings"}, "geometry": {"type": "Polygon", "coordinates": [[[287018.38465699425, 79249.70284235917], [287016.1641162045, 79252.40204219279], [287020.817410344, 79256.84684595146], [287023.41756393755, 79254.13946646795], [287018.38465699425, 79249.70284235917]]]}}, {"type": "Feature", "properties": {"uuid": "8cb2601c-4fb3-4360-9e5d-a387c783b13d", "layer": "buildings"}, "geometry": {"type": "Polygon", "coordinates": [[[287020.4793253416, 79117.84724922045], [287014.54412652913, 79124.41429679847], [287022.6712569254, 79131.43571002886], [287028.2186742641, 79124.4982699664], [287020.4793253416, 79117.84724922045]]]}}, {"type": "Feature", "properties": {"uuid": "836c62c1-d31b-4f7a-af99-768e683c5a6a", "layer": "buildings"}, "geometry": {"type": "Polygon", "coordinates": [[[287024.311952261, 79172.30727199774], [287017.9727088013, 79177.746663586], [287035.8839793138, 79198.19263312459], [287041.85175856936, 79193.14005547899], [287024.311952261, 79172.30727199774]]]}}, {"type": "Feature", "properties": {"uuid": "1f343ee3-81a9-4923-add2-6b22d06d605d", "layer": "buildings"}, "geometry": {"type": "Polygon", "coordinates": [[[287028.3399689238, 79306.30204491978], [287024.2703762459, 79311.31361487185], [287037.42188291403, 79322.39278101976], [287041.4914788066, 79317.38123192263], [287028.3399689238, 79306.30204491978]]]}}, {"type": "Feature", "properties": {"uuid": "f0d0d5db-f6b1-4443-b0a8-e797ecbcd4c6", "layer": "buildings"}, "geometry": {"type": "Polygon", "coordinates": [[[287037.185759753, 79240.96478870013], [287026.4136558997, 79252.18107281366], [287034.1609660807, 79259.2105098659], [287044.93307094346, 79247.99425666803], [287037.185759753, 79240.96478870013]]]}}, {"type": "Feature", "properties": {"uuid": "41f12228-8b60-4473-8f63-c854cee2fe90", "layer": "buildings"}, "geometry": {"type": "Polygon", "coordinates": [[[287051.8065306747, 79284.9645443079], [287034.564808905, 79295.56265319872], [287038.4996352352, 79301.91670675398], [287055.74134314636, 79291.31862307902], [287051.8065306747, 79284.9645443079]]]}}, {"type": "Feature", "properties": {"uuid": "3a174991-10ef-438b-b682-b47bdbacd5ca", "layer": "buildings"}, "geometry": {"type": "Polygon", "coordinates": [[[287058.5995592884, 79212.47482288431], [287038.69211788377, 79222.75173777808], [287033.12847361667, 79228.93186813066], [287042.01464885985, 79235.93679924481], [287047.57013555465, 79229.37810028758], [287063.7303709648, 79221.45456169976], [287058.5995592884, 79212.47482288431]]]}}, {"type": "Feature", "properties": {"uuid": "ad8443a5-e8f2-4e25-9c82-b14978075518", "layer": "buildings"}, "geometry": {"type": "Polygon", "coordinates": [[[287041.6020878949, 79269.6553831296], [287039.01009385835, 79272.74132884864], [287044.042961272, 79277.17795193856], [287046.6349558923, 79274.09201132672], [287041.6020878949, 79269.6553831296]]]}}, {"type": "Feature", "properties": {"uuid": "d09b7e66-4190-4780-b7bb-b49b3ea6064e", "layer": "buildings"}, "geometry": {"type": "Polygon", "coordinates": [[[287045.8320575615, 79148.73859077727], [287038.3702255195, 79154.95971031138], [287064.53086492955, 79188.10608531852], [287073.1478471119, 79182.61768007622], [287045.8320575615, 79148.73859077727]]]}}, {"type": "Feature", "properties": {"uuid": "f14d08be-389f-4a90-8966-087fed2d92da", "layer": "buildings"}, "geometry": {"type": "Polygon", "coordinates": [[[287055.2603328867, 79233.7574975917], [287046.3617616218, 79243.7970906974], [287054.10089647124, 79250.44798302188], [287063.0076291965, 79240.78700134382], [287055.2603328867, 79233.7574975917]]]}}, {"type": "Feature", "properties": {"uuid": "f592cab9-d18d-441e-9113-d456d335a7df", "layer": "buildings"}, "geometry": {"type": "Polygon", "coordinates": [[[287063.80334321636, 79260.08664631966], [287060.1296100652, 79265.84721637951], [287065.5257590951, 79269.51851738265], [287069.1994953161, 79263.75795522748], [287063.80334321636, 79260.08664631966]]]}}, {"type": "Feature", "properties": {"uuid": "9cf0adc9-62a6-4d6e-9a62-b3bc14c3c69d", "layer": "buildings"}, "geometry": {"type": "Polygon", "coordinates": [[[287068.7949269858, 79297.85493445385], [287062.1251408654, 79305.57381356784], [287068.7008664902, 79311.11344794405], [287075.37065464404, 79303.39458538359], [287068.7949269858, 79297.85493445385]]]}}, {"type": "Feature", "properties": {"uuid": "62db5cd3-0b45-4647-be46-3d3de416e322", "layer": "buildings"}, "geometry": {"type": "Polygon", "coordinates": [[[287066.67275159445, 79269.87255833967], [287061.5132152754, 79277.1801721305], [287069.22780704626, 79282.69529488226], [287074.3873481318, 79275.3876965029], [287066.67275159445, 79269.87255833967]]]}}, {"type": "Feature", "properties": {"uuid": "159b0e1f-254b-4036-ba2e-289ecfe00d7f", "layer": "buildings"}, "geometry": {"type": "Polygon", "coordinates": [[[286825.19220763637, 79184.93650865916], [286818.79594246775, 79187.72600928153], [286821.9964065631, 79195.23220725518], [286816.4248021438, 79201.03401902819], [286816.6373942976, 79210.87731414824], [286796.26899122726, 79217.37749349882], [286797.49779540405, 79221.51735331412], [286819.7724374422, 79215.35477758932], [286820.89142726595, 79231.99620836854], [286829.23476533813, 79231.43726087574], [286828.59352666483, 79219.33067910097], [286830.943701537, 79187.46366694404], [286825.19220763637, 79184.93650865916]]]}}, {"type": "Feature", "properties": {"uuid": "88e8aecb-1955-44ee-b249-d6f203f65ec9", "layer": "buildings"}, "geometry": {"type": "Polygon", "coordinates": [[[286826.09736279154, 79279.60769704336], [286814.7417458898, 79281.36798727204], [286822.7194237983, 79334.22174397172], [286812.18037960527, 79338.61568093987], [286818.03801120934, 79346.06426461975], [286806.1523001453, 79358.44113096077], [286816.23463073804, 79368.07094893028], [286824.77748011885, 79359.17510894724], [286842.4763856063, 79369.77674181102], [286845.0355186987, 79365.17644285434], [286826.94882210856, 79354.20441234723], [286825.1162043626, 79357.27402390097], [286825.40587205713, 79353.10147248072], [286838.31245890073, 79352.82274500531], [286836.181982535, 79359.68632422091], [286844.5905160117, 79362.15602441248], [286847.0842582928, 79354.52710030446], [286840.1941362599, 79352.02460287511], [286840.030634852, 79344.4530421677], [286827.1240274746, 79344.73176511723], [286826.8869232755, 79333.75298296404], [286834.1076297258, 79333.9758010798], [286826.09736279154, 79279.60769704336]]]}}, {"type": "Feature", "properties": {"uuid": "ec2792a9-f88e-4631-a9bf-40f1b50e1709", "layer": "buildings"}, "geometry": {"type": "Polygon", "coordinates": [[[286821.28856651334, 79267.96999222753], [286806.9205653504, 79270.93164267673], [286807.7697388775, 79275.07966173725], [286822.12955270964, 79271.73943201656], [286821.28856651334, 79267.96999222753]]]}}, {"type": "Feature", "properties": {"uuid": "f74c6bdc-8a0a-4d60-bfdc-767f0ea3e073", "layer": "buildings"}, "geometry": {"type": "Polygon", "coordinates": [[[286819.5692048197, 79241.11506847307], [286806.34814801125, 79244.43072269668], [286808.838436264, 79254.22474002893], [286822.0594695263, 79250.90909739683], [286819.5692048197, 79241.11506847307]]]}}, {"type": "Feature", "properties": {"uuid": "5300805a-c3df-4503-9cb3-9925959995a7", "layer": "buildings"}, "geometry": {"type": "Polygon", "coordinates": [[[286830.4273045233, 79251.48590777974], [286821.7043855262, 79252.05305088114], [286823.194801011, 79268.3075836642], [286831.90951742884, 79267.36185998423], [286830.4273045233, 79251.48590777974]]]}}, {"type": "Feature", "properties": {"uuid": "3c6ea3bc-6e66-4343-83ad-1166a516fb87", "layer": "buildings"}, "geometry": {"type": "Polygon", "coordinates": [[[286840.280888548, 79250.51560257506], [286836.11332190543, 79250.98435791337], [286836.72184109694, 79261.5765304167], [286841.27718636056, 79261.47816337261], [286840.280888548, 79250.51560257506]]]}}, {"type": "Feature", "properties": {"uuid": "afb7273f-b618-48b8-a863-3ff90d7d610a", "layer": "buildings"}, "geometry": {"type": "Polygon", "coordinates": [[[286870.9813402702, 79282.80491136157], [286853.5692688108, 79320.67785437734], [286848.5853207498, 79318.51292762457], [286844.08368040924, 79338.68419619909], [286846.58203388646, 79348.85663037715], [286849.2392743301, 79348.79925347047], [286879.7614153994, 79284.88793025693], [286870.9813402702, 79282.80491136157]]]}}, {"type": "Feature", "properties": {"uuid": "8c5f6d9d-fbfc-4ccd-8f12-1d5e7e9bfa41", "layer": "buildings"}, "geometry": {"type": "Polygon", "coordinates": [[[286855.8950055769, 79287.67572216131], [286843.42509264126, 79290.59628290971], [286847.2094359833, 79307.55868154272], [286859.6793100614, 79304.63813779323], [286855.8950055769, 79287.67572216131]]]}}, {"type": "Feature", "properties": {"uuid": "2a71a639-950b-4b8c-a6b5-6f90607f5090", "layer": "buildings"}, "geometry": {"type": "Polygon", "coordinates": [[[286847.30911212263, 79224.22923163255], [286841.23527541297, 79224.36038095612], [286841.3987725312, 79231.932114055], [286847.0929862226, 79231.80916141561], [286847.30911212263, 79224.22923163255]]]}}, {"type": "Feature", "properties": {"uuid": "8875542d-cd74-45c8-b706-3f1db016ea20", "layer": "buildings"}, "geometry": {"type": "Polygon", "coordinates": [[[286843.91609279416, 79190.21367491601], [286842.31689635874, 79221.68568076313], [286853.72169391153, 79222.19695817967], [286855.329132135, 79191.1035506308], [286843.91609279416, 79190.21367491601]]]}}, {"type": "Feature", "properties": {"uuid": "ea37fe5b-c1d9-4994-bba8-53268834f077", "layer": "buildings"}, "geometry": {"type": "Polygon", "coordinates": [[[286850.12172598543, 79231.36500280531], [286850.3669526159, 79242.72258301728], [286880.75237362133, 79242.82412925136], [286880.89499902166, 79231.83694237139], [286850.12172598543, 79231.36500280531]]]}}, {"type": "Feature", "properties": {"uuid": "d61ad35f-7d55-4ac3-b72c-f58be4c9d69b", "layer": "buildings"}, "geometry": {"type": "Polygon", "coordinates": [[[286872.0993216735, 79264.22154674423], [286859.60482419765, 79266.00632800648], [286858.678503975, 79275.87408810167], [286885.6880906874, 79277.9423343139], [286890.3697200496, 79266.09972884483], [286872.0993216735, 79264.22154674423]]]}}, {"type": "Feature", "properties": {"uuid": "2c350504-8f24-40ab-81a4-11bc65ab3bbc", "layer": "buildings"}, "geometry": {"type": "Polygon", "coordinates": [[[286872.3502051644, 79170.28270154135], [286871.1341189196, 79184.32332082425], [286880.269458784, 79185.26242162441], [286881.17132586497, 79174.2587266512], [286893.3436271491, 79175.13230056645], [286894.0293248355, 79171.70859940117], [286872.3502051644, 79170.28270154135]]]}}, {"type": "Feature", "properties": {"uuid": "1e542d0c-37e4-424b-bf96-b27beccb25d7", "layer": "buildings"}, "geometry": {"type": "Polygon", "coordinates": [[[286876.4250396336, 79218.29795402891], [286876.4904181194, 79221.32665176119], [286885.61752088205, 79221.88716589924], [286885.55214766145, 79218.85846856417], [286876.4250396336, 79218.29795402891]]]}}, {"type": "Feature", "properties": {"uuid": "5871f2dd-77a6-46f9-a65b-b205d088a168", "layer": "buildings"}, "geometry": {"type": "Polygon", "coordinates": [[[286891.239611132, 79288.8065191544], [286883.61101890635, 79304.87901903474], [286894.75041510165, 79310.69869679137], [286899.1259602466, 79302.27159808401], [286906.03245636343, 79305.53135991647], [286911.16724279907, 79297.08787897846], [286891.239611132, 79288.8065191544]]]}}, {"type": "Feature", "properties": {"uuid": "9a888a87-1ff0-46be-88d9-98e0dc004d54", "layer": "buildings"}, "geometry": {"type": "Polygon", "coordinates": [[[286879.354193725, 79142.86020552751], [286877.90555882466, 79163.72373630351], [286884.3754276359, 79164.34161902155], [286885.8240879257, 79143.47809339661], [286879.354193725, 79142.86020552751]]]}}, {"type": "Feature", "properties": {"uuid": "52814394-3bbd-4847-8a2e-14d52a31305b", "layer": "buildings"}, "geometry": {"type": "Polygon", "coordinates": [[[286893.6057765001, 79222.47227543345], [286886.76526767097, 79257.46603544842], [286892.47579531505, 79258.1003006124], [286903.888059514, 79223.76541525556], [286893.6057765001, 79222.47227543345]]]}}, {"type": "Feature", "properties": {"uuid": "c85bcb85-7dac-4394-bdcf-fc91a844f506", "layer": "buildings"}, "geometry": {"type": "Polygon", "coordinates": [[[286895.7496519205, 79269.01369215586], [286891.78637840215, 79278.94698454763], [286913.2488261269, 79287.95276001206], [286917.58357368, 79277.63272738658], [286895.7496519205, 79269.01369215586]]]}}, {"type": "Feature", "properties": {"uuid": "d3a4b9ea-0fa5-4234-a369-164e79709ce0", "layer": "buildings"}, "geometry": {"type": "Polygon", "coordinates": [[[286889.59273559425, 79194.90909201416], [286888.9560726932, 79200.60431090702], [286893.52781236573, 79201.26316711475], [286894.54409692175, 79195.55975648845], [286889.59273559425, 79194.90909201416]]]}}, {"type": "Feature", "properties": {"uuid": "c6dfe31f-158b-4a27-b811-fec49fcc446b", "layer": "buildings"}, "geometry": {"type": "Polygon", "coordinates": [[[286903.35698733537, 79199.15720905826], [286896.9487729048, 79218.99125301788], [286905.3656674647, 79221.8397105411], [286912.1616955091, 79202.37608511376], [286903.35698733537, 79199.15720905826]]]}}, {"type": "Feature", "properties": {"uuid": "ce25760e-aa63-45e9-b80b-51fa3106ca8e", "layer": "buildings"}, "geometry": {"type": "Polygon", "coordinates": [[[286903.6353937889, 79247.25413613205], [286901.85171563714, 79252.59528965634], [286924.86537420354, 79263.08272657011], [286927.0368525254, 79258.1119857303], [286903.6353937889, 79247.25413613205]]]}}, {"type": "Feature", "properties": {"uuid": "6e40c3a2-2942-4a1c-848c-ce77fb954175", "layer": "buildings"}, "geometry": {"type": "Polygon", "coordinates": [[[286900.5884390204, 79141.26559462215], [286898.6702229847, 79157.97280927864], [286908.5730107213, 79159.27417143268], [286910.1116368779, 79142.57515760034], [286900.5884390204, 79141.26559462215]]]}}, {"type": "Feature", "properties": {"uuid": "48a2f283-704e-40c0-a1eb-99c257d1e339", "layer": "buildings"}, "geometry": {"type": "Polygon", "coordinates": [[[286910.2957338647, 79168.70618295259], [286902.1446038091, 79195.77448763265], [286913.6066342883, 79198.93602076371], [286918.52914314833, 79180.6490505111], [286921.7659862923, 79172.24634264733], [286910.2957338647, 79168.70618295259]]]}}, {"type": "Feature", "properties": {"uuid": "3481f6f6-832d-42db-99b4-8f0a3bd7c1c5", "layer": "buildings"}, "geometry": {"type": "Polygon", "coordinates": [[[286921.0044120047, 79295.36056772745], [286910.56325275934, 79304.29730928264], [286918.7474438028, 79313.96838077277], [286929.1804279632, 79304.6530906196], [286921.0044120047, 79295.36056772745]]]}}, {"type": "Feature", "properties": {"uuid": "f72f4753-fec4-4331-aaf7-bcea2aa16ba8", "layer": "buildings"}, "geometry": {"type": "Polygon", "coordinates": [[[286933.35098455386, 79216.31191354012], [286916.97468862066, 79231.81579100137], [286922.0240394701, 79237.00950854353], [286925.72215219366, 79232.3845645343], [286938.0125502211, 79221.13526503294], [286933.35098455386, 79216.31191354012]]]}}, {"type": "Feature", "properties": {"uuid": "4679f311-0e68-414a-b8b6-23fcc77e83eb", "layer": "buildings"}, "geometry": {"type": "Polygon", "coordinates": [[[286944.89140703087, 79311.131747067], [286929.6297004275, 79325.47500841622], [286935.85044516396, 79332.15838776543], [286951.1121480169, 79317.81516257639], [286944.89140703087, 79311.131747067]]]}}, {"type": "Feature", "properties": {"uuid": "38a8f11a-d2bc-48c1-8136-49901d967a7f", "layer": "buildings"}, "geometry": {"type": "Polygon", "coordinates": [[[286931.7676032452, 79248.5408877114], [286928.83689104713, 79253.52801674014], [286940.76823569875, 79260.84580641522], [286943.69895465346, 79255.85869122608], [286931.7676032452, 79248.5408877114]]]}}, {"type": "Feature", "properties": {"uuid": "989c3ff8-c504-4096-bb88-9c7c3c5b180a", "layer": "buildings"}, "geometry": {"type": "Polygon", "coordinates": [[[286940.30732587894, 79292.2927714308], [286936.60107674607, 79296.53907209839], [286954.8102261168, 79313.19030873614], [286964.05545011035, 79301.62816883609], [286958.25514973036, 79296.8294370702], [286952.6998456531, 79303.38815332588], [286940.30732587894, 79292.2927714308]]]}}, {"type": "Feature", "properties": {"uuid": "fff55ebe-d97e-482b-850c-eaa1de067a8b", "layer": "buildings"}, "geometry": {"type": "Polygon", "coordinates": [[[286941.93086059816, 79191.50711312107], [286933.66525443987, 79213.2750230385], [286940.9351225002, 79215.76952406322], [286948.82930427196, 79194.3884150291], [286941.93086059816, 79191.50711312107]]]}}, {"type": "Feature", "properties": {"uuid": "529e31f5-3bd3-4475-87e1-7ea7db526f57", "layer": "buildings"}, "geometry": {"type": "Polygon", "coordinates": [[[286945.5114300534, 79269.45495929231], [286938.1152319163, 79278.70475387695], [286947.3892354175, 79286.0798525757], [286954.7854385607, 79276.83008419888], [286945.5114300534, 79269.45495929231]]]}}, {"type": "Feature", "properties": {"uuid": "ab291943-fbbd-4157-8207-523a3e8f5960", "layer": "buildings"}, "geometry": {"type": "Polygon", "coordinates": [[[286949.43397617084, 79257.62877173547], [286942.7806419759, 79266.10503352337], [286946.26248556736, 79269.05999664735], [286953.2954333598, 79260.57555508919], [286949.43397617084, 79257.62877173547]]]}}, {"type": "Feature", "properties": {"uuid": "098c5c36-72ef-4bd3-abca-ac46900cdf0a", "layer": "buildings"}, "geometry": {"type": "Polygon", "coordinates": [[[287100.0, 79385.10268484445], [287097.0434268751, 79392.69219061773], [287100.0, 79393.8467263668], [287100.0, 79385.10268484445]]]}}, {"type": "Feature", "properties": {"uuid": "53d735a2-3949-4121-a5e0-073ad6a7330f", "layer": "buildings"}, "geometry": {"type": "Polygon", "coordinates": [[[287079.34948577156, 79364.66709166786], [287071.4512192397, 79368.24606536448], [287081.43894260505, 79391.13466791311], [287089.3371803982, 79387.55572376848], [287079.34948577156, 79364.66709166786]]]}}, {"type": "Feature", "properties": {"uuid": "7cdbe193-ac25-49c4-a629-27fcfbda5df7", "layer": "buildings"}, "geometry": {"type": "Polygon", "coordinates": [[[287100.0, 79338.54683818392], [287093.17085047765, 79336.34152890713], [287070.2596129101, 79348.19784139114], [287073.0392260194, 79353.81924174319], [287094.82793975354, 79342.74464609072], [287100.0, 79353.36300526785], [287100.0, 79338.54683818392]]]}}, {"type": "Feature", "properties": {"uuid": "9a16d3ec-f0f4-41d7-b709-4736c0707ba3", "layer": "buildings"}, "geometry": {"type": "Polygon", "coordinates": [[[287086.77523394435, 79303.90635399972], [287082.1339924843, 79317.64158494756], [287092.45681427553, 79320.82796137856], [287096.7266272677, 79307.47950806585], [287086.77523394435, 79303.90635399972]]]}}, {"type": "Feature", "properties": {"uuid": "e5f827a4-db62-486d-aae8-098822065f2b", "layer": "buildings"}, "geometry": {"type": "Polygon", "coordinates": [[[287100.0, 79306.74530934091], [287099.74718276225, 79306.65691830424], [287097.6000345734, 79312.763277872], [287100.0, 79313.50408995972], [287100.0, 79306.74530934091]]]}}, {"type": "Feature", "properties": {"uuid": "7d96bfe5-6e0f-4c61-b946-81c622a5c440", "layer": "buildings"}, "geometry": {"type": "Polygon", "coordinates": [[[286572.91664850066, 79426.35725810085], [286572.94123181707, 79427.49297609835], [286573.296248958, 79426.34904142839], [286572.91664850066, 79426.35725810085]]]}}, {"type": "Feature", "properties": {"uuid": "1cde53f3-ae54-40d8-8d29-d995ae45d2e1", "layer": "buildings"}, "geometry": {"type": "Polygon", "coordinates": [[[286591.60172101355, 79412.3178227683], [286585.32875419495, 79420.78610179716], [286585.61003291025, 79416.23500694204], [286575.35260696226, 79416.07826893826], [286574.84742799663, 79427.83046563293], [286585.1048310428, 79427.98720146652], [286585.3943024872, 79423.81468567826], [286593.88479618425, 79430.06968022388], [286601.24741279776, 79419.30534379923], [286591.60172101355, 79412.3178227683]]]}}, {"type": "Feature", "properties": {"uuid": "76667a4f-575f-4628-bdfd-5e882a7c1cf4", "layer": "buildings"}, "geometry": {"type": "Polygon", "coordinates": [[[286604.7375504983, 79422.63857083267], [286594.6767680153, 79431.5675393948], [286599.3548568722, 79437.1475416116], [286609.79523623094, 79428.21037732685], [286604.7375504983, 79422.63857083267]]]}}, {"type": "Feature", "properties": {"uuid": "ea32dfcb-87ff-49f2-8122-f8007959d29b", "layer": "buildings"}, "geometry": {"type": "Polygon", "coordinates": [[[286627.15321049956, 79405.48852138338], [286612.52895066247, 79414.13746358381], [286616.505172068, 79422.38393830953], [286632.63143959484, 79412.94502333013], [286627.15321049956, 79405.48852138338]]]}}, {"type": "Feature", "properties": {"uuid": "1b992cac-c54a-402a-b86b-0da42b5b95aa", "layer": "buildings"}, "geometry": {"type": "Polygon", "coordinates": [[[286818.3908308522, 79397.56704811746], [286806.3219006991, 79419.0377563856], [286802.84007138945, 79416.08297080066], [286786.8689276929, 79432.71421995186], [286798.8900433528, 79444.19571568494], [286818.13040741044, 79420.67644088689], [286825.09753253823, 79409.16346804527], [286827.632102162, 79403.42747156578], [286818.3908308522, 79397.56704811746]]]}}, {"type": "Feature", "properties": {"uuid": "950d218e-b7ec-4468-a0fc-8e16083b02a7", "layer": "buildings"}, "geometry": {"type": "Polygon", "coordinates": [[[286709.7283324765, 79430.59391006263], [286701.4917247778, 79436.07447496412], [286707.7617521704, 79445.0288774858], [286715.61875231704, 79439.55653780582], [286709.7283324765, 79430.59391006263]]]}}, {"type": "Feature", "properties": {"uuid": "772a53ee-2954-47c4-98e5-3c15b8097e3d", "layer": "buildings"}, "geometry": {"type": "Polygon", "coordinates": [[[286662.37135424605, 79418.36171816589], [286656.04096484726, 79424.1798902858], [286672.7649631245, 79442.37689082403], [286679.0953476498, 79436.55875881031], [286662.37135424605, 79418.36171816589]]]}}, {"type": "Feature", "properties": {"uuid": "6b781885-a852-464a-b435-0787a1a7dbb8", "layer": "buildings"}, "geometry": {"type": "Polygon", "coordinates": [[[286637.35045166593, 79420.41794387592], [286627.5954973435, 79425.93148576192], [286636.2906820308, 79441.65084118638], [286646.0456150866, 79436.13733115353], [286637.35045166593, 79420.41794387592]]]}}, {"type": "Feature", "properties": {"uuid": "df0436b0-7717-4688-9252-ebf4f8c36319", "layer": "buildings"}, "geometry": {"type": "Polygon", "coordinates": [[[286772.85159632756, 79416.73085923615], [286768.38636861416, 79420.9935910813], [286780.4648084254, 79435.12507610107], [286785.30145393056, 79430.47559235562], [286772.85159632756, 79416.73085923615]]]}}, {"type": "Feature", "properties": {"uuid": "f06b73b5-96b4-4d96-b04e-67abaed4d79b", "layer": "buildings"}, "geometry": {"type": "Polygon", "coordinates": [[[286726.2834323637, 79423.41853275578], [286721.4304629947, 79427.31093384087], [286727.28813263704, 79434.7592921507], [286732.1329161148, 79430.48832965331], [286726.2834323637, 79423.41853275578]]]}}, {"type": "Feature", "properties": {"uuid": "8bf02d9c-5af5-4d69-976c-9795acd2661a", "layer": "buildings"}, "geometry": {"type": "Polygon", "coordinates": [[[286776.04080030427, 79353.410332737], [286766.70608960855, 79360.80836089866], [286779.576592487, 79376.43790947486], [286771.7439723876, 79383.04593999078], [286769.7968744037, 79380.81549744829], [286763.8132045012, 79385.11107097278], [286771.230168446, 79394.41960054636], [286767.8464667726, 79396.0077212934], [286771.8306326596, 79404.63290774796], [286780.1082576194, 79401.04529688039], [286771.9042531806, 79408.04007317481], [286783.9745325671, 79421.7930289073], [286798.12947480625, 79408.98847744672], [286786.0673844822, 79395.61403077745], [286780.85110295424, 79400.27174494075], [286778.05483494175, 79393.89338881194], [286796.7160136542, 79378.71889381143], [286776.04080030427, 79353.410332737]]]}}, {"type": "Feature", "properties": {"uuid": "485570ab-4f54-43ff-b185-c30a98de9a8b", "layer": "buildings"}, "geometry": {"type": "Polygon", "coordinates": [[[286686.5214991411, 79393.59937257995], [286666.7873755637, 79411.82744955862], [286673.79213117855, 79419.62971700821], [286693.9140356233, 79401.77205957219], [286686.5214991411, 79393.59937257995]]]}}, {"type": "Feature", "properties": {"uuid": "c943c687-dab3-42c2-b5d6-0f03742465ec", "layer": "buildings"}, "geometry": {"type": "Polygon", "coordinates": [[[286637.287805459, 79399.96674666082], [286630.93284915556, 79404.64924702182], [286636.4110735713, 79412.1057539391], [286642.76602525165, 79407.42326667634], [286637.287805459, 79399.96674666082]]]}}, {"type": "Feature", "properties": {"uuid": "a1d70b8a-b8e3-40f5-bdb3-553cfeeb543f", "layer": "buildings"}, "geometry": {"type": "Polygon", "coordinates": [[[286688.4910923785, 79361.741523292], [286680.9890445167, 79366.0700416179], [286701.09373508557, 79400.10181677857], [286708.20796165767, 79395.4029860106], [286688.4910923785, 79361.741523292]]]}}, {"type": "Feature", "properties": {"uuid": "b3ac6a6c-abce-45e2-a0a8-726d97257eb8", "layer": "buildings"}, "geometry": {"type": "Polygon", "coordinates": [[[286804.0347936584, 79383.4845748138], [286799.94911533175, 79387.73910482228], [286804.2228809808, 79392.19180510851], [286808.30855905416, 79387.93728201344], [286804.0347936584, 79383.4845748138]]]}}, {"type": "Feature", "properties": {"uuid": "7c9d7d2d-0100-4268-85ca-aa88d619bfa2", "layer": "buildings"}, "geometry": {"type": "Polygon", "coordinates": [[[286652.64445000957, 79354.94167085865], [286598.43729094975, 79394.74731776703], [286602.3562024594, 79400.34379230562], [286656.95112386753, 79360.90859384468], [286652.64445000957, 79354.94167085865]]]}}, {"type": "Feature", "properties": {"uuid": "9ff00d3b-37ef-44c8-a15e-8f95c34262cf", "layer": "buildings"}, "geometry": {"type": "Polygon", "coordinates": [[[286658.1279345427, 79380.19958068768], [286643.92410430615, 79390.73313840659], [286649.40232358006, 79398.1896783991], [286663.60614355095, 79387.65615005439], [286658.1279345427, 79380.19958068768]]]}}, {"type": "Feature", "properties": {"uuid": "0a2823aa-6bff-41e7-b8da-314a07118442", "layer": "buildings"}, "geometry": {"type": "Polygon", "coordinates": [[[286730.193551317, 79340.76594436666], [286712.88715403265, 79348.3364031678], [286730.05306602, 79386.9769575306], [286740.9633700558, 79382.19610977039], [286734.98292423866, 79369.06901390653], [286741.37074188906, 79365.90092056183], [286730.193551317, 79340.76594436666]]]}}, {"type": "Feature", "properties": {"uuid": "e8a75fe2-bf57-44cb-bc24-e1887e62cb9e", "layer": "buildings"}, "geometry": {"type": "Polygon", "coordinates": [[[286668.17254717497, 79370.51350112047], [286661.4379239967, 79375.20419814796], [286666.91613313294, 79382.66077804624], [286673.6507511427, 79377.97009450503], [286668.17254717497, 79370.51350112047]]]}}, {"type": "Feature", "properties": {"uuid": "ef971c27-b208-45d8-ba22-e23c1f9812be", "layer": "buildings"}, "geometry": {"type": "Polygon", "coordinates": [[[286685.4572909705, 79344.38440069757], [286678.4903742624, 79355.89770814462], [286685.4215072998, 79360.29288107733], [286692.3884326926, 79348.77959275403], [286685.4572909705, 79344.38440069757]]]}}, {"type": "Feature", "properties": {"uuid": "cae32c29-2b6f-42c8-bf44-2784db380fea", "layer": "buildings"}, "geometry": {"type": "Polygon", "coordinates": [[[286795.47291975765, 79321.17504407506], [286786.84008633177, 79325.90662036612], [286800.6579142001, 79350.22722195336], [286809.65396999405, 79344.73033313139], [286795.47291975765, 79321.17504407506]]]}}, {"type": "Feature", "properties": {"uuid": "c7fe9b4d-4266-479e-9a1d-2967c1953dcc", "layer": "buildings"}, "geometry": {"type": "Polygon", "coordinates": [[[286677.36577183666, 79321.4552380149], [286649.0724118602, 79347.82258739488], [286654.5097238327, 79353.38630578038], [286682.8030790533, 79327.01901340493], [286677.36577183666, 79321.4552380149]]]}}, {"type": "Feature", "properties": {"uuid": "f444a5dd-1f89-4f0e-9701-f63a91be2a74", "layer": "buildings"}, "geometry": {"type": "Polygon", "coordinates": [[[286694.3550166157, 79334.3443560956], [286688.40409502666, 79340.15436907366], [286693.4535796626, 79345.34776454148], [286699.4045005365, 79339.53776299773], [286694.3550166157, 79334.3443560956]]]}}, {"type": "Feature", "properties": {"uuid": "6093fa00-633d-4982-ad3a-ab25947c8897", "layer": "buildings"}, "geometry": {"type": "Polygon", "coordinates": [[[286704.40796924825, 79325.0368471425], [286698.45702601894, 79330.84685818266], [286703.5065089769, 79336.04027244571], [286709.84524321504, 79330.60064559945], [286704.40796924825, 79325.0368471425]]]}}, {"type": "Feature", "properties": {"uuid": "4cae7ec2-c4aa-4386-8019-b52d4f6428a2", "layer": "buildings"}, "geometry": {"type": "Polygon", "coordinates": [[[286720.5428741508, 79315.97662513427], [286720.0455365522, 79328.10759827442], [286748.5406380014, 79328.62796932875], [286748.6584330392, 79316.50520629881], [286720.5428741508, 79315.97662513427]]]}}, {"type": "Feature", "properties": {"uuid": "37b3703b-f1e2-492e-abf5-c69ebf47932d", "layer": "buildings"}, "geometry": {"type": "Polygon", "coordinates": [[[286716.7795270223, 79317.57300703216], [286709.2446549053, 79320.38719756284], [286711.2409070007, 79324.8891244872], [286718.775773534, 79322.0749390276], [286716.7795270223, 79317.57300703216]]]}}, {"type": "Feature", "properties": {"uuid": "10ff14d7-a55f-44b9-b733-5142a28c0c13", "layer": "buildings"}, "geometry": {"type": "Polygon", "coordinates": [[[286708.1857316197, 79288.97315641586], [286678.0513071036, 79318.0315977796], [286684.2642051257, 79324.33612038172], [286714.3986252801, 79295.27774932963], [286708.1857316197, 79288.97315641586]]]}}, {"type": "Feature", "properties": {"uuid": "8a2ea730-f887-4a3d-9986-ecfe89f7c299", "layer": "buildings"}, "geometry": {"type": "Polygon", "coordinates": [[[286673.5890706604, 79304.87156837588], [286669.1401967814, 79309.89163647225], [286671.85476852045, 79312.4842360726], [286676.3036426247, 79307.464172757], [286673.5890706604, 79304.87156837588]]]}}, {"type": "Feature", "properties": {"uuid": "b89333ae-9aa7-47a0-b332-f6e79066e7c7", "layer": "buildings"}, "geometry": {"type": "Polygon", "coordinates": [[[286734.8320935889, 79291.80599211494], [286732.74263719434, 79300.56260486238], [286740.7553454462, 79302.28321376894], [286743.2326061989, 79293.89698534284], [286734.8320935889, 79291.80599211494]]]}}, {"type": "Feature", "properties": {"uuid": "2b3fe6c9-2991-4bf2-b4bc-93c2e5ac0f94", "layer": "buildings"}, "geometry": {"type": "Polygon", "coordinates": [[[286725.79828309035, 79277.98715063068], [286711.908175895, 79285.4838473192], [286716.25575449824, 79293.34380795018], [286730.14584627934, 79285.8471334003], [286725.79828309035, 79277.98715063068]]]}}, {"type": "Feature", "properties": {"uuid": "8af6126f-765d-4940-ae2b-71ccc082a381", "layer": "buildings"}, "geometry": {"type": "Polygon", "coordinates": [[[286746.37091508263, 79280.95134343466], [286744.27325270214, 79289.32938639497], [286750.38792325044, 79291.09103519161], [286752.47741317004, 79282.33441495511], [286746.37091508263, 79280.95134343466]]]}}, {"type": "Feature", "properties": {"uuid": "39b071cb-ef40-43df-a412-3ccb9db3f9da", "layer": "buildings"}, "geometry": {"type": "Polygon", "coordinates": [[[286768.0514254464, 79229.72879147646], [286748.10367171245, 79238.11386764672], [286764.1308179971, 79276.77995573997], [286782.52391246706, 79284.33650069998], [286790.05069389637, 79281.14381653382], [286768.0514254464, 79229.72879147646]]]}}, {"type": "Feature", "properties": {"uuid": "69b39c4d-23c8-4be2-9f8a-901ded5fb62a", "layer": "buildings"}, "geometry": {"type": "Polygon", "coordinates": [[[286740.2430975491, 79261.00947108772], [286724.1161717942, 79270.44830332274], [286727.6799720417, 79277.18895720283], [286744.18649441435, 79267.74194331982], [286740.2430975491, 79261.00947108772]]]}}, {"type": "Feature", "properties": {"uuid": "5dde6e93-7b83-4535-a4fa-56f6d9a14743", "layer": "buildings"}, "geometry": {"type": "Polygon", "coordinates": [[[286711.02932368097, 79262.39846010623], [286705.83752338967, 79268.19211591373], [286709.3276891355, 79271.52550915806], [286714.899101656, 79265.72365422788], [286711.02932368097, 79262.39846010623]]]}}, {"type": "Feature", "properties": {"uuid": "f0bc2697-7113-4133-a9aa-a56ad716ddd9", "layer": "buildings"}, "geometry": {"type": "Polygon", "coordinates": [[[286804.07046775194, 79244.47992078195], [286785.1879463638, 79249.43296749576], [286787.25776615855, 79257.34224508962], [286806.1484379288, 79252.76779722422], [286804.07046775194, 79244.47992078195]]]}}, {"type": "Feature", "properties": {"uuid": "6d84c42e-76c8-498d-8321-9760cb439a81", "layer": "buildings"}, "geometry": {"type": "Polygon", "coordinates": [[[286876.0703696428, 79412.98658291958], [286865.5641384391, 79418.8946432585], [286871.17277325585, 79432.40851719226], [286878.9490626225, 79458.37421597185], [286882.9493434914, 79467.75651541192], [286897.59092671995, 79495.08884054684], [286916.02012284857, 79521.960573085], [286922.77110720036, 79518.02746611345], [286888.720545845, 79453.61832335618], [286902.62677629915, 79446.8794682363], [286899.84702309646, 79441.25825244785], [286886.69180609717, 79447.60216280672], [286882.3200908179, 79438.60659018354], [286895.8712678307, 79433.01160918103], [286892.3731572956, 79429.29962990474], [286886.60561255075, 79426.01538598424], [286876.0703696428, 79412.98658291958]]]}}, {"type": "Feature", "properties": {"uuid": "f977d088-05ca-4260-aa43-731dc4e18b8d", "layer": "buildings"}, "geometry": {"type": "Polygon", "coordinates": [[[286835.910878946, 79435.06364023167], [286827.61692138977, 79437.89399736506], [286809.58423242794, 79446.9946853669], [286814.3520202354, 79456.73912870212], [286809.2864077668, 79450.78859337751], [286789.55209682847, 79469.0160036617], [286796.20152936596, 79477.96224804063], [286804.4626965781, 79473.61758378567], [286813.88847960276, 79505.60726488192], [286822.18232222204, 79502.77691824044], [286810.7604731312, 79466.2853708064], [286816.35631004046, 79461.619544096], [286819.12796755217, 79466.86212729383], [286824.77286875236, 79464.46772899944], [286825.51222204184, 79481.1165713474], [286832.33677838696, 79480.59043496102], [286831.1769701227, 79462.05693975333], [286827.38917023805, 79462.51749130219], [286824.19703938323, 79455.39024669773], [286835.9073518885, 79452.48611225342], [286836.103563465, 79461.57179777388], [286842.1291629841, 79494.3925120061], [286831.25989070087, 79501.06588866259], [286838.3378579848, 79512.27532799434], [286851.0805638253, 79504.42529582322], [286845.1822747002, 79495.08406973293], [286849.7128934627, 79493.85000448208], [286837.8824546456, 79438.42979744173], [286835.910878946, 79435.06364023167]]]}}, {"type": "Feature", "properties": {"uuid": "69e843c7-d49d-451c-ab75-de9328a4d45b", "layer": "buildings"}, "geometry": {"type": "Polygon", "coordinates": [[[286831.39421006583, 79489.70066616038], [286826.45946728834, 79489.80724306902], [286826.639343779, 79498.13573000196], [286831.2026595946, 79498.4159184813], [286831.39421006583, 79489.70066616038]]]}}, {"type": "Feature", "properties": {"uuid": "4cde898a-5fd6-484f-a8ad-1c21f935a952", "layer": "buildings"}, "geometry": {"type": "Polygon", "coordinates": [[[286929.1828430921, 79480.77225788176], [286924.72571871534, 79485.41337051446], [286932.0932423026, 79492.45053010402], [286936.5503667658, 79487.80942993655], [286929.1828430921, 79480.77225788176]]]}}, {"type": "Feature", "properties": {"uuid": "44779325-4712-4abb-8670-eaee993a7ca9", "layer": "buildings"}, "geometry": {"type": "Polygon", "coordinates": [[[286987.87328583724, 79472.68875284385], [286976.5997009726, 79478.23432878693], [286980.18753473985, 79486.11057600635], [286991.84070198983, 79480.5568291359], [286987.87328583724, 79472.68875284385]]]}}, {"type": "Feature", "properties": {"uuid": "a7f2f290-2a5c-4dd7-ba9a-5741246de129", "layer": "buildings"}, "geometry": {"type": "Polygon", "coordinates": [[[286852.9402295388, 79449.84582064135], [286844.62993771234, 79451.9190023306], [286852.51260055695, 79482.8059604975], [286861.2024419189, 79480.72460587922], [286852.9402295388, 79449.84582064135]]]}}, {"type": "Feature", "properties": {"uuid": "40ad4701-96de-472c-8581-d679fa183c25", "layer": "buildings"}, "geometry": {"type": "Polygon", "coordinates": [[[286918.63147486816, 79466.98637351123], [286909.2395887025, 79471.73400591212], [286912.4234230893, 79478.48270704062], [286921.82346893783, 79474.11365500375], [286918.63147486816, 79466.98637351123]]]}}, {"type": "Feature", "properties": {"uuid": "0d3bb0a0-d186-44a2-a251-0ca404676b7d", "layer": "buildings"}, "geometry": {"type": "Polygon", "coordinates": [[[286987.1099544201, 79454.90416902292], [286960.4116622197, 79467.22116020066], [286963.99136134284, 79474.71884512837], [286990.68962251063, 79462.40188858358], [286987.1099544201, 79454.90416902292]]]}}, {"type": "Feature", "properties": {"uuid": "7c44fe6d-5401-4645-8051-10be751eb11d", "layer": "buildings"}, "geometry": {"type": "Polygon", "coordinates": [[[286860.3314657375, 79422.7951108935], [286839.2945740173, 79433.47557494917], [286842.2133724479, 79445.53248120504], [286850.4991504001, 79442.32357982395], [286852.1401610782, 79447.96935960432], [286857.45454146754, 79447.85461130596], [286857.687009891, 79441.03213520523], [286855.0379903291, 79441.46807985561], [286853.38063261256, 79435.06514872817], [286857.9031314873, 79433.45250657285], [286869.6307516844, 79466.52905457985], [286874.02698585176, 79476.66027545108], [286881.1902859217, 79474.23316324601], [286865.51147103176, 79434.04573448142], [286863.0213626125, 79424.25203084372], [286860.3314657375, 79422.7951108935]]]}}, {"type": "Feature", "properties": {"uuid": "edac3513-ad68-485d-9674-9e7d3bcf605b", "layer": "buildings"}, "geometry": {"type": "Polygon", "coordinates": [[[286938.198996774, 79458.61047767615], [286925.8029757341, 79464.93788853046], [286930.1500887805, 79472.79774213443], [286942.15833079047, 79466.09997102688], [286938.198996774, 79458.61047767615]]]}}, {"type": "Feature", "properties": {"uuid": "ef7afe46-7fa5-4c66-8765-1e914d37e05b", "layer": "buildings"}, "geometry": {"type": "Polygon", "coordinates": [[[286955.8604205411, 79449.89701777344], [286946.17871682317, 79458.8170578091], [286951.23599473113, 79464.3891407458], [286960.91769608465, 79455.4691193942], [286955.8604205411, 79449.89701777344]]]}}, {"type": "Feature", "properties": {"uuid": "82a29a21-9f42-4565-bf68-dcc544225725", "layer": "buildings"}, "geometry": {"type": "Polygon", "coordinates": [[[286970.42794932134, 79438.59910834066], [286957.99101073854, 79443.03360877067], [286961.2401289592, 79452.81093862615], [286974.0648104918, 79448.74683637687], [286970.42794932134, 79438.59910834066]]]}}, {"type": "Feature", "properties": {"uuid": "b7aa8559-0149-4142-821e-7f90caeea5f9", "layer": "buildings"}, "geometry": {"type": "Polygon", "coordinates": [[[286949.6682436484, 79426.92699775982], [286942.5865275941, 79433.13975449372], [286951.9255963704, 79443.54320471434], [286958.64404250635, 79438.09580446294], [286956.67254577414, 79434.72960447168], [286949.6682436484, 79426.92699775982]]]}}, {"type": "Feature", "properties": {"uuid": "f4771be3-bc9a-4a60-9c6a-1dbb0e7ed3a0", "layer": "buildings"}, "geometry": {"type": "Polygon", "coordinates": [[[286927.03494580986, 79416.43161429814], [286918.0715780828, 79423.44251771219], [286929.0271367384, 79438.35604151466], [286937.6353968851, 79432.48908229318], [286927.03494580986, 79416.43161429814]]]}}, {"type": "Feature", "properties": {"uuid": "2471daed-8131-4d9a-8824-92cc904cb94d", "layer": "buildings"}, "geometry": {"type": "Polygon", "coordinates": [[[286899.1279868977, 79407.94387318831], [286887.58915038453, 79418.79792357757], [286893.0343011409, 79424.74037492005], [286904.96090644057, 79414.2567292433], [286899.1279868977, 79407.94387318831]]]}}, {"type": "Feature", "properties": {"uuid": "1e81d713-37ac-4518-be91-915cf1993746", "layer": "buildings"}, "geometry": {"type": "Polygon", "coordinates": [[[286945.3985269757, 79405.05165591804], [286929.68398274697, 79415.99570458799], [286934.3862229617, 79422.71172736346], [286950.1007558708, 79411.76770632449], [286945.3985269757, 79405.05165591804]]]}}, {"type": "Feature", "properties": {"uuid": "dab6484e-cbaa-48fd-bd1d-cfbf0a850d6c", "layer": "buildings"}, "geometry": {"type": "Polygon", "coordinates": [[[286961.06018984434, 79409.25878542825], [286957.7009448511, 79411.98249774516], [286961.223517915, 79416.83025056493], [286964.58276146115, 79414.10654295798], [286961.06018984434, 79409.25878542825]]]}}, {"type": "Feature", "properties": {"uuid": "7ba7a86d-ff63-463a-93ba-b0e167ee3271", "layer": "buildings"}, "geometry": {"type": "Polygon", "coordinates": [[[286920.4297903531, 79356.73141094591], [286875.33934780385, 79396.71609849765], [286881.5600828565, 79403.399322741], [286899.80922659044, 79386.71912497102], [286927.83016930585, 79365.28304990826], [286920.4297903531, 79356.73141094591]]]}}, {"type": "Feature", "properties": {"uuid": "ebd38cf7-3187-4d5e-b6d4-ea6c4f808ac1", "layer": "buildings"}, "geometry": {"type": "Polygon", "coordinates": [[[286910.7278430107, 79382.31721094291], [286901.78894814034, 79390.46391114718], [286910.7240612317, 79399.73984807951], [286919.66295309993, 79391.59317734011], [286910.7278430107, 79382.31721094291]]]}}, {"type": "Feature", "properties": {"uuid": "4d8e5f3c-271f-4b43-a94b-bdbcbbea9450", "layer": "buildings"}, "geometry": {"type": "Polygon", "coordinates": [[[286814.6391557414, 79382.11926125447], [286809.8269710117, 79387.90448379997], [286829.1014540292, 79401.12323386801], [286833.42776153405, 79390.42476870204], [286824.59060660854, 79385.69184778738], [286822.37022256624, 79388.39106571456], [286814.6391557414, 79382.11926125447]]]}}, {"type": "Feature", "properties": {"uuid": "2c39af3c-11ee-4c55-b1ad-d88befbc6532", "layer": "buildings"}, "geometry": {"type": "Polygon", "coordinates": [[[286893.0284088362, 79336.49127975546], [286871.8158170342, 79356.64441098127], [286876.0895439606, 79361.09719472768], [286864.81582456466, 79366.64312363032], [286872.3388752759, 79380.87330883252], [286866.33060611325, 79384.03303619436], [286863.15483201004, 79377.66281396037], [286860.0444396915, 79374.32119568501], [286852.3869676675, 79371.45650819837], [286848.060605049, 79382.15499422711], [286861.05702918465, 79386.04065139874], [286866.3387793292, 79384.41161162112], [286869.8778024991, 79390.01648222984], [286911.2784176081, 79355.03512689387], [286893.0284088362, 79336.49127975546]]]}}, {"type": "Feature", "properties": {"uuid": "d2e34a28-fd14-43a7-8c4b-fd8ef54dfd25", "layer": "buildings"}, "geometry": {"type": "Polygon", "coordinates": [[[286925.3934993509, 79375.5619486222], [286918.3199088004, 79382.15337264197], [286922.98134701984, 79386.9765544169], [286930.05493647716, 79380.38514268113], [286925.3934993509, 79375.5619486222]]]}}, {"type": "Feature", "properties": {"uuid": "af0b2f48-0faf-4093-84bf-02ff2cdd62ef", "layer": "buildings"}, "geometry": {"type": "Polygon", "coordinates": [[[286951.2023076238, 79357.20372472939], [286945.9695112136, 79361.10414807434], [286953.7657792907, 79370.40477786263], [286958.61896730924, 79366.51255773433], [286951.2023076238, 79357.20372472939]]]}}, {"type": "Feature", "properties": {"uuid": "abe82301-6d1b-4bbc-b0cf-14c3547939ce", "layer": "buildings"}, "geometry": {"type": "Polygon", "coordinates": [[[286864.251865941, 79340.5212674161], [286853.0971310092, 79369.16865682311], [286860.76277950604, 79372.41192298717], [286870.81142120087, 79345.30346680607], [286864.251865941, 79340.5212674161]]]}}, {"type": "Feature", "properties": {"uuid": "a272acba-8fa6-48e3-9765-5ee581b0b638", "layer": "buildings"}, "geometry": {"type": "Polygon", "coordinates": [[[286940.4181771645, 79350.24006101437], [286935.19354946364, 79354.51907779113], [286939.49989406625, 79360.48622148117], [286944.732686535, 79356.58579108474], [286940.4181771645, 79350.24006101437]]]}}, {"type": "Feature", "properties": {"uuid": "ef2be3a8-5cd1-41df-b181-7c78e89be088", "layer": "buildings"}, "geometry": {"type": "Polygon", "coordinates": [[[286967.3372982735, 79312.92008912374], [286958.41452995315, 79321.82395228569], [286966.17000137013, 79329.23177508754], [286949.0265974484, 79344.37302818525], [286956.40244500595, 79351.78899358318], [286982.1134985234, 79328.88789823066], [286967.3372982735, 79312.92008912374]]]}}, {"type": "Feature", "properties": {"uuid": "491f1f44-7ba8-4f40-8f40-549e16e92174", "layer": "buildings"}, "geometry": {"type": "Polygon", "coordinates": [[[286921.97219976404, 79322.61019170447], [286903.36766319606, 79340.43443283674], [286914.6376771042, 79352.31135592336], [286932.49116187514, 79334.88215469793], [286921.97219976404, 79322.61019170447]]]}}, {"type": "Feature", "properties": {"uuid": "3028a91d-9723-4eea-8f76-9035e8426d0c", "layer": "buildings"}, "geometry": {"type": "Polygon", "coordinates": [[[286879.974684672, 79329.95544889782], [286869.5827008938, 79341.16369005587], [286873.4441452856, 79344.11036743125], [286883.4728679288, 79333.66749248788], [286879.974684672, 79329.95544889782]]]}}, {"type": "Feature", "properties": {"uuid": "8c776aea-ae99-437a-8173-3ae509543f05", "layer": "buildings"}, "geometry": {"type": "Polygon", "coordinates": [[[286902.0691937475, 79315.46457611196], [286895.3669842358, 79321.66933163142], [286906.6370556155, 79333.54628187534], [286913.3310924908, 79326.96297516784], [286902.0691937475, 79315.46457611196]]]}}, {"type": "Feature", "properties": {"uuid": "38b659d1-4581-4d4c-8a6c-43d13f1784c3", "layer": "buildings"}, "geometry": {"type": "Polygon", "coordinates": [[[286818.0333152151, 79328.26285965252], [286813.5107355431, 79329.87556547445], [286815.52324712987, 79335.1346786528], [286820.0376462644, 79333.14339690778], [286818.0333152151, 79328.26285965252]]]}}, {"type": "Feature", "properties": {"uuid": "3f7d8833-8328-4949-95bd-a84db733c5b6", "layer": "buildings"}, "geometry": {"type": "Polygon", "coordinates": [[[286873.26801191305, 79318.35878553969], [286868.5701254763, 79329.4441334221], [286873.94183400145, 79331.979458357], [286879.01933691173, 79320.88592650139], [286873.26801191305, 79318.35878553969]]]}}, {"type": "Feature", "properties": {"uuid": "73a2ccf8-d6f6-4b33-95f5-0fa7554e2388", "layer": "buildings"}, "geometry": {"type": "Polygon", "coordinates": [[[287100.0, 79526.05064484962], [287094.00418470026, 79533.65091377147], [287100.0, 79538.41932457352], [287100.0, 79526.05064484962]]]}}, {"type": "Feature", "properties": {"uuid": "b82f94a9-3efa-40ee-aafc-e8d50cfc2761", "layer": "buildings"}, "geometry": {"type": "Polygon", "coordinates": [[[287087.72732905054, 79489.09462840573], [287073.6535155682, 79505.68385312016], [287080.2289854784, 79511.22328243466], [287094.2946467396, 79494.25552570343], [287087.72732905054, 79489.09462840573]]]}}, {"type": "Feature", "properties": {"uuid": "dfd3d441-0aad-4f41-8601-be5443d11b26", "layer": "buildings"}, "geometry": {"type": "Polygon", "coordinates": [[[287100.0, 79480.67127528413], [287094.28271264664, 79476.07608554512], [287087.2580025434, 79484.93856195093], [287094.6008300616, 79490.84024000037], [287100.0, 79484.02858766615], [287100.0, 79480.67127528413]]]}}, {"type": "Feature", "properties": {"uuid": "ed1e81f6-9294-455f-a263-faffffbe4862", "layer": "buildings"}, "geometry": {"type": "Polygon", "coordinates": [[[287086.47869383416, 79466.3968786159], [287081.9969493184, 79469.90215784221], [287085.882649129, 79473.98461826454], [287089.98479581805, 79470.48752433265], [287086.47869383416, 79466.3968786159]]]}}, {"type": "Feature", "properties": {"uuid": "e02f0a35-5f75-4b2a-9c39-ff2b125a42f7", "layer": "buildings"}, "geometry": {"type": "Polygon", "coordinates": [[[287084.56058691035, 79447.87966896789], [287080.2338266542, 79458.57779392632], [287094.7890441986, 79464.32408813448], [287099.1158285255, 79453.6259877178], [287084.56058691035, 79447.87966896789]]]}}, {"type": "Feature", "properties": {"uuid": "1802649d-0826-430b-b2ab-7456418f93fc", "layer": "buildings"}, "geometry": {"type": "Polygon", "coordinates": [[[287085.2713945843, 79410.36832507292], [287079.98961087584, 79411.99713503465], [287072.38511853764, 79429.20468713992], [287081.20564758964, 79433.18083218881], [287090.63475197076, 79412.52525298818], [287085.2713945843, 79410.36832507292]]]}}, {"type": "Feature", "properties": {"uuid": "53f38ea8-b370-4ebf-b6b0-b96b8a156f08", "layer": "buildings"}, "geometry": {"type": "Polygon", "coordinates": [[[287100.0, 79416.14544355738], [287099.10831885086, 79418.02391160469], [287100.0, 79418.43076179727], [287100.0, 79416.14544355738]]]}}, {"type": "Feature", "properties": {"uuid": "37ddb068-1492-46d7-8fb4-41b6d62d9699", "layer": "buildings"}, "geometry": {"type": "Polygon", "coordinates": [[[286574.9242804255, 79519.1067554534], [286575.05539068824, 79525.1638087201], [286577.67976702715, 79523.59203027812], [286574.9242804255, 79519.1067554534]]]}}, {"type": "Feature", "properties": {"uuid": "201d979a-3edf-46f3-9ac0-9e905e950e86", "layer": "buildings"}, "geometry": {"type": "Polygon", "coordinates": [[[286588.1253811391, 79550.0], [286587.95886995643, 79542.30666439739], [286578.4690687767, 79542.51206597104], [286578.6311478928, 79550.0], [286588.1253811391, 79550.0]]]}}, {"type": "Feature", "properties": {"uuid": "d8e45abf-1c44-4db6-8950-e82967128f4b", "layer": "buildings"}, "geometry": {"type": "Polygon", "coordinates": [[[286597.32577936107, 79536.42281135515], [286590.18726237986, 79539.98598387316], [286595.3267850643, 79549.34328883572], [286602.0775080801, 79545.40977986279], [286597.32577936107, 79536.42281135515]]]}}, {"type": "Feature", "properties": {"uuid": "f58c6ea8-e8dd-40be-a33f-6a8c7ac64d8c", "layer": "buildings"}, "geometry": {"type": "Polygon", "coordinates": [[[286605.8516019587, 79526.76974470253], [286600.6847637197, 79533.6989230109], [286609.5710413517, 79540.70271977654], [286614.7378837735, 79533.77355958513], [286605.8516019587, 79526.76974470253]]]}}, {"type": "Feature", "properties": {"uuid": "e93d7b81-2eb4-4a09-8f71-2625c597eff4", "layer": "buildings"}, "geometry": {"type": "Polygon", "coordinates": [[[286593.6008258278, 79504.68899519715], [286586.08267273364, 79508.26040854491], [286590.8508312964, 79518.00454872209], [286598.3689731891, 79514.43314841168], [286593.6008258278, 79504.68899519715]]]}}, {"type": "Feature", "properties": {"uuid": "8c1d1da1-309c-4812-8a0f-dd272d295e96", "layer": "buildings"}, "geometry": {"type": "Polygon", "coordinates": [[[286611.5073139777, 79507.33144350373], [286605.09516757994, 79509.36391901405], [286607.54476688453, 79517.2645278798], [286613.9650959308, 79515.61062435864], [286611.5073139777, 79507.33144350373]]]}}, {"type": "Feature", "properties": {"uuid": "8b6e9156-ca38-41e5-b696-e8e01f425694", "layer": "buildings"}, "geometry": {"type": "Polygon", "coordinates": [[[286581.614831248, 79477.29999814642], [286574.0884513661, 79480.49287726541], [286574.3178948326, 79491.0927935589], [286585.2278489044, 79486.31170346728], [286581.614831248, 79477.29999814642]]]}}, {"type": "Feature", "properties": {"uuid": "636708af-7765-4092-85c8-83b52aae3b9d", "layer": "buildings"}, "geometry": {"type": "Polygon", "coordinates": [[[286600.1003774435, 79471.59747239223], [286591.0801707961, 79475.95889673181], [286597.0936414189, 79490.59984387842], [286606.509807332, 79486.98736360433], [286600.1003774435, 79471.59747239223]]]}}, {"type": "Feature", "properties": {"uuid": "eedda3c4-4ef6-4b0e-8765-03ad10632bc1", "layer": "buildings"}, "geometry": {"type": "Polygon", "coordinates": [[[286593.04641712806, 79461.5239581766], [286583.32435925154, 79468.55182278462], [286588.01062241435, 79474.51034427475], [286597.7326749237, 79467.48249610837], [286593.04641712806, 79461.5239581766]]]}}, {"type": "Feature", "properties": {"uuid": "448f6bae-7e15-41dd-8cc2-693ad40327d7", "layer": "buildings"}, "geometry": {"type": "Polygon", "coordinates": [[[286625.2876664657, 79459.6900492165], [286617.4062126887, 79464.02679797588], [286620.5822419679, 79470.39677616919], [286628.4636884398, 79466.06003716183], [286625.2876664657, 79459.6900492165]]]}}, {"type": "Feature", "properties": {"uuid": "32afd762-ca94-4613-9d14-3aeb5094d8bc", "layer": "buildings"}, "geometry": {"type": "Polygon", "coordinates": [[[286585.65379921504, 79453.3515031322], [286578.9521310683, 79459.55652040071], [286583.6220195808, 79464.75790878956], [286590.3318793838, 79458.93147392283], [286585.65379921504, 79453.3515031322]]]}}, {"type": "Feature", "properties": {"uuid": "a1bc0ca7-6cd3-4a65-affd-c12235fcdb48", "layer": "buildings"}, "geometry": {"type": "Polygon", "coordinates": [[[286620.9400776354, 79451.83041171488], [286613.4218303411, 79455.40181826183], [286616.58967805683, 79461.39323468175], [286624.107918612, 79457.82183649548], [286620.9400776354, 79451.83041171488]]]}}, {"type": "Feature", "properties": {"uuid": "bb3e9aab-6222-42e1-b262-ab9c3a6bc7de", "layer": "buildings"}, "geometry": {"type": "Polygon", "coordinates": [[[286573.506647628, 79453.61442254885], [286573.6295639898, 79459.29298073848], [286576.2375851163, 79456.96404218025], [286573.506647628, 79453.61442254885]]]}}, {"type": "Feature", "properties": {"uuid": "e87ce7f3-3aee-4975-8c0d-b89c4f1d4b68", "layer": "buildings"}, "geometry": {"type": "Polygon", "coordinates": [[[286615.8168950901, 79443.23004993002], [286607.9272314783, 79447.18825466686], [286611.8706704673, 79453.92039108629], [286619.3725367243, 79449.59183942672], [286615.8168950901, 79443.23004993002]]]}}, {"type": "Feature", "properties": {"uuid": "79d23010-5be8-4487-814d-759c3a315ab2", "layer": "buildings"}, "geometry": {"type": "Polygon", "coordinates": [[[286612.19571214035, 79433.83967870258], [286601.68160903006, 79439.36968435213], [286605.23727058823, 79445.73146964016], [286615.7513641993, 79440.20147745352], [286612.19571214035, 79433.83967870258]]]}}, {"type": "Feature", "properties": {"uuid": "bf8676ca-01ad-48e1-bb10-2f4ce16dd7e9", "layer": "buildings"}, "geometry": {"type": "Polygon", "coordinates": [[[286992.2366265454, 79481.30577942939], [286991.37542499445, 79494.20164602657], [287010.38783222437, 79495.30662623773], [287011.25724295387, 79482.78933534698], [286992.2366265454, 79481.30577942939]]]}}, {"type": "Feature", "properties": {"uuid": "40f842b6-9ab8-4057-ac4f-8c8f91c569a6", "layer": "buildings"}, "geometry": {"type": "Polygon", "coordinates": [[[287014.7919125788, 79550.0], [287004.9306508405, 79541.63078474446], [286998.6245418679, 79548.58409007979], [287000.16628946544, 79550.0], [287014.7919125788, 79550.0]]]}}, {"type": "Feature", "properties": {"uuid": "886d6dd0-3281-4b73-bebc-be172b59215a", "layer": "buildings"}, "geometry": {"type": "Polygon", "coordinates": [[[287025.1023980619, 79455.5999133487], [287004.6775835364, 79459.44901887063], [287006.8041403497, 79470.0080378693], [287038.1964261737, 79464.02877966128], [287036.0699309835, 79453.46973816567], [287025.1023980619, 79455.5999133487]]]}}, {"type": "Feature", "properties": {"uuid": "886d6dd0-3281-4b73-bebc-be172b59215a", "layer": "buildings"}, "geometry": {"type": "Polygon", "coordinates": [[[287025.1023980619, 79455.5999133487], [287034.9516466976, 79436.82898613834], [287004.21636199753, 79420.44799153553], [286994.36718832795, 79439.21903753295], [287025.1023980619, 79455.5999133487]]]}}, {"type": "Feature", "properties": {"uuid": "9c563dba-e57e-4b77-ade4-6e71e3a28bb1", "layer": "buildings"}, "geometry": {"type": "Polygon", "coordinates": [[[287001.5224599006, 79506.86008309567], [286999.4326611021, 79515.61621991196], [287013.17965650925, 79519.10720218238], [287015.2694764414, 79510.35107740722], [287001.5224599006, 79506.86008309567]]]}}, {"type": "Feature", "properties": {"uuid": "03472ab5-4e2f-46dd-8820-a5395640888c", "layer": "buildings"}, "geometry": {"type": "Polygon", "coordinates": [[[287006.05729262705, 79347.3092895158], [286998.65294192464, 79356.18028516867], [287005.2286759473, 79361.7197870457], [287012.6330292739, 79352.84881009674], [287006.05729262705, 79347.3092895158]]]}}, {"type": "Feature", "properties": {"uuid": "966b8509-0170-4f86-bbe3-aeb22220d56d", "layer": "buildings"}, "geometry": {"type": "Polygon", "coordinates": [[[287031.7227768438, 79480.83311127732], [287014.0450169978, 79488.78912858653], [287019.2246273473, 79500.03974895139], [287036.9023559047, 79492.08376496594], [287031.7227768438, 79480.83311127732]]]}}, {"type": "Feature", "properties": {"uuid": "f56520cb-33f3-4e59-bb19-6f7aecd1337d", "layer": "buildings"}, "geometry": {"type": "Polygon", "coordinates": [[[287016.80466500303, 79334.9574208966], [287009.77172165515, 79343.44165768757], [287015.9678533224, 79348.98937153918], [287023.38040482224, 79340.49696805779], [287016.80466500303, 79334.9574208966]]]}}, {"type": "Feature", "properties": {"uuid": "4abef0c0-2763-4288-9216-59b515b52512", "layer": "buildings"}, "geometry": {"type": "Polygon", "coordinates": [[[287019.9924480642, 79359.50769527073], [287014.8167427394, 79366.0580832586], [287024.8823383731, 79374.93112198423], [287030.43765092007, 79368.3725715458], [287019.9924480642, 79359.50769527073]]]}}, {"type": "Feature", "properties": {"uuid": "12ab8ade-0038-471e-9147-4ef87184ae91", "layer": "buildings"}, "geometry": {"type": "Polygon", "coordinates": [[[287034.56347652135, 79506.90515977654], [287021.29400606797, 79507.94872698624], [287022.3143815742, 79520.04646869004], [287035.58382146637, 79519.00290535975], [287034.56347652135, 79506.90515977654]]]}}, {"type": "Feature", "properties": {"uuid": "e19746e9-396c-49f6-885f-3652d896fefd", "layer": "buildings"}, "geometry": {"type": "Polygon", "coordinates": [[[287019.5150343317, 79319.74877209199], [287014.01681884204, 79328.95744848243], [287020.56808292744, 79333.36126220212], [287026.44591214485, 79324.14441683854], [287019.5150343317, 79319.74877209199]]]}}, {"type": "Feature", "properties": {"uuid": "e9bf7d73-9f42-44f5-9fab-1ba298ea58d2", "layer": "buildings"}, "geometry": {"type": "Polygon", "coordinates": [[[287033.0134933575, 79329.30540836515], [287027.0866896112, 79336.25076543912], [287034.4297897643, 79342.15253551476], [287039.9769894197, 79335.21537737868], [287033.0134933575, 79329.30540836515]]]}}, {"type": "Feature", "properties": {"uuid": "81ee4f11-3f66-433f-b6a8-21f67d8f0dd6", "layer": "buildings"}, "geometry": {"type": "Polygon", "coordinates": [[[287050.3894148801, 79550.0], [287052.52648870455, 79547.42195460128], [287044.02043206315, 79540.40925587452], [287036.9877333561, 79548.89313425889], [287038.3303105571, 79550.0], [287050.3894148801, 79550.0]]]}}, {"type": "Feature", "properties": {"uuid": "4629f56f-af08-4a40-9b13-f5d4e77147d5", "layer": "buildings"}, "geometry": {"type": "Polygon", "coordinates": [[[287043.40048800537, 79476.4151816435], [287040.20446197165, 79486.71016977401], [287049.3800372523, 79489.54232963981], [287052.1964830322, 79479.25553524727], [287043.40048800537, 79476.4151816435]]]}}, {"type": "Feature", "properties": {"uuid": "160c8cfb-e106-4910-a355-af20c11362d0", "layer": "buildings"}, "geometry": {"type": "Polygon", "coordinates": [[[287041.61782345886, 79340.86132483068], [287036.07062793453, 79347.79847394832], [287043.4137018491, 79353.70024272823], [287048.9609002778, 79346.76310925288], [287041.61782345886, 79340.86132483068]]]}}, {"type": "Feature", "properties": {"uuid": "69750a50-1b9a-4334-b81e-a67383b60ca3", "layer": "buildings"}, "geometry": {"type": "Polygon", "coordinates": [[[287052.2702474893, 79447.43932892397], [287043.265972091, 79452.55712183882], [287048.01699335553, 79461.54461201138], [287057.3926956244, 79456.0400838553], [287052.2702474893, 79447.43932892397]]]}}, {"type": "Feature", "properties": {"uuid": "d8fee534-8023-47fd-9be2-a9b4dd4deb19", "layer": "buildings"}, "geometry": {"type": "Polygon", "coordinates": [[[287054.0053924875, 79404.60339351612], [287050.43785623513, 79415.28526806331], [287043.7927330848, 79424.13972234802], [287050.00505519705, 79430.44453069151], [287058.1196248825, 79419.28593272061], [287062.7851819432, 79406.68666050787], [287054.0053924875, 79404.60339351612]]]}}, {"type": "Feature", "properties": {"uuid": "e535aad3-583d-4588-a145-75411a65243a", "layer": "buildings"}, "geometry": {"type": "Polygon", "coordinates": [[[287069.9554775523, 79510.30845567002], [287048.88168243563, 79536.895805604], [287056.6122356452, 79543.16775281797], [287078.0656358595, 79516.57228578412], [287069.9554775523, 79510.30845567002]]]}}, {"type": "Feature", "properties": {"uuid": "db8aa446-7537-4e27-b900-453600c69d3e", "layer": "buildings"}, "geometry": {"type": "Polygon", "coordinates": [[[287048.19744647155, 79364.20221150329], [287042.63394733507, 79370.38217114951], [287049.2667357536, 79378.57174104435], [287053.654525564, 79388.3246964491], [287055.021802893, 79398.90023855102], [287063.38120452216, 79399.0988205531], [287062.86289895914, 79392.6712372303], [287059.548665024, 79379.86513512008], [287052.8587765239, 79369.02552129468], [287048.19744647155, 79364.20221150329]]]}}, {"type": "Feature", "properties": {"uuid": "fe564c63-55e6-4a0b-a15e-9099d52283cb", "layer": "buildings"}, "geometry": {"type": "Polygon", "coordinates": [[[287059.14770911116, 79466.98587807963], [287050.7965750888, 79467.16587855227], [287050.9842548042, 79475.87296475988], [287059.706811976, 79475.30621419102], [287059.14770911116, 79466.98587807963]]]}}, {"type": "Feature", "properties": {"uuid": "9a0528df-b5b8-46f7-8da7-2e5a61a410e8", "layer": "buildings"}, "geometry": {"type": "Polygon", "coordinates": [[[287055.29607324814, 79323.52253093384], [287046.7772669816, 79333.55377640299], [287053.34481584816, 79338.71478302666], [287061.48401853716, 79328.69173938216], [287055.29607324814, 79323.52253093384]]]}}, {"type": "Feature", "properties": {"uuid": "d4be84bf-b8f5-450a-85f2-64c600a223b3", "layer": "buildings"}, "geometry": {"type": "Polygon", "coordinates": [[[287058.27818047896, 79479.50319431012], [287054.3963748055, 79493.2216378737], [287063.1841762567, 79495.68343243076], [287067.0660026089, 79481.96500252266], [287058.27818047896, 79479.50319431012]]]}}, {"type": "Feature", "properties": {"uuid": "f508069f-cb01-4164-ab40-29996a33a3e5", "layer": "buildings"}, "geometry": {"type": "Polygon", "coordinates": [[[287061.22558482236, 79440.05012033449], [287058.31118461734, 79445.79413720881], [287069.06232358876, 79451.24362295165], [287068.00511655136, 79455.0538681389], [287073.73171772703, 79456.44543828722], [287075.1358937256, 79451.11273361833], [287068.2541750657, 79448.9885617138], [287070.4420208282, 79444.7751991828], [287061.22558482236, 79440.05012033449]]]}}, {"type": "Feature", "properties": {"uuid": "92a8b7b9-84a4-451a-bf0a-e1d3781aec7f", "layer": "buildings"}, "geometry": {"type": "Polygon", "coordinates": [[[287087.3349825663, 79550.0], [287084.81621328375, 79547.86226572693], [287083.0768020643, 79550.0], [287087.3349825663, 79550.0]]]}}, {"type": "Feature", "properties": {"uuid": "703996ce-83df-4821-88cf-0f8ae500f27f", "layer": "buildings"}, "geometry": {"type": "Polygon", "coordinates": [[[287073.12322041846, 79481.07697389898], [287067.85782953457, 79483.46291319511], [287070.24146627565, 79488.3352110367], [287075.51501141494, 79486.32784408872], [287073.12322041846, 79481.07697389898]]]}}, {"type": "Feature", "properties": {"uuid": "a947eba4-15ce-4c80-b057-08d3bbb107c5", "layer": "buildings"}, "geometry": {"type": "Polygon", "coordinates": [[[287074.61475381383, 79356.43656139151], [287065.96542697324, 79360.41048621095], [287068.36543447105, 79366.04005196402], [287077.01475355506, 79362.06613506697], [287074.61475381383, 79356.43656139151]]]}}, {"type": "Feature", "properties": {"uuid": "98abc0df-67eb-4f52-a94f-fbdb8cb221da", "layer": "buildings"}, "geometry": {"type": "Polygon", "coordinates": [[[287079.274508481, 79466.93086447133], [287070.9968016631, 79470.5179551467], [287075.3844797758, 79480.27075458254], [287083.6540160925, 79476.305108434], [287079.274508481, 79466.93086447133]]]}}, {"type": "Feature", "properties": {"uuid": "6eef1a91-5a7e-44f8-9e3d-4e4003629605", "layer": "buildings"}, "geometry": {"type": "Polygon", "coordinates": [[[286691.761072613, 79550.0], [286704.3544921678, 79533.3501344265], [286690.8477294247, 79523.41614453576], [286669.4695688526, 79550.0], [286691.761072613, 79550.0]]]}}, {"type": "Feature", "properties": {"uuid": "d3f1740c-15e6-4e75-ab50-98bfbf13b9d3", "layer": "buildings"}, "geometry": {"type": "Polygon", "coordinates": [[[286764.1009861119, 79550.0], [286769.7998445074, 79539.13161639823], [286760.19550790545, 79534.03678459479], [286751.6985681464, 79550.0], [286764.1009861119, 79550.0]]]}}, {"type": "Feature", "properties": {"uuid": "593f8580-ef4a-40c2-b07b-3031149a5a2f", "layer": "buildings"}, "geometry": {"type": "Polygon", "coordinates": [[[286632.56010645477, 79550.0], [286628.68988796615, 79546.72763851291], [286637.58715145604, 79536.68786628995], [286633.70113562676, 79532.60577534887], [286621.0816720947, 79546.13477146719], [286625.6588052595, 79550.0], [286632.56010645477, 79550.0]]]}}, {"type": "Feature", "properties": {"uuid": "edcf5191-5a4e-48e5-8413-66e41a501fea", "layer": "buildings"}, "geometry": {"type": "Polygon", "coordinates": [[[286726.7017488788, 79550.0], [286726.73911806324, 79549.9095510485], [286716.7797169679, 79545.95870606872], [286715.1100562794, 79550.0], [286726.7017488788, 79550.0]]]}}, {"type": "Feature", "properties": {"uuid": "e854bb3f-d986-4955-a87b-6f65241eea73", "layer": "buildings"}, "geometry": {"type": "Polygon", "coordinates": [[[286652.9504409568, 79550.0], [286644.17125308694, 79542.60529627372], [286640.0940180863, 79547.23839556519], [286643.4698050654, 79550.0], [286652.9504409568, 79550.0]]]}}, {"type": "Feature", "properties": {"uuid": "5c82f029-a3e0-4ae8-a64b-8aef735716be", "layer": "buildings"}, "geometry": {"type": "Polygon", "coordinates": [[[286772.53391630884, 79525.05909517643], [286767.34232066415, 79530.8524087556], [286780.88163108524, 79542.30083244893], [286785.69363714603, 79536.51574634996], [286772.53391630884, 79525.05909517643]]]}}, {"type": "Feature", "properties": {"uuid": "2d016a98-f143-43ca-88f1-f6aa0955b3f9", "layer": "buildings"}, "geometry": {"type": "Polygon", "coordinates": [[[286784.3455459188, 79509.27542926883], [286779.09666387906, 79512.41878392894], [286795.6529992904, 79540.46672793487], [286801.2814541721, 79537.31520558885], [286784.3455459188, 79509.27542926883]]]}}, {"type": "Feature", "properties": {"uuid": "0b4f763e-7d90-4a80-bb8a-8c55545f1267", "layer": "buildings"}, "geometry": {"type": "Polygon", "coordinates": [[[286769.08327191387, 79488.39553945509], [286752.2632733606, 79500.878845536], [286741.0227103136, 79507.93917597039], [286724.30104297434, 79524.96531800643], [286730.4890980495, 79530.1339421499], [286718.98673874734, 79525.08020236687], [286714.99126863224, 79533.4989060789], [286729.9508596564, 79540.37160055971], [286733.5749380317, 79532.33968997642], [286748.5754154664, 79541.10525994131], [286753.05688509124, 79537.59973310505], [286736.4725724262, 79525.83844172183], [286739.4274918939, 79521.98714765368], [286747.6312712819, 79514.99246363115], [286761.64024942514, 79530.59688769685], [286771.6765678013, 79520.53271301193], [286763.12917320494, 79511.62758700142], [286778.0593658262, 79499.56391734508], [286769.08327191387, 79488.39553945509]]]}}, {"type": "Feature", "properties": {"uuid": "e22d7e16-39e5-4ce5-b910-89a6cf4ab4e7", "layer": "buildings"}, "geometry": {"type": "Polygon", "coordinates": [[[286648.3660365433, 79525.84990337718], [286642.42357831856, 79532.03833241799], [286652.9018684131, 79542.41643556193], [286658.8525147205, 79536.6065952876], [286648.3660365433, 79525.84990337718]]]}}, {"type": "Feature", "properties": {"uuid": "7fcb6301-2a28-4809-9773-8f11e2d74ec9", "layer": "buildings"}, "geometry": {"type": "Polygon", "coordinates": [[[286811.5584110771, 79520.8073096892], [286805.64029447216, 79528.13124832098], [286812.5874472882, 79533.2835632693], [286818.12597424386, 79525.96783878864], [286811.5584110771, 79520.8073096892]]]}}, {"type": "Feature", "properties": {"uuid": "f723df29-0492-4cc3-ab8c-2504cdaedda6", "layer": "buildings"}, "geometry": {"type": "Polygon", "coordinates": [[[286710.27556656906, 79508.60383912877], [286701.3617484239, 79517.88640286704], [286693.20200643543, 79509.35174098736], [286688.3655146545, 79514.0012456791], [286704.2808265671, 79529.94304932599], [286717.6433571366, 79515.64067598406], [286710.27556656906, 79508.60383912877]]]}}, {"type": "Feature", "properties": {"uuid": "2019654f-7068-4aff-aeb1-0fc5a829bca9", "layer": "buildings"}, "geometry": {"type": "Polygon", "coordinates": [[[286674.61825919885, 79510.51110246134], [286658.2027056555, 79524.12215590395], [286664.8113621083, 79531.17532094577], [286680.4922821519, 79518.71642214156], [286674.61825919885, 79510.51110246134]]]}}, {"type": "Feature", "properties": {"uuid": "b031a2c7-4403-491d-862a-b59e2a3a6a01", "layer": "buildings"}, "geometry": {"type": "Polygon", "coordinates": [[[286726.71584947273, 79496.12861788817], [286714.78159319266, 79506.23395867765], [286720.2432267609, 79512.93326882285], [286732.55707215925, 79502.8197478829], [286726.71584947273, 79496.12861788817]]]}}, {"type": "Feature", "properties": {"uuid": "cb4d12d8-d373-4065-be6a-c679aa65895a", "layer": "buildings"}, "geometry": {"type": "Polygon", "coordinates": [[[286644.89814358036, 79488.4292671784], [286623.2092181788, 79504.04828764003], [286614.1480927781, 79506.51681256693], [286616.64682775235, 79516.68882702323], [286625.70793643774, 79514.22031057527], [286650.7804265489, 79497.01315806751], [286644.89814358036, 79488.4292671784]]]}}, {"type": "Feature", "properties": {"uuid": "7816df05-0f38-4885-83a4-56ad7b745f24", "layer": "buildings"}, "geometry": {"type": "Polygon", "coordinates": [[[286732.8743824729, 79482.36067710092], [286723.91956146504, 79489.75040591374], [286731.3119078404, 79497.92298968905], [286739.8871288022, 79490.54148945952], [286732.8743824729, 79482.36067710092]]]}}, {"type": "Feature", "properties": {"uuid": "2d0a0f33-8cc7-442f-9360-b04914196c53", "layer": "buildings"}, "geometry": {"type": "Polygon", "coordinates": [[[286788.1236767899, 79473.21307003495], [286775.7769380986, 79481.81223714034], [286782.8305129765, 79491.88594453374], [286795.16905986983, 79482.90824159372], [286788.1236767899, 79473.21307003495]]]}}, {"type": "Feature", "properties": {"uuid": "6367affc-9064-4318-89a2-180edb86f247", "layer": "buildings"}, "geometry": {"type": "Polygon", "coordinates": [[[286673.40058479086, 79489.32775141211], [286668.9109359339, 79492.45481090643], [286671.2621961078, 79495.81266221887], [286675.75184334774, 79492.68560667054], [286673.40058479086, 79489.32775141211]]]}}, {"type": "Feature", "properties": {"uuid": "12f29a9a-3e8b-4eaf-afe9-f6aba1bfb364", "layer": "buildings"}, "geometry": {"type": "Polygon", "coordinates": [[[286730.9418384525, 79445.6640185162], [286717.1749377429, 79458.83903561218], [286723.02439639205, 79465.90877392693], [286731.9547091114, 79457.38330080966], [286746.35984374513, 79473.7367947163], [286736.6703448313, 79482.27862679979], [286745.2423780738, 79492.31946608724], [286767.6090869181, 79472.89883443652], [286760.9759600481, 79464.70975527467], [286752.85714625544, 79458.0677667954], [286746.13893046987, 79463.51541845262], [286730.9418384525, 79445.6640185162]], [[286754.18411238614, 79466.75026422783], [286757.6904811315, 79470.8406970306], [286750.6008623963, 79476.67510251331], [286747.09449168673, 79472.58467891027], [286754.18411238614, 79466.75026422783]]]}}, {"type": "Feature", "properties": {"uuid": "dc9632ff-8e5c-40a4-b49c-fa64acb203a6", "layer": "buildings"}, "geometry": {"type": "Polygon", "coordinates": [[[286716.9558930899, 79483.84102379653], [286713.6050025935, 79486.9434283539], [286716.72361127485, 79490.66345745663], [286720.44591310446, 79487.17428279921], [286716.9558930899, 79483.84102379653]]]}}, {"type": "Feature", "properties": {"uuid": "2e66b72d-2983-47d0-9d94-944ce2ed3306", "layer": "buildings"}, "geometry": {"type": "Polygon", "coordinates": [[[286662.11391311395, 79476.69450757842], [286649.7591895623, 79484.91540475804], [286654.86589990306, 79492.75859260262], [286667.2206121092, 79484.53771928436], [286662.11391311395, 79476.69450757842]]]}}, {"type": "Feature", "properties": {"uuid": "d4a2a434-08d0-4508-a046-eef28ef5ccf8", "layer": "buildings"}, "geometry": {"type": "Polygon", "coordinates": [[[286687.4710975917, 79437.51388268967], [286685.0594920451, 79448.92848352235], [286662.7175345252, 79469.48527115086], [286671.273358822, 79478.76888224002], [286685.4115057303, 79465.2070100735], [286683.07661489357, 79462.60627281503], [286690.892633897, 79455.24106032171], [286686.61881816055, 79450.78850388259], [286695.00272934104, 79452.12220706462], [286697.0020133533, 79439.20153973554], [286687.4710975917, 79437.51388268967]]]}}, {"type": "Feature", "properties": {"uuid": "9ee91ea3-7d91-421d-a276-a117c5968b30", "layer": "buildings"}, "geometry": {"type": "Polygon", "coordinates": [[[286629.2720259904, 79468.31503010806], [286621.3905823483, 79472.65176614586], [286624.95438919775, 79479.3920918461], [286632.83582526696, 79475.05536643756], [286629.2720259904, 79468.31503010806]]]}}, {"type": "Feature", "properties": {"uuid": "109d9f77-7558-4e0f-ba01-062f740fd0f4", "layer": "buildings"}, "geometry": {"type": "Polygon", "coordinates": [[[286774.80020988616, 79454.1848652841], [286764.739212355, 79463.11344624523], [286771.3559747825, 79470.54539390036], [286781.41696840496, 79461.6168380864], [286774.80020988616, 79454.1848652841]]]}}, {"type": "Feature", "properties": {"uuid": "1e23ef6a-a5ac-426b-aad9-87e5aab5ab40", "layer": "buildings"}, "geometry": {"type": "Polygon", "coordinates": [[[286651.4717393944, 79458.74485216281], [286639.4638270709, 79465.44331039069], [286643.8113770746, 79473.302941551], [286655.8192762404, 79466.60450279311], [286651.4717393944, 79458.74485216281]]]}}, {"type": "Feature", "properties": {"uuid": "d0b98156-d996-418b-9e8c-5b87555eec0d", "layer": "buildings"}, "geometry": {"type": "Polygon", "coordinates": [[[286788.9223249719, 79439.86607788244], [286780.3633115553, 79448.00470532718], [286787.35966754233, 79455.4284926311], [286795.9186788702, 79447.2898879984], [286788.9223249719, 79439.86607788244]]]}}, {"type": "Feature", "properties": {"uuid": "03c1e92d-55b3-4a83-bf12-4e9f366b8ed2", "layer": "buildings"}, "geometry": {"type": "Polygon", "coordinates": [[[286756.5009466325, 79433.37040448483], [286752.02756481664, 79437.25456606562], [286768.37976145826, 79455.83858677789], [286772.8531385317, 79451.95445267163], [286756.5009466325, 79433.37040448483]]]}}, {"type": "Feature", "properties": {"uuid": "4d6bf47d-2e76-4ef3-9589-c915a7a7b419", "layer": "buildings"}, "geometry": {"type": "Polygon", "coordinates": [[[286746.3090268483, 79436.24190984023], [286740.71322162537, 79440.90783493017], [286753.16311110154, 79454.65242983014], [286758.7507307632, 79449.60795919888], [286746.3090268483, 79436.24190984023]]]}}, {"type": "Feature", "properties": {"uuid": "df78d5c7-4b09-4642-b6a0-bc7f7155f9c7", "layer": "buildings"}, "geometry": {"type": "Polygon", "coordinates": [[[286647.21717045817, 79437.6269845673], [286637.4622390761, 79443.1404909204], [286646.5369650185, 79458.85159792905], [286656.2918755225, 79453.33812414136], [286647.21717045817, 79437.6269845673]]]}}, {"type": "Feature", "properties": {"uuid": "090bbd1c-cb4f-427a-b975-07a18159eda7", "layer": "buildings"}, "geometry": {"type": "Polygon", "coordinates": [[[286874.6205189156, 79550.0], [286873.92250329576, 79542.18504762862], [286863.3102814087, 79543.17164711971], [286863.9201899349, 79550.0], [286874.6205189156, 79550.0]]]}}, {"type": "Feature", "properties": {"uuid": "4b8f0b9a-b02b-412d-b192-a3e3bad1b828", "layer": "buildings"}, "geometry": {"type": "Polygon", "coordinates": [[[286824.10529427044, 79550.0], [286808.6327241039, 79543.59499800939], [286806.0426773694, 79550.0], [286824.10529427044, 79550.0]]]}}, {"type": "Feature", "properties": {"uuid": "2fe0bb68-5163-46ce-a7d4-88edc3fb3752", "layer": "buildings"}, "geometry": {"type": "Polygon", "coordinates": [[[286977.9435976066, 79550.0], [286967.8368281234, 79547.35442884936], [286967.1266422603, 79549.64218652248], [286942.16734345834, 79536.92474630682], [286938.88170527865, 79543.05548474708], [286952.0795038758, 79550.0], [286977.9435976066, 79550.0]]]}}, {"type": "Feature", "properties": {"uuid": "1af0b013-0195-4be4-bcf7-31bd16389275", "layer": "buildings"}, "geometry": {"type": "Polygon", "coordinates": [[[286923.5771055808, 79550.0], [286930.1347604098, 79542.48674148406], [286924.31017824425, 79536.55258150928], [286915.7511260042, 79544.69083720204], [286921.6372902865, 79550.0], [286923.5771055808, 79550.0]]]}}, {"type": "Feature", "properties": {"uuid": "7e9d46e8-f2d6-4f2d-83c0-a3272ecb6bec", "layer": "buildings"}, "geometry": {"type": "Polygon", "coordinates": [[[286894.404115689, 79540.98542825392], [286888.7837842919, 79544.51541057817], [286892.31450969353, 79549.74155802865], [286897.9348376049, 79546.2115828628], [286894.404115689, 79540.98542825392]]]}}, {"type": "Feature", "properties": {"uuid": "80751664-3e8e-45ee-83f0-9ab885e9c687", "layer": "buildings"}, "geometry": {"type": "Polygon", "coordinates": [[[286913.87328282185, 79528.06676957075], [286904.59590061306, 79538.11426302465], [286911.9633808022, 79545.15132239158], [286921.24076371593, 79535.1038554174], [286913.87328282185, 79528.06676957075]]]}}, {"type": "Feature", "properties": {"uuid": "bae5a83e-361b-4a85-8a41-3068019cf2a3", "layer": "buildings"}, "geometry": {"type": "Polygon", "coordinates": [[[286957.8570408992, 79524.84527807892], [286952.861258436, 79539.72394914736], [286958.59596983984, 79541.49393316772], [286963.599932842, 79526.9938381647], [286957.8570408992, 79524.84527807892]]]}}, {"type": "Feature", "properties": {"uuid": "eb8779f4-0a75-4303-addb-383049040428", "layer": "buildings"}, "geometry": {"type": "Polygon", "coordinates": [[[286838.7629771101, 79531.96073684297], [286835.53468328994, 79540.74150023732], [286847.4083041219, 79545.40871431568], [286851.0243810531, 79536.99833440225], [286838.7629771101, 79531.96073684297]]]}}, {"type": "Feature", "properties": {"uuid": "24f48b7f-e60f-4b62-bac5-9b9b887bc7e4", "layer": "buildings"}, "geometry": {"type": "Polygon", "coordinates": [[[286878.89354473806, 79526.17060467144], [286876.6405051556, 79527.3554685821], [286882.5387028384, 79536.69666957267], [286884.7917395746, 79535.51181019636], [286878.89354473806, 79526.17060467144]]]}}, {"type": "Feature", "properties": {"uuid": "ddc11c7a-64c5-4fc2-b37f-4093f9bf0127", "layer": "buildings"}, "geometry": {"type": "Polygon", "coordinates": [[[286902.95054080535, 79514.66780040631], [286892.4771748722, 79522.08996158649], [286901.0570094705, 79532.50953122525], [286910.3834165449, 79524.73341320173], [286902.95054080535, 79514.66780040631]]]}}, {"type": "Feature", "properties": {"uuid": "981ee307-2e4c-438c-88b3-e44be8f2624c", "layer": "buildings"}, "geometry": {"type": "Polygon", "coordinates": [[[286932.6568741832, 79518.57162887984], [286926.73859091545, 79525.89542788806], [286931.74681620544, 79529.1960304802], [286937.2936774503, 79522.25899767425], [286932.6568741832, 79518.57162887984]]]}}, {"type": "Feature", "properties": {"uuid": "5e82c2f1-6271-4425-ad1b-f73a774e8121", "layer": "buildings"}, "geometry": {"type": "Polygon", "coordinates": [[[286964.42839292873, 79512.58378027263], [286958.5508931032, 79521.80037752778], [286968.17137802165, 79527.65270804774], [286974.0488874244, 79518.43613216016], [286964.42839292873, 79512.58378027263]]]}}, {"type": "Feature", "properties": {"uuid": "6bd0024b-2b96-4635-b887-377730658412", "layer": "buildings"}, "geometry": {"type": "Polygon", "coordinates": [[[286882.80673813075, 79478.74321119356], [286868.5046749271, 79484.73314107931], [286872.50495637517, 79494.11538564536], [286878.5212730393, 79491.3342945808], [286876.1047659802, 79484.9478076931], [286878.73741998046, 79483.75474005667], [286881.5335198043, 79490.13303507568], [286879.66005933477, 79491.30971079599], [286893.501554923, 79516.76546105681], [286901.38314100873, 79512.42917557855], [286882.80673813075, 79478.74321119356]]]}}, {"type": "Feature", "properties": {"uuid": "14b0f68c-9950-4068-a1d6-cdb09491fa85", "layer": "buildings"}, "geometry": {"type": "Polygon", "coordinates": [[[286971.1915586203, 79491.60702761341], [286959.7099352544, 79505.11071599514], [286965.51817719673, 79510.2878179349], [286977.3712328508, 79496.39740089042], [286971.1915586203, 79491.60702761341]]]}}, {"type": "Feature", "properties": {"uuid": "a97f8fdf-53a6-43ee-a98e-c84da76601b2", "layer": "buildings"}, "geometry": {"type": "Polygon", "coordinates": [[[286941.27704075025, 79495.66106700117], [286933.4934201614, 79504.54010682311], [286939.30985770415, 79510.09574759327], [286947.4730738845, 79501.20853613023], [286941.27704075025, 79495.66106700117]]]}}, {"type": "Feature", "properties": {"uuid": "216adc23-7f1c-4b1e-9a86-07725e60584d", "layer": "buildings"}, "geometry": {"type": "Polygon", "coordinates": [[[286823.7661122214, 79505.77265837751], [286818.8640915549, 79507.39350942877], [286821.3051896872, 79514.9156433332], [286826.2153801649, 79513.67336283237], [286823.7661122214, 79505.77265837751]]]}}, {"type": "Feature", "properties": {"uuid": "2c45acdb-f0c6-4b5d-b20a-f3447e8a8694", "layer": "buildings"}, "geometry": {"type": "Polygon", "coordinates": [[[286860.2107811154, 79487.56342226919], [286854.5495419942, 79489.20063654135], [286858.99483155354, 79501.60320415272], [286864.6478849102, 79499.58743095849], [286860.2107811154, 79487.56342226919]]]}}, {"type": "Feature", "properties": {"uuid": "9e665935-6148-40f1-a6ea-a45cc2252155", "layer": "buildings"}, "geometry": {"type": "Polygon", "coordinates": [[[287097.67684747244, 79550.0], [287100.0, 79547.00853324834], [287100.0, 79541.68994040377], [287092.1470093857, 79535.58463149649], [287085.4856623031, 79543.68170665673], [287093.9169518529, 79550.0], [287097.67684747244, 79550.0]]]}}]}